insert into td_quiz_work_use(quiz_seq,work_seq,del_yn,creator_seq,cre_dt,updator_seq,upd_dt)values(10,100,'N',100,now(),100,now());
insert into td_quiz_work_use(quiz_seq,work_seq,del_yn,creator_seq,cre_dt,updator_seq,upd_dt)values(11,101,'N',100,now(),100,now());
insert into td_quiz_work_use(quiz_seq,work_seq,del_yn,creator_seq,cre_dt,updator_seq,upd_dt)values(12,108,'N',100,now(),100,now());
insert into td_quiz_work_use(quiz_seq,work_seq,del_yn,creator_seq,cre_dt,updator_seq,upd_dt)values(13,109,'N',100,now(),100,now());
insert into td_quiz_work_use(quiz_seq,work_seq,del_yn,creator_seq,cre_dt,updator_seq,upd_dt)values(14,118,'N',100,now(),100,now());
insert into td_quiz_work_use(quiz_seq,work_seq,del_yn,creator_seq,cre_dt,updator_seq,upd_dt)values(15,119,'N',100,now(),100,now());
insert into td_quiz_work_use(quiz_seq,work_seq,del_yn,creator_seq,cre_dt,updator_seq,upd_dt)values(16,127,'N',100,now(),100,now());
insert into td_quiz_work_use(quiz_seq,work_seq,del_yn,creator_seq,cre_dt,updator_seq,upd_dt)values(17,128,'N',100,now(),100,now());
insert into td_quiz_work_use(quiz_seq,work_seq,del_yn,creator_seq,cre_dt,updator_seq,upd_dt)values(18,135,'N',100,now(),100,now());
insert into td_quiz_work_use(quiz_seq,work_seq,del_yn,creator_seq,cre_dt,updator_seq,upd_dt)values(19,136,'N',100,now(),100,now());
insert into td_quiz_work_use(quiz_seq,work_seq,del_yn,creator_seq,cre_dt,updator_seq,upd_dt)values(20,143,'N',100,now(),100,now());
insert into td_quiz_work_use(quiz_seq,work_seq,del_yn,creator_seq,cre_dt,updator_seq,upd_dt)values(21,144,'N',100,now(),100,now());
insert into td_quiz_work_use(quiz_seq,work_seq,del_yn,creator_seq,cre_dt,updator_seq,upd_dt)values(24,151,'N',100,now(),100,now());
insert into td_quiz_work_use(quiz_seq,work_seq,del_yn,creator_seq,cre_dt,updator_seq,upd_dt)values(25,152,'N',100,now(),100,now());
insert into td_quiz_work_use(quiz_seq,work_seq,del_yn,creator_seq,cre_dt,updator_seq,upd_dt)values(26,159,'N',100,now(),100,now());
insert into td_quiz_work_use(quiz_seq,work_seq,del_yn,creator_seq,cre_dt,updator_seq,upd_dt)values(27,160,'N',100,now(),100,now());
insert into td_quiz_work_use(quiz_seq,work_seq,del_yn,creator_seq,cre_dt,updator_seq,upd_dt)values(30,167,'N',100,now(),100,now());
insert into td_quiz_work_use(quiz_seq,work_seq,del_yn,creator_seq,cre_dt,updator_seq,upd_dt)values(31,168,'N',100,now(),100,now());
insert into td_quiz_work_use(quiz_seq,work_seq,del_yn,creator_seq,cre_dt,updator_seq,upd_dt)values(32,175,'N',100,now(),100,now());
insert into td_quiz_work_use(quiz_seq,work_seq,del_yn,creator_seq,cre_dt,updator_seq,upd_dt)values(33,176,'N',100,now(),100,now());
insert into td_quiz_work_use(quiz_seq,work_seq,del_yn,creator_seq,cre_dt,updator_seq,upd_dt)values(36,183,'N',100,now(),100,now());
insert into td_quiz_work_use(quiz_seq,work_seq,del_yn,creator_seq,cre_dt,updator_seq,upd_dt)values(37,184,'N',100,now(),100,now());
insert into td_quiz_work_use(quiz_seq,work_seq,del_yn,creator_seq,cre_dt,updator_seq,upd_dt)values(38,191,'N',100,now(),100,now());
insert into td_quiz_work_use(quiz_seq,work_seq,del_yn,creator_seq,cre_dt,updator_seq,upd_dt)values(39,192,'N',100,now(),100,now());
insert into td_quiz_work_use(quiz_seq,work_seq,del_yn,creator_seq,cre_dt,updator_seq,upd_dt)values(42,199,'N',100,now(),100,now());
insert into td_quiz_work_use(quiz_seq,work_seq,del_yn,creator_seq,cre_dt,updator_seq,upd_dt)values(43,200,'N',100,now(),100,now());
insert into td_quiz_work_use(quiz_seq,work_seq,del_yn,creator_seq,cre_dt,updator_seq,upd_dt)values(40,207,'N',100,now(),100,now());
insert into td_quiz_work_use(quiz_seq,work_seq,del_yn,creator_seq,cre_dt,updator_seq,upd_dt)values(41,208,'N',100,now(),100,now());
insert into td_quiz_work_use(quiz_seq,work_seq,del_yn,creator_seq,cre_dt,updator_seq,upd_dt)values(34,215,'N',100,now(),100,now());
insert into td_quiz_work_use(quiz_seq,work_seq,del_yn,creator_seq,cre_dt,updator_seq,upd_dt)values(35,216,'N',100,now(),100,now());
insert into td_quiz_work_use(quiz_seq,work_seq,del_yn,creator_seq,cre_dt,updator_seq,upd_dt)values(28,226,'N',100,now(),100,now());
insert into td_quiz_work_use(quiz_seq,work_seq,del_yn,creator_seq,cre_dt,updator_seq,upd_dt)values(29,227,'N',100,now(),100,now());
insert into td_quiz_work_use(quiz_seq,work_seq,del_yn,creator_seq,cre_dt,updator_seq,upd_dt)values(22,234,'N',100,now(),100,now());
insert into td_quiz_work_use(quiz_seq,work_seq,del_yn,creator_seq,cre_dt,updator_seq,upd_dt)values(23,235,'N',100,now(),100,now());
insert into td_quiz_work_use(quiz_seq,work_seq,del_yn,creator_seq,cre_dt,updator_seq,upd_dt)values(46,243,'N',100,now(),100,now());
insert into td_quiz_work_use(quiz_seq,work_seq,del_yn,creator_seq,cre_dt,updator_seq,upd_dt)values(47,244,'N',100,now(),100,now());
insert into td_quiz_work_use(quiz_seq,work_seq,del_yn,creator_seq,cre_dt,updator_seq,upd_dt)values(48,251,'N',100,now(),100,now());
insert into td_quiz_work_use(quiz_seq,work_seq,del_yn,creator_seq,cre_dt,updator_seq,upd_dt)values(49,252,'N',100,now(),100,now());
insert into td_quiz_work_use(quiz_seq,work_seq,del_yn,creator_seq,cre_dt,updator_seq,upd_dt)values(50,259,'N',100,now(),100,now());
insert into td_quiz_work_use(quiz_seq,work_seq,del_yn,creator_seq,cre_dt,updator_seq,upd_dt)values(51,260,'N',100,now(),100,now());
insert into td_quiz_work_use(quiz_seq,work_seq,del_yn,creator_seq,cre_dt,updator_seq,upd_dt)values(55,267,'N',100,now(),100,now());
insert into td_quiz_work_use(quiz_seq,work_seq,del_yn,creator_seq,cre_dt,updator_seq,upd_dt)values(56,268,'N',100,now(),100,now());
insert into td_quiz_work_use(quiz_seq,work_seq,del_yn,creator_seq,cre_dt,updator_seq,upd_dt)values(57,277,'N',100,now(),100,now());
insert into td_quiz_work_use(quiz_seq,work_seq,del_yn,creator_seq,cre_dt,updator_seq,upd_dt)values(58,278,'N',100,now(),100,now());
insert into td_quiz_work_use(quiz_seq,work_seq,del_yn,creator_seq,cre_dt,updator_seq,upd_dt)values(60,285,'N',100,now(),100,now());
insert into td_quiz_work_use(quiz_seq,work_seq,del_yn,creator_seq,cre_dt,updator_seq,upd_dt)values(61,286,'N',100,now(),100,now());
insert into td_quiz_work_use(quiz_seq,work_seq,del_yn,creator_seq,cre_dt,updator_seq,upd_dt)values(62,293,'N',100,now(),100,now());
insert into td_quiz_work_use(quiz_seq,work_seq,del_yn,creator_seq,cre_dt,updator_seq,upd_dt)values(63,294,'N',100,now(),100,now());
insert into td_quiz_work_use(quiz_seq,work_seq,del_yn,creator_seq,cre_dt,updator_seq,upd_dt)values(64,301,'N',100,now(),100,now());
insert into td_quiz_work_use(quiz_seq,work_seq,del_yn,creator_seq,cre_dt,updator_seq,upd_dt)values(65,302,'N',100,now(),100,now());
insert into td_quiz_work_use(quiz_seq,work_seq,del_yn,creator_seq,cre_dt,updator_seq,upd_dt)values(66,309,'N',100,now(),100,now());
insert into td_quiz_work_use(quiz_seq,work_seq,del_yn,creator_seq,cre_dt,updator_seq,upd_dt)values(67,310,'N',100,now(),100,now());
insert into td_quiz_work_use(quiz_seq,work_seq,del_yn,creator_seq,cre_dt,updator_seq,upd_dt)values(68,317,'N',100,now(),100,now());
insert into td_quiz_work_use(quiz_seq,work_seq,del_yn,creator_seq,cre_dt,updator_seq,upd_dt)values(69,318,'N',100,now(),100,now());
insert into td_quiz_work_use(quiz_seq,work_seq,del_yn,creator_seq,cre_dt,updator_seq,upd_dt)values(70,325,'N',100,now(),100,now());
insert into td_quiz_work_use(quiz_seq,work_seq,del_yn,creator_seq,cre_dt,updator_seq,upd_dt)values(71,326,'N',100,now(),100,now());
insert into td_quiz_work_use(quiz_seq,work_seq,del_yn,creator_seq,cre_dt,updator_seq,upd_dt)values(72,333,'N',100,now(),100,now());
insert into td_quiz_work_use(quiz_seq,work_seq,del_yn,creator_seq,cre_dt,updator_seq,upd_dt)values(73,334,'N',100,now(),100,now());
insert into td_quiz_work_use(quiz_seq,work_seq,del_yn,creator_seq,cre_dt,updator_seq,upd_dt)values(74,341,'N',100,now(),100,now());
insert into td_quiz_work_use(quiz_seq,work_seq,del_yn,creator_seq,cre_dt,updator_seq,upd_dt)values(75,342,'N',100,now(),100,now());
insert into td_quiz_work_use(quiz_seq,work_seq,del_yn,creator_seq,cre_dt,updator_seq,upd_dt)values(76,351,'N',100,now(),100,now());
insert into td_quiz_work_use(quiz_seq,work_seq,del_yn,creator_seq,cre_dt,updator_seq,upd_dt)values(77,352,'N',100,now(),100,now());
insert into td_quiz_work_use(quiz_seq,work_seq,del_yn,creator_seq,cre_dt,updator_seq,upd_dt)values(78,359,'N',100,now(),100,now());
insert into td_quiz_work_use(quiz_seq,work_seq,del_yn,creator_seq,cre_dt,updator_seq,upd_dt)values(79,360,'N',100,now(),100,now());

insert into td_quiz_user_map(quiz_user_seq, quiz_seq, user_seq, user_answer, answer_cnt, suces_yn, del_yn, creator_seq, cre_dt, updator_seq, upd_dt) values (100,10 ,103,'lot',1,'Y','N',100,now(),100,now());
insert into td_quiz_user_map(quiz_user_seq, quiz_seq, user_seq, user_answer, answer_cnt, suces_yn, del_yn, creator_seq, cre_dt, updator_seq, upd_dt) values (101,11 ,104,'name',1,'Y','N',100,now(),100,now());
insert into td_quiz_user_map(quiz_user_seq, quiz_seq, user_seq, user_answer, answer_cnt, suces_yn, del_yn, creator_seq, cre_dt, updator_seq, upd_dt) values (102,12 ,103,'hand',1,'Y','N',100,now(),100,now());
insert into td_quiz_user_map(quiz_user_seq, quiz_seq, user_seq, user_answer, answer_cnt, suces_yn, del_yn, creator_seq, cre_dt, updator_seq, upd_dt) values (103,13 ,104,'place',1,'Y','N',100,now(),100,now());
insert into td_quiz_user_map(quiz_user_seq, quiz_seq, user_seq, user_answer, answer_cnt, suces_yn, del_yn, creator_seq, cre_dt, updator_seq, upd_dt) values (104,14 ,103,'practice',1,'Y','N',100,now(),100,now());
insert into td_quiz_user_map(quiz_user_seq, quiz_seq, user_seq, user_answer, answer_cnt, suces_yn, del_yn, creator_seq, cre_dt, updator_seq, upd_dt) values (105,15 ,104,'work',1,'Y','N',100,now(),100,now());
insert into td_quiz_user_map(quiz_user_seq, quiz_seq, user_seq, user_answer, answer_cnt, suces_yn, del_yn, creator_seq, cre_dt, updator_seq, upd_dt) values (106,16 ,103,'use',1,'Y','N',100,now(),100,now());
insert into td_quiz_user_map(quiz_user_seq, quiz_seq, user_seq, user_answer, answer_cnt, suces_yn, del_yn, creator_seq, cre_dt, updator_seq, upd_dt) values (107,17 ,104,'kind',1,'Y','N',100,now(),100,now());
insert into td_quiz_user_map(quiz_user_seq, quiz_seq, user_seq, user_answer, answer_cnt, suces_yn, del_yn, creator_seq, cre_dt, updator_seq, upd_dt) values (108,18 ,103,'have',1,'Y','N',100,now(),100,now());
insert into td_quiz_user_map(quiz_user_seq, quiz_seq, user_seq, user_answer, answer_cnt, suces_yn, del_yn, creator_seq, cre_dt, updator_seq, upd_dt) values (109,19 ,104,'make',1,'Y','N',100,now(),100,now());
insert into td_quiz_user_map(quiz_user_seq, quiz_seq, user_seq, user_answer, answer_cnt, suces_yn, del_yn, creator_seq, cre_dt, updator_seq, upd_dt) values (110,20 ,103,'let',1,'Y','N',100,now(),100,now());
insert into td_quiz_user_map(quiz_user_seq, quiz_seq, user_seq, user_answer, answer_cnt, suces_yn, del_yn, creator_seq, cre_dt, updator_seq, upd_dt) values (111,21 ,104,'get',1,'Y','N',100,now(),100,now());
insert into td_quiz_user_map(quiz_user_seq, quiz_seq, user_seq, user_answer, answer_cnt, suces_yn, del_yn, creator_seq, cre_dt, updator_seq, upd_dt) values (112,24 ,103,'different',1,'Y','N',100,now(),100,now());
insert into td_quiz_user_map(quiz_user_seq, quiz_seq, user_seq, user_answer, answer_cnt, suces_yn, del_yn, creator_seq, cre_dt, updator_seq, upd_dt) values (113,25 ,104,'important',1,'Y','N',100,now(),100,now());
insert into td_quiz_user_map(quiz_user_seq, quiz_seq, user_seq, user_answer, answer_cnt, suces_yn, del_yn, creator_seq, cre_dt, updator_seq, upd_dt) values (114,26 ,103,'other',1,'Y','N',100,now(),100,now());
insert into td_quiz_user_map(quiz_user_seq, quiz_seq, user_seq, user_answer, answer_cnt, suces_yn, del_yn, creator_seq, cre_dt, updator_seq, upd_dt) values (115,27 ,104,'right',1,'Y','N',100,now(),100,now());
insert into td_quiz_user_map(quiz_user_seq, quiz_seq, user_seq, user_answer, answer_cnt, suces_yn, del_yn, creator_seq, cre_dt, updator_seq, upd_dt) values (116,30 ,103,'well',1,'Y','N',100,now(),100,now());
insert into td_quiz_user_map(quiz_user_seq, quiz_seq, user_seq, user_answer, answer_cnt, suces_yn, del_yn, creator_seq, cre_dt, updator_seq, upd_dt) values (117,31 ,104,'person',1,'Y','N',100,now(),100,now());
insert into td_quiz_user_map(quiz_user_seq, quiz_seq, user_seq, user_answer, answer_cnt, suces_yn, del_yn, creator_seq, cre_dt, updator_seq, upd_dt) values (118,32 ,103,'clothes',1,'Y','N',100,now(),100,now());
insert into td_quiz_user_map(quiz_user_seq, quiz_seq, user_seq, user_answer, answer_cnt, suces_yn, del_yn, creator_seq, cre_dt, updator_seq, upd_dt) values (119,33 ,104,'movie',1,'Y','N',100,now(),100,now());
insert into td_quiz_user_map(quiz_user_seq, quiz_seq, user_seq, user_answer, answer_cnt, suces_yn, del_yn, creator_seq, cre_dt, updator_seq, upd_dt) values (120,36 ,103,'letter',1,'Y','N',100,now(),100,now());
insert into td_quiz_user_map(quiz_user_seq, quiz_seq, user_seq, user_answer, answer_cnt, suces_yn, del_yn, creator_seq, cre_dt, updator_seq, upd_dt) values (121,37 ,104,'fire',1,'Y','N',100,now(),100,now());
insert into td_quiz_user_map(quiz_user_seq, quiz_seq, user_seq, user_answer, answer_cnt, suces_yn, del_yn, creator_seq, cre_dt, updator_seq, upd_dt) values (122,38 ,103,'minute',1,'Y','N',100,now(),100,now());
insert into td_quiz_user_map(quiz_user_seq, quiz_seq, user_seq, user_answer, answer_cnt, suces_yn, del_yn, creator_seq, cre_dt, updator_seq, upd_dt) values (123,39 ,104,'part',1,'Y','N',100,now(),100,now());
insert into td_quiz_user_map(quiz_user_seq, quiz_seq, user_seq, user_answer, answer_cnt, suces_yn, del_yn, creator_seq, cre_dt, updator_seq, upd_dt) values (124,42 ,103,'park',1,'Y','N',100,now(),100,now());
insert into td_quiz_user_map(quiz_user_seq, quiz_seq, user_seq, user_answer, answer_cnt, suces_yn, del_yn, creator_seq, cre_dt, updator_seq, upd_dt) values (125,43 ,104,'call',1,'Y','N',100,now(),100,now());
insert into td_quiz_user_map(quiz_user_seq, quiz_seq, user_seq, user_answer, answer_cnt, suces_yn, del_yn, creator_seq, cre_dt, updator_seq, upd_dt) values (126,40 ,103,'plan',1,'Y','N',100,now(),100,now());
insert into td_quiz_user_map(quiz_user_seq, quiz_seq, user_seq, user_answer, answer_cnt, suces_yn, del_yn, creator_seq, cre_dt, updator_seq, upd_dt) values (127,41,104,'plant',1,'Y','N',100,now(),100,now());
insert into td_quiz_user_map(quiz_user_seq, quiz_seq, user_seq, user_answer, answer_cnt, suces_yn, del_yn, creator_seq, cre_dt, updator_seq, upd_dt) values (128,34,103,'activity',1,'Y','N',100,now(),100,now());
insert into td_quiz_user_map(quiz_user_seq, quiz_seq, user_seq, user_answer, answer_cnt, suces_yn, del_yn, creator_seq, cre_dt, updator_seq, upd_dt) values (129,35,104,'example',1,'Y','N',100,now(),100,now());
insert into td_quiz_user_map(quiz_user_seq, quiz_seq, user_seq, user_answer, answer_cnt, suces_yn, del_yn, creator_seq, cre_dt, updator_seq, upd_dt) values (130,28,103,'sure',1,'Y','N',100,now(),100,now());
insert into td_quiz_user_map(quiz_user_seq, quiz_seq, user_seq, user_answer, answer_cnt, suces_yn, del_yn, creator_seq, cre_dt, updator_seq, upd_dt) values (131,29,104,'too',1,'Y','N',100,now(),100,now());
insert into td_quiz_user_map(quiz_user_seq, quiz_seq, user_seq, user_answer, answer_cnt, suces_yn, del_yn, creator_seq, cre_dt, updator_seq, upd_dt) values (132,22,103,'take',1,'Y','N',100,now(),100,now());
insert into td_quiz_user_map(quiz_user_seq, quiz_seq, user_seq, user_answer, answer_cnt, suces_yn, del_yn, creator_seq, cre_dt, updator_seq, upd_dt) values (133,23,104,'live',1,'Y','N',100,now(),100,now());
insert into td_quiz_user_map(quiz_user_seq, quiz_seq, user_seq, user_answer, answer_cnt, suces_yn, del_yn, creator_seq, cre_dt, updator_seq, upd_dt) values (134,46,103,'fun',1,'Y','N',100,now(),100,now());
insert into td_quiz_user_map(quiz_user_seq, quiz_seq, user_seq, user_answer, answer_cnt, suces_yn, del_yn, creator_seq, cre_dt, updator_seq, upd_dt) values (135,47,104,'future',1,'Y','N',100,now(),100,now());
insert into td_quiz_user_map(quiz_user_seq, quiz_seq, user_seq, user_answer, answer_cnt, suces_yn, del_yn, creator_seq, cre_dt, updator_seq, upd_dt) values (136,48,103,'keep',1,'Y','N',100,now(),100,now());
insert into td_quiz_user_map(quiz_user_seq, quiz_seq, user_seq, user_answer, answer_cnt, suces_yn, del_yn, creator_seq, cre_dt, updator_seq, upd_dt) values (137,49,104,'listen',1,'Y','N',100,now(),100,now());
insert into td_quiz_user_map(quiz_user_seq, quiz_seq, user_seq, user_answer, answer_cnt, suces_yn, del_yn, creator_seq, cre_dt, updator_seq, upd_dt) values (138,50,103,'find',1,'Y','N',100,now(),100,now());
insert into td_quiz_user_map(quiz_user_seq, quiz_seq, user_seq, user_answer, answer_cnt, suces_yn, del_yn, creator_seq, cre_dt, updator_seq, upd_dt) values (139,51,104,'learn',1,'Y','N',100,now(),100,now());
insert into td_quiz_user_map(quiz_user_seq, quiz_seq, user_seq, user_answer, answer_cnt, suces_yn, del_yn, creator_seq, cre_dt, updator_seq, upd_dt) values (140,55,103,'each',1,'Y','N',100,now(),100,now());
insert into td_quiz_user_map(quiz_user_seq, quiz_seq, user_seq, user_answer, answer_cnt, suces_yn, del_yn, creator_seq, cre_dt, updator_seq, upd_dt) values (141,56,104,'another',1,'Y','N',100,now(),100,now());
insert into td_quiz_user_map(quiz_user_seq, quiz_seq, user_seq, user_answer, answer_cnt, suces_yn, del_yn, creator_seq, cre_dt, updator_seq, upd_dt) values (142,57,103,'same',1,'Y','N',100,now(),100,now());
insert into td_quiz_user_map(quiz_user_seq, quiz_seq, user_seq, user_answer, answer_cnt, suces_yn, del_yn, creator_seq, cre_dt, updator_seq, upd_dt) values (143,58,104,'hard',1,'Y','N',100,now(),100,now());
insert into td_quiz_user_map(quiz_user_seq, quiz_seq, user_seq, user_answer, answer_cnt, suces_yn, del_yn, creator_seq, cre_dt, updator_seq, upd_dt) values (144,60,103,'really',1,'Y','N',100,now(),100,now());
insert into td_quiz_user_map(quiz_user_seq, quiz_seq, user_seq, user_answer, answer_cnt, suces_yn, del_yn, creator_seq, cre_dt, updator_seq, upd_dt) values (145,61,104,'bird',1,'Y','N',100,now(),100,now());
insert into td_quiz_user_map(quiz_user_seq, quiz_seq, user_seq, user_answer, answer_cnt, suces_yn, del_yn, creator_seq, cre_dt, updator_seq, upd_dt) values (146,62,103,'trip',1,'Y','N',100,now(),100,now());
insert into td_quiz_user_map(quiz_user_seq, quiz_seq, user_seq, user_answer, answer_cnt, suces_yn, del_yn, creator_seq, cre_dt, updator_seq, upd_dt) values (147,63,104,'vacation',1,'Y','N',100,now(),100,now());
insert into td_quiz_user_map(quiz_user_seq, quiz_seq, user_seq, user_answer, answer_cnt, suces_yn, del_yn, creator_seq, cre_dt, updator_seq, upd_dt) values (148,64,103,'course',1,'Y','N',100,now(),100,now());
insert into td_quiz_user_map(quiz_user_seq, quiz_seq, user_seq, user_answer, answer_cnt, suces_yn, del_yn, creator_seq, cre_dt, updator_seq, upd_dt) values (149,65,104,'space',1,'Y','N',100,now(),100,now());
insert into td_quiz_user_map(quiz_user_seq, quiz_seq, user_seq, user_answer, answer_cnt, suces_yn, del_yn, creator_seq, cre_dt, updator_seq, upd_dt) values (150,66,103,'street',1,'Y','N',100,now(),100,now());
insert into td_quiz_user_map(quiz_user_seq, quiz_seq, user_seq, user_answer, answer_cnt, suces_yn, del_yn, creator_seq, cre_dt, updator_seq, upd_dt) values (151,67,104,'side',1,'Y','N',100,now(),100,now());
insert into td_quiz_user_map(quiz_user_seq, quiz_seq, user_seq, user_answer, answer_cnt, suces_yn, del_yn, creator_seq, cre_dt, updator_seq, upd_dt) values (152,68,103,'paper',1,'Y','N',100,now(),100,now());
insert into td_quiz_user_map(quiz_user_seq, quiz_seq, user_seq, user_answer, answer_cnt, suces_yn, del_yn, creator_seq, cre_dt, updator_seq, upd_dt) values (153,69,104,'newspaper',1,'Y','N',100,now(),100,now());
insert into td_quiz_user_map(quiz_user_seq, quiz_seq, user_seq, user_answer, answer_cnt, suces_yn, del_yn, creator_seq, cre_dt, updator_seq, upd_dt) values (154,70,103,'face',1,'Y','N',100,now(),100,now());
insert into td_quiz_user_map(quiz_user_seq, quiz_seq, user_seq, user_answer, answer_cnt, suces_yn, del_yn, creator_seq, cre_dt, updator_seq, upd_dt) values (155,71,104,'mind',1,'Y','N',100,now(),100,now());
insert into td_quiz_user_map(quiz_user_seq, quiz_seq, user_seq, user_answer, answer_cnt, suces_yn, del_yn, creator_seq, cre_dt, updator_seq, upd_dt) values (156,72,103,'volunteer',1,'Y','N',100,now(),100,now());
insert into td_quiz_user_map(quiz_user_seq, quiz_seq, user_seq, user_answer, answer_cnt, suces_yn, del_yn, creator_seq, cre_dt, updator_seq, upd_dt) values (157,73,104,'change',1,'Y','N',100,now(),100,now());
insert into td_quiz_user_map(quiz_user_seq, quiz_seq, user_seq, user_answer, answer_cnt, suces_yn, del_yn, creator_seq, cre_dt, updator_seq, upd_dt) values (158,74,103,'visit',1,'Y','N',100,now(),100,now());
insert into td_quiz_user_map(quiz_user_seq, quiz_seq, user_seq, user_answer, answer_cnt, suces_yn, del_yn, creator_seq, cre_dt, updator_seq, upd_dt) values (159,75,104,'start',1,'Y','N',100,now(),100,now());
insert into td_quiz_user_map(quiz_user_seq, quiz_seq, user_seq, user_answer, answer_cnt, suces_yn, del_yn, creator_seq, cre_dt, updator_seq, upd_dt) values (160,76,103,'watch',1,'Y','N',100,now(),100,now());
insert into td_quiz_user_map(quiz_user_seq, quiz_seq, user_seq, user_answer, answer_cnt, suces_yn, del_yn, creator_seq, cre_dt, updator_seq, upd_dt) values (161,77,104,'light',1,'Y','N',100,now(),100,now());
insert into td_quiz_user_map(quiz_user_seq, quiz_seq, user_seq, user_answer, answer_cnt, suces_yn, del_yn, creator_seq, cre_dt, updator_seq, upd_dt) values (162,78,103,'present',1,'Y','N',100,now(),100,now());
insert into td_quiz_user_map(quiz_user_seq, quiz_seq, user_seq, user_answer, answer_cnt, suces_yn, del_yn, creator_seq, cre_dt, updator_seq, upd_dt) values (163,79,104,'favorite',1,'Y','N',100,now(),100,now());


insert into td_todo_setle(todo_setle_seq, worker_seq, acount_seq, setle_desc, total_setle_point, setle_dt, del_yn, creator_seq, cre_dt, updator_seq, upd_dt) values (100,103,101,'정기 정산',19000,'2023-09-07','N',100,now(),100,now());
insert into td_todo_setle(todo_setle_seq, worker_seq, acount_seq, setle_desc, total_setle_point, setle_dt, del_yn, creator_seq, cre_dt, updator_seq, upd_dt) values (101,104,101,'정기 정산',17000,'2023-09-07','N',100,now(),100,now());
insert into td_todo_setle(todo_setle_seq, worker_seq, acount_seq, setle_desc, total_setle_point, setle_dt, del_yn, creator_seq, cre_dt, updator_seq, upd_dt) values (102,103,101,'정기 정산',26000,'2023-09-14','N',100,now(),100,now());
insert into td_todo_setle(todo_setle_seq, worker_seq, acount_seq, setle_desc, total_setle_point, setle_dt, del_yn, creator_seq, cre_dt, updator_seq, upd_dt) values (103,104,101,'정기 정산',24000,'2023-09-14','N',100,now(),100,now());
insert into td_todo_setle(todo_setle_seq, worker_seq, acount_seq, setle_desc, total_setle_point, setle_dt, del_yn, creator_seq, cre_dt, updator_seq, upd_dt) values (104,103,101,'정기 정산',27000,'2023-09-21','N',100,now(),100,now());
insert into td_todo_setle(todo_setle_seq, worker_seq, acount_seq, setle_desc, total_setle_point, setle_dt, del_yn, creator_seq, cre_dt, updator_seq, upd_dt) values (105,104,101,'정기 정산',28000,'2023-09-21','N',100,now(),100,now());
insert into td_todo_setle(todo_setle_seq, worker_seq, acount_seq, setle_desc, total_setle_point, setle_dt, del_yn, creator_seq, cre_dt, updator_seq, upd_dt) values (106,103,101,'정기 정산',27000,'2023-09-28','N',100,now(),100,now());
insert into td_todo_setle(todo_setle_seq, worker_seq, acount_seq, setle_desc, total_setle_point, setle_dt, del_yn, creator_seq, cre_dt, updator_seq, upd_dt) values (107,104,101,'정기 정산',32000,'2023-09-28','N',100,now(),100,now());

insert into td_todo_setle_dtl(todo_setle_seq, work_seq, del_yn, creator_seq, cre_dt, updator_seq, upd_dt) values (100,100,'N',100,now(),100,now());
insert into td_todo_setle_dtl(todo_setle_seq, work_seq, del_yn, creator_seq, cre_dt, updator_seq, upd_dt) values (100,102,'N',100,now(),100,now());
insert into td_todo_setle_dtl(todo_setle_seq, work_seq, del_yn, creator_seq, cre_dt, updator_seq, upd_dt) values (100,104,'N',100,now(),100,now());
insert into td_todo_setle_dtl(todo_setle_seq, work_seq, del_yn, creator_seq, cre_dt, updator_seq, upd_dt) values (100,106,'N',100,now(),100,now());
insert into td_todo_setle_dtl(todo_setle_seq, work_seq, del_yn, creator_seq, cre_dt, updator_seq, upd_dt) values (100,108,'N',100,now(),100,now());
insert into td_todo_setle_dtl(todo_setle_seq, work_seq, del_yn, creator_seq, cre_dt, updator_seq, upd_dt) values (100,110,'N',100,now(),100,now());
insert into td_todo_setle_dtl(todo_setle_seq, work_seq, del_yn, creator_seq, cre_dt, updator_seq, upd_dt) values (100,112,'N',100,now(),100,now());
insert into td_todo_setle_dtl(todo_setle_seq, work_seq, del_yn, creator_seq, cre_dt, updator_seq, upd_dt) values (100,114,'N',100,now(),100,now());
insert into td_todo_setle_dtl(todo_setle_seq, work_seq, del_yn, creator_seq, cre_dt, updator_seq, upd_dt) values (100,116,'N',100,now(),100,now());
insert into td_todo_setle_dtl(todo_setle_seq, work_seq, del_yn, creator_seq, cre_dt, updator_seq, upd_dt) values (100,118,'N',100,now(),100,now());
insert into td_todo_setle_dtl(todo_setle_seq, work_seq, del_yn, creator_seq, cre_dt, updator_seq, upd_dt) values (100,120,'N',100,now(),100,now());
insert into td_todo_setle_dtl(todo_setle_seq, work_seq, del_yn, creator_seq, cre_dt, updator_seq, upd_dt) values (100,122,'N',100,now(),100,now());
insert into td_todo_setle_dtl(todo_setle_seq, work_seq, del_yn, creator_seq, cre_dt, updator_seq, upd_dt) values (100,124,'N',100,now(),100,now());
insert into td_todo_setle_dtl(todo_setle_seq, work_seq, del_yn, creator_seq, cre_dt, updator_seq, upd_dt) values (100,126,'N',100,now(),100,now());
insert into td_todo_setle_dtl(todo_setle_seq, work_seq, del_yn, creator_seq, cre_dt, updator_seq, upd_dt) values (100,127,'N',100,now(),100,now());
insert into td_todo_setle_dtl(todo_setle_seq, work_seq, del_yn, creator_seq, cre_dt, updator_seq, upd_dt) values (100,129,'N',100,now(),100,now());
insert into td_todo_setle_dtl(todo_setle_seq, work_seq, del_yn, creator_seq, cre_dt, updator_seq, upd_dt) values (100,131,'N',100,now(),100,now());
insert into td_todo_setle_dtl(todo_setle_seq, work_seq, del_yn, creator_seq, cre_dt, updator_seq, upd_dt) values (100,133,'N',100,now(),100,now());
insert into td_todo_setle_dtl(todo_setle_seq, work_seq, del_yn, creator_seq, cre_dt, updator_seq, upd_dt) values (100,135,'N',100,now(),100,now());
insert into td_todo_setle_dtl(todo_setle_seq, work_seq, del_yn, creator_seq, cre_dt, updator_seq, upd_dt) values (100,137,'N',100,now(),100,now());
insert into td_todo_setle_dtl(todo_setle_seq, work_seq, del_yn, creator_seq, cre_dt, updator_seq, upd_dt) values (100,139,'N',100,now(),100,now());
insert into td_todo_setle_dtl(todo_setle_seq, work_seq, del_yn, creator_seq, cre_dt, updator_seq, upd_dt) values (100,141,'N',100,now(),100,now());
insert into td_todo_setle_dtl(todo_setle_seq, work_seq, del_yn, creator_seq, cre_dt, updator_seq, upd_dt) values (100,143,'N',100,now(),100,now());
insert into td_todo_setle_dtl(todo_setle_seq, work_seq, del_yn, creator_seq, cre_dt, updator_seq, upd_dt) values (100,145,'N',100,now(),100,now());
insert into td_todo_setle_dtl(todo_setle_seq, work_seq, del_yn, creator_seq, cre_dt, updator_seq, upd_dt) values (100,147,'N',100,now(),100,now());
insert into td_todo_setle_dtl(todo_setle_seq, work_seq, del_yn, creator_seq, cre_dt, updator_seq, upd_dt) values (100,149,'N',100,now(),100,now());
insert into td_todo_setle_dtl(todo_setle_seq, work_seq, del_yn, creator_seq, cre_dt, updator_seq, upd_dt) values (101,101,'N',100,now(),100,now());
insert into td_todo_setle_dtl(todo_setle_seq, work_seq, del_yn, creator_seq, cre_dt, updator_seq, upd_dt) values (101,103,'N',100,now(),100,now());
insert into td_todo_setle_dtl(todo_setle_seq, work_seq, del_yn, creator_seq, cre_dt, updator_seq, upd_dt) values (101,105,'N',100,now(),100,now());
insert into td_todo_setle_dtl(todo_setle_seq, work_seq, del_yn, creator_seq, cre_dt, updator_seq, upd_dt) values (101,107,'N',100,now(),100,now());
insert into td_todo_setle_dtl(todo_setle_seq, work_seq, del_yn, creator_seq, cre_dt, updator_seq, upd_dt) values (101,109,'N',100,now(),100,now());
insert into td_todo_setle_dtl(todo_setle_seq, work_seq, del_yn, creator_seq, cre_dt, updator_seq, upd_dt) values (101,111,'N',100,now(),100,now());
insert into td_todo_setle_dtl(todo_setle_seq, work_seq, del_yn, creator_seq, cre_dt, updator_seq, upd_dt) values (101,113,'N',100,now(),100,now());
insert into td_todo_setle_dtl(todo_setle_seq, work_seq, del_yn, creator_seq, cre_dt, updator_seq, upd_dt) values (101,115,'N',100,now(),100,now());
insert into td_todo_setle_dtl(todo_setle_seq, work_seq, del_yn, creator_seq, cre_dt, updator_seq, upd_dt) values (101,117,'N',100,now(),100,now());
insert into td_todo_setle_dtl(todo_setle_seq, work_seq, del_yn, creator_seq, cre_dt, updator_seq, upd_dt) values (101,119,'N',100,now(),100,now());
insert into td_todo_setle_dtl(todo_setle_seq, work_seq, del_yn, creator_seq, cre_dt, updator_seq, upd_dt) values (101,121,'N',100,now(),100,now());
insert into td_todo_setle_dtl(todo_setle_seq, work_seq, del_yn, creator_seq, cre_dt, updator_seq, upd_dt) values (101,123,'N',100,now(),100,now());
insert into td_todo_setle_dtl(todo_setle_seq, work_seq, del_yn, creator_seq, cre_dt, updator_seq, upd_dt) values (101,125,'N',100,now(),100,now());
insert into td_todo_setle_dtl(todo_setle_seq, work_seq, del_yn, creator_seq, cre_dt, updator_seq, upd_dt) values (101,128,'N',100,now(),100,now());
insert into td_todo_setle_dtl(todo_setle_seq, work_seq, del_yn, creator_seq, cre_dt, updator_seq, upd_dt) values (101,130,'N',100,now(),100,now());
insert into td_todo_setle_dtl(todo_setle_seq, work_seq, del_yn, creator_seq, cre_dt, updator_seq, upd_dt) values (101,132,'N',100,now(),100,now());
insert into td_todo_setle_dtl(todo_setle_seq, work_seq, del_yn, creator_seq, cre_dt, updator_seq, upd_dt) values (101,134,'N',100,now(),100,now());
insert into td_todo_setle_dtl(todo_setle_seq, work_seq, del_yn, creator_seq, cre_dt, updator_seq, upd_dt) values (101,136,'N',100,now(),100,now());
insert into td_todo_setle_dtl(todo_setle_seq, work_seq, del_yn, creator_seq, cre_dt, updator_seq, upd_dt) values (101,138,'N',100,now(),100,now());
insert into td_todo_setle_dtl(todo_setle_seq, work_seq, del_yn, creator_seq, cre_dt, updator_seq, upd_dt) values (101,140,'N',100,now(),100,now());
insert into td_todo_setle_dtl(todo_setle_seq, work_seq, del_yn, creator_seq, cre_dt, updator_seq, upd_dt) values (101,142,'N',100,now(),100,now());
insert into td_todo_setle_dtl(todo_setle_seq, work_seq, del_yn, creator_seq, cre_dt, updator_seq, upd_dt) values (101,144,'N',100,now(),100,now());
insert into td_todo_setle_dtl(todo_setle_seq, work_seq, del_yn, creator_seq, cre_dt, updator_seq, upd_dt) values (101,146,'N',100,now(),100,now());
insert into td_todo_setle_dtl(todo_setle_seq, work_seq, del_yn, creator_seq, cre_dt, updator_seq, upd_dt) values (101,148,'N',100,now(),100,now());
insert into td_todo_setle_dtl(todo_setle_seq, work_seq, del_yn, creator_seq, cre_dt, updator_seq, upd_dt) values (101,150,'N',100,now(),100,now());
insert into td_todo_setle_dtl(todo_setle_seq, work_seq, del_yn, creator_seq, cre_dt, updator_seq, upd_dt) values (102,151,'N',100,now(),100,now());
insert into td_todo_setle_dtl(todo_setle_seq, work_seq, del_yn, creator_seq, cre_dt, updator_seq, upd_dt) values (102,153,'N',100,now(),100,now());
insert into td_todo_setle_dtl(todo_setle_seq, work_seq, del_yn, creator_seq, cre_dt, updator_seq, upd_dt) values (102,155,'N',100,now(),100,now());
insert into td_todo_setle_dtl(todo_setle_seq, work_seq, del_yn, creator_seq, cre_dt, updator_seq, upd_dt) values (102,157,'N',100,now(),100,now());
insert into td_todo_setle_dtl(todo_setle_seq, work_seq, del_yn, creator_seq, cre_dt, updator_seq, upd_dt) values (102,159,'N',100,now(),100,now());
insert into td_todo_setle_dtl(todo_setle_seq, work_seq, del_yn, creator_seq, cre_dt, updator_seq, upd_dt) values (102,161,'N',100,now(),100,now());
insert into td_todo_setle_dtl(todo_setle_seq, work_seq, del_yn, creator_seq, cre_dt, updator_seq, upd_dt) values (102,163,'N',100,now(),100,now());
insert into td_todo_setle_dtl(todo_setle_seq, work_seq, del_yn, creator_seq, cre_dt, updator_seq, upd_dt) values (102,165,'N',100,now(),100,now());
insert into td_todo_setle_dtl(todo_setle_seq, work_seq, del_yn, creator_seq, cre_dt, updator_seq, upd_dt) values (102,167,'N',100,now(),100,now());
insert into td_todo_setle_dtl(todo_setle_seq, work_seq, del_yn, creator_seq, cre_dt, updator_seq, upd_dt) values (102,169,'N',100,now(),100,now());
insert into td_todo_setle_dtl(todo_setle_seq, work_seq, del_yn, creator_seq, cre_dt, updator_seq, upd_dt) values (102,171,'N',100,now(),100,now());
insert into td_todo_setle_dtl(todo_setle_seq, work_seq, del_yn, creator_seq, cre_dt, updator_seq, upd_dt) values (102,173,'N',100,now(),100,now());
insert into td_todo_setle_dtl(todo_setle_seq, work_seq, del_yn, creator_seq, cre_dt, updator_seq, upd_dt) values (102,175,'N',100,now(),100,now());
insert into td_todo_setle_dtl(todo_setle_seq, work_seq, del_yn, creator_seq, cre_dt, updator_seq, upd_dt) values (102,177,'N',100,now(),100,now());
insert into td_todo_setle_dtl(todo_setle_seq, work_seq, del_yn, creator_seq, cre_dt, updator_seq, upd_dt) values (102,179,'N',100,now(),100,now());
insert into td_todo_setle_dtl(todo_setle_seq, work_seq, del_yn, creator_seq, cre_dt, updator_seq, upd_dt) values (102,181,'N',100,now(),100,now());
insert into td_todo_setle_dtl(todo_setle_seq, work_seq, del_yn, creator_seq, cre_dt, updator_seq, upd_dt) values (102,183,'N',100,now(),100,now());
insert into td_todo_setle_dtl(todo_setle_seq, work_seq, del_yn, creator_seq, cre_dt, updator_seq, upd_dt) values (102,185,'N',100,now(),100,now());
insert into td_todo_setle_dtl(todo_setle_seq, work_seq, del_yn, creator_seq, cre_dt, updator_seq, upd_dt) values (102,187,'N',100,now(),100,now());
insert into td_todo_setle_dtl(todo_setle_seq, work_seq, del_yn, creator_seq, cre_dt, updator_seq, upd_dt) values (102,189,'N',100,now(),100,now());
insert into td_todo_setle_dtl(todo_setle_seq, work_seq, del_yn, creator_seq, cre_dt, updator_seq, upd_dt) values (102,191,'N',100,now(),100,now());
insert into td_todo_setle_dtl(todo_setle_seq, work_seq, del_yn, creator_seq, cre_dt, updator_seq, upd_dt) values (102,193,'N',100,now(),100,now());
insert into td_todo_setle_dtl(todo_setle_seq, work_seq, del_yn, creator_seq, cre_dt, updator_seq, upd_dt) values (102,195,'N',100,now(),100,now());
insert into td_todo_setle_dtl(todo_setle_seq, work_seq, del_yn, creator_seq, cre_dt, updator_seq, upd_dt) values (102,197,'N',100,now(),100,now());
insert into td_todo_setle_dtl(todo_setle_seq, work_seq, del_yn, creator_seq, cre_dt, updator_seq, upd_dt) values (102,199,'N',100,now(),100,now());
insert into td_todo_setle_dtl(todo_setle_seq, work_seq, del_yn, creator_seq, cre_dt, updator_seq, upd_dt) values (102,201,'N',100,now(),100,now());
insert into td_todo_setle_dtl(todo_setle_seq, work_seq, del_yn, creator_seq, cre_dt, updator_seq, upd_dt) values (102,203,'N',100,now(),100,now());
insert into td_todo_setle_dtl(todo_setle_seq, work_seq, del_yn, creator_seq, cre_dt, updator_seq, upd_dt) values (102,205,'N',100,now(),100,now());
insert into td_todo_setle_dtl(todo_setle_seq, work_seq, del_yn, creator_seq, cre_dt, updator_seq, upd_dt) values (103,152,'N',100,now(),100,now());
insert into td_todo_setle_dtl(todo_setle_seq, work_seq, del_yn, creator_seq, cre_dt, updator_seq, upd_dt) values (103,154,'N',100,now(),100,now());
insert into td_todo_setle_dtl(todo_setle_seq, work_seq, del_yn, creator_seq, cre_dt, updator_seq, upd_dt) values (103,156,'N',100,now(),100,now());
insert into td_todo_setle_dtl(todo_setle_seq, work_seq, del_yn, creator_seq, cre_dt, updator_seq, upd_dt) values (103,158,'N',100,now(),100,now());
insert into td_todo_setle_dtl(todo_setle_seq, work_seq, del_yn, creator_seq, cre_dt, updator_seq, upd_dt) values (103,160,'N',100,now(),100,now());
insert into td_todo_setle_dtl(todo_setle_seq, work_seq, del_yn, creator_seq, cre_dt, updator_seq, upd_dt) values (103,162,'N',100,now(),100,now());
insert into td_todo_setle_dtl(todo_setle_seq, work_seq, del_yn, creator_seq, cre_dt, updator_seq, upd_dt) values (103,164,'N',100,now(),100,now());
insert into td_todo_setle_dtl(todo_setle_seq, work_seq, del_yn, creator_seq, cre_dt, updator_seq, upd_dt) values (103,166,'N',100,now(),100,now());
insert into td_todo_setle_dtl(todo_setle_seq, work_seq, del_yn, creator_seq, cre_dt, updator_seq, upd_dt) values (103,168,'N',100,now(),100,now());
insert into td_todo_setle_dtl(todo_setle_seq, work_seq, del_yn, creator_seq, cre_dt, updator_seq, upd_dt) values (103,170,'N',100,now(),100,now());
insert into td_todo_setle_dtl(todo_setle_seq, work_seq, del_yn, creator_seq, cre_dt, updator_seq, upd_dt) values (103,172,'N',100,now(),100,now());
insert into td_todo_setle_dtl(todo_setle_seq, work_seq, del_yn, creator_seq, cre_dt, updator_seq, upd_dt) values (103,174,'N',100,now(),100,now());
insert into td_todo_setle_dtl(todo_setle_seq, work_seq, del_yn, creator_seq, cre_dt, updator_seq, upd_dt) values (103,176,'N',100,now(),100,now());
insert into td_todo_setle_dtl(todo_setle_seq, work_seq, del_yn, creator_seq, cre_dt, updator_seq, upd_dt) values (103,178,'N',100,now(),100,now());
insert into td_todo_setle_dtl(todo_setle_seq, work_seq, del_yn, creator_seq, cre_dt, updator_seq, upd_dt) values (103,180,'N',100,now(),100,now());
insert into td_todo_setle_dtl(todo_setle_seq, work_seq, del_yn, creator_seq, cre_dt, updator_seq, upd_dt) values (103,182,'N',100,now(),100,now());
insert into td_todo_setle_dtl(todo_setle_seq, work_seq, del_yn, creator_seq, cre_dt, updator_seq, upd_dt) values (103,184,'N',100,now(),100,now());
insert into td_todo_setle_dtl(todo_setle_seq, work_seq, del_yn, creator_seq, cre_dt, updator_seq, upd_dt) values (103,186,'N',100,now(),100,now());
insert into td_todo_setle_dtl(todo_setle_seq, work_seq, del_yn, creator_seq, cre_dt, updator_seq, upd_dt) values (103,188,'N',100,now(),100,now());
insert into td_todo_setle_dtl(todo_setle_seq, work_seq, del_yn, creator_seq, cre_dt, updator_seq, upd_dt) values (103,190,'N',100,now(),100,now());
insert into td_todo_setle_dtl(todo_setle_seq, work_seq, del_yn, creator_seq, cre_dt, updator_seq, upd_dt) values (103,192,'N',100,now(),100,now());
insert into td_todo_setle_dtl(todo_setle_seq, work_seq, del_yn, creator_seq, cre_dt, updator_seq, upd_dt) values (103,194,'N',100,now(),100,now());
insert into td_todo_setle_dtl(todo_setle_seq, work_seq, del_yn, creator_seq, cre_dt, updator_seq, upd_dt) values (103,196,'N',100,now(),100,now());
insert into td_todo_setle_dtl(todo_setle_seq, work_seq, del_yn, creator_seq, cre_dt, updator_seq, upd_dt) values (103,198,'N',100,now(),100,now());
insert into td_todo_setle_dtl(todo_setle_seq, work_seq, del_yn, creator_seq, cre_dt, updator_seq, upd_dt) values (103,200,'N',100,now(),100,now());
insert into td_todo_setle_dtl(todo_setle_seq, work_seq, del_yn, creator_seq, cre_dt, updator_seq, upd_dt) values (103,202,'N',100,now(),100,now());
insert into td_todo_setle_dtl(todo_setle_seq, work_seq, del_yn, creator_seq, cre_dt, updator_seq, upd_dt) values (103,204,'N',100,now(),100,now());
insert into td_todo_setle_dtl(todo_setle_seq, work_seq, del_yn, creator_seq, cre_dt, updator_seq, upd_dt) values (103,206,'N',100,now(),100,now());
insert into td_todo_setle_dtl(todo_setle_seq, work_seq, del_yn, creator_seq, cre_dt, updator_seq, upd_dt) values (104,207,'N',100,now(),100,now());
insert into td_todo_setle_dtl(todo_setle_seq, work_seq, del_yn, creator_seq, cre_dt, updator_seq, upd_dt) values (104,209,'N',100,now(),100,now());
insert into td_todo_setle_dtl(todo_setle_seq, work_seq, del_yn, creator_seq, cre_dt, updator_seq, upd_dt) values (104,211,'N',100,now(),100,now());
insert into td_todo_setle_dtl(todo_setle_seq, work_seq, del_yn, creator_seq, cre_dt, updator_seq, upd_dt) values (104,213,'N',100,now(),100,now());
insert into td_todo_setle_dtl(todo_setle_seq, work_seq, del_yn, creator_seq, cre_dt, updator_seq, upd_dt) values (104,215,'N',100,now(),100,now());
insert into td_todo_setle_dtl(todo_setle_seq, work_seq, del_yn, creator_seq, cre_dt, updator_seq, upd_dt) values (104,217,'N',100,now(),100,now());
insert into td_todo_setle_dtl(todo_setle_seq, work_seq, del_yn, creator_seq, cre_dt, updator_seq, upd_dt) values (104,219,'N',100,now(),100,now());
insert into td_todo_setle_dtl(todo_setle_seq, work_seq, del_yn, creator_seq, cre_dt, updator_seq, upd_dt) values (104,221,'N',100,now(),100,now());
insert into td_todo_setle_dtl(todo_setle_seq, work_seq, del_yn, creator_seq, cre_dt, updator_seq, upd_dt) values (104,223,'N',100,now(),100,now());
insert into td_todo_setle_dtl(todo_setle_seq, work_seq, del_yn, creator_seq, cre_dt, updator_seq, upd_dt) values (104,226,'N',100,now(),100,now());
insert into td_todo_setle_dtl(todo_setle_seq, work_seq, del_yn, creator_seq, cre_dt, updator_seq, upd_dt) values (104,228,'N',100,now(),100,now());
insert into td_todo_setle_dtl(todo_setle_seq, work_seq, del_yn, creator_seq, cre_dt, updator_seq, upd_dt) values (104,230,'N',100,now(),100,now());
insert into td_todo_setle_dtl(todo_setle_seq, work_seq, del_yn, creator_seq, cre_dt, updator_seq, upd_dt) values (104,232,'N',100,now(),100,now());
insert into td_todo_setle_dtl(todo_setle_seq, work_seq, del_yn, creator_seq, cre_dt, updator_seq, upd_dt) values (104,234,'N',100,now(),100,now());
insert into td_todo_setle_dtl(todo_setle_seq, work_seq, del_yn, creator_seq, cre_dt, updator_seq, upd_dt) values (104,236,'N',100,now(),100,now());
insert into td_todo_setle_dtl(todo_setle_seq, work_seq, del_yn, creator_seq, cre_dt, updator_seq, upd_dt) values (104,238,'N',100,now(),100,now());
insert into td_todo_setle_dtl(todo_setle_seq, work_seq, del_yn, creator_seq, cre_dt, updator_seq, upd_dt) values (104,240,'N',100,now(),100,now());
insert into td_todo_setle_dtl(todo_setle_seq, work_seq, del_yn, creator_seq, cre_dt, updator_seq, upd_dt) values (104,242,'N',100,now(),100,now());
insert into td_todo_setle_dtl(todo_setle_seq, work_seq, del_yn, creator_seq, cre_dt, updator_seq, upd_dt) values (104,243,'N',100,now(),100,now());
insert into td_todo_setle_dtl(todo_setle_seq, work_seq, del_yn, creator_seq, cre_dt, updator_seq, upd_dt) values (104,245,'N',100,now(),100,now());
insert into td_todo_setle_dtl(todo_setle_seq, work_seq, del_yn, creator_seq, cre_dt, updator_seq, upd_dt) values (104,247,'N',100,now(),100,now());
insert into td_todo_setle_dtl(todo_setle_seq, work_seq, del_yn, creator_seq, cre_dt, updator_seq, upd_dt) values (104,249,'N',100,now(),100,now());
insert into td_todo_setle_dtl(todo_setle_seq, work_seq, del_yn, creator_seq, cre_dt, updator_seq, upd_dt) values (104,251,'N',100,now(),100,now());
insert into td_todo_setle_dtl(todo_setle_seq, work_seq, del_yn, creator_seq, cre_dt, updator_seq, upd_dt) values (104,253,'N',100,now(),100,now());
insert into td_todo_setle_dtl(todo_setle_seq, work_seq, del_yn, creator_seq, cre_dt, updator_seq, upd_dt) values (104,255,'N',100,now(),100,now());
insert into td_todo_setle_dtl(todo_setle_seq, work_seq, del_yn, creator_seq, cre_dt, updator_seq, upd_dt) values (104,257,'N',100,now(),100,now());
insert into td_todo_setle_dtl(todo_setle_seq, work_seq, del_yn, creator_seq, cre_dt, updator_seq, upd_dt) values (104,259,'N',100,now(),100,now());
insert into td_todo_setle_dtl(todo_setle_seq, work_seq, del_yn, creator_seq, cre_dt, updator_seq, upd_dt) values (104,261,'N',100,now(),100,now());
insert into td_todo_setle_dtl(todo_setle_seq, work_seq, del_yn, creator_seq, cre_dt, updator_seq, upd_dt) values (104,263,'N',100,now(),100,now());
insert into td_todo_setle_dtl(todo_setle_seq, work_seq, del_yn, creator_seq, cre_dt, updator_seq, upd_dt) values (104,265,'N',100,now(),100,now());
insert into td_todo_setle_dtl(todo_setle_seq, work_seq, del_yn, creator_seq, cre_dt, updator_seq, upd_dt) values (105,208,'N',100,now(),100,now());
insert into td_todo_setle_dtl(todo_setle_seq, work_seq, del_yn, creator_seq, cre_dt, updator_seq, upd_dt) values (105,210,'N',100,now(),100,now());
insert into td_todo_setle_dtl(todo_setle_seq, work_seq, del_yn, creator_seq, cre_dt, updator_seq, upd_dt) values (105,212,'N',100,now(),100,now());
insert into td_todo_setle_dtl(todo_setle_seq, work_seq, del_yn, creator_seq, cre_dt, updator_seq, upd_dt) values (105,214,'N',100,now(),100,now());
insert into td_todo_setle_dtl(todo_setle_seq, work_seq, del_yn, creator_seq, cre_dt, updator_seq, upd_dt) values (105,216,'N',100,now(),100,now());
insert into td_todo_setle_dtl(todo_setle_seq, work_seq, del_yn, creator_seq, cre_dt, updator_seq, upd_dt) values (105,218,'N',100,now(),100,now());
insert into td_todo_setle_dtl(todo_setle_seq, work_seq, del_yn, creator_seq, cre_dt, updator_seq, upd_dt) values (105,220,'N',100,now(),100,now());
insert into td_todo_setle_dtl(todo_setle_seq, work_seq, del_yn, creator_seq, cre_dt, updator_seq, upd_dt) values (105,222,'N',100,now(),100,now());
insert into td_todo_setle_dtl(todo_setle_seq, work_seq, del_yn, creator_seq, cre_dt, updator_seq, upd_dt) values (105,224,'N',100,now(),100,now());
insert into td_todo_setle_dtl(todo_setle_seq, work_seq, del_yn, creator_seq, cre_dt, updator_seq, upd_dt) values (105,225,'N',100,now(),100,now());
insert into td_todo_setle_dtl(todo_setle_seq, work_seq, del_yn, creator_seq, cre_dt, updator_seq, upd_dt) values (105,227,'N',100,now(),100,now());
insert into td_todo_setle_dtl(todo_setle_seq, work_seq, del_yn, creator_seq, cre_dt, updator_seq, upd_dt) values (105,229,'N',100,now(),100,now());
insert into td_todo_setle_dtl(todo_setle_seq, work_seq, del_yn, creator_seq, cre_dt, updator_seq, upd_dt) values (105,231,'N',100,now(),100,now());
insert into td_todo_setle_dtl(todo_setle_seq, work_seq, del_yn, creator_seq, cre_dt, updator_seq, upd_dt) values (105,233,'N',100,now(),100,now());
insert into td_todo_setle_dtl(todo_setle_seq, work_seq, del_yn, creator_seq, cre_dt, updator_seq, upd_dt) values (105,235,'N',100,now(),100,now());
insert into td_todo_setle_dtl(todo_setle_seq, work_seq, del_yn, creator_seq, cre_dt, updator_seq, upd_dt) values (105,237,'N',100,now(),100,now());
insert into td_todo_setle_dtl(todo_setle_seq, work_seq, del_yn, creator_seq, cre_dt, updator_seq, upd_dt) values (105,239,'N',100,now(),100,now());
insert into td_todo_setle_dtl(todo_setle_seq, work_seq, del_yn, creator_seq, cre_dt, updator_seq, upd_dt) values (105,241,'N',100,now(),100,now());
insert into td_todo_setle_dtl(todo_setle_seq, work_seq, del_yn, creator_seq, cre_dt, updator_seq, upd_dt) values (105,244,'N',100,now(),100,now());
insert into td_todo_setle_dtl(todo_setle_seq, work_seq, del_yn, creator_seq, cre_dt, updator_seq, upd_dt) values (105,246,'N',100,now(),100,now());
insert into td_todo_setle_dtl(todo_setle_seq, work_seq, del_yn, creator_seq, cre_dt, updator_seq, upd_dt) values (105,248,'N',100,now(),100,now());
insert into td_todo_setle_dtl(todo_setle_seq, work_seq, del_yn, creator_seq, cre_dt, updator_seq, upd_dt) values (105,250,'N',100,now(),100,now());
insert into td_todo_setle_dtl(todo_setle_seq, work_seq, del_yn, creator_seq, cre_dt, updator_seq, upd_dt) values (105,252,'N',100,now(),100,now());
insert into td_todo_setle_dtl(todo_setle_seq, work_seq, del_yn, creator_seq, cre_dt, updator_seq, upd_dt) values (105,254,'N',100,now(),100,now());
insert into td_todo_setle_dtl(todo_setle_seq, work_seq, del_yn, creator_seq, cre_dt, updator_seq, upd_dt) values (105,256,'N',100,now(),100,now());
insert into td_todo_setle_dtl(todo_setle_seq, work_seq, del_yn, creator_seq, cre_dt, updator_seq, upd_dt) values (105,258,'N',100,now(),100,now());
insert into td_todo_setle_dtl(todo_setle_seq, work_seq, del_yn, creator_seq, cre_dt, updator_seq, upd_dt) values (105,260,'N',100,now(),100,now());
insert into td_todo_setle_dtl(todo_setle_seq, work_seq, del_yn, creator_seq, cre_dt, updator_seq, upd_dt) values (105,262,'N',100,now(),100,now());
insert into td_todo_setle_dtl(todo_setle_seq, work_seq, del_yn, creator_seq, cre_dt, updator_seq, upd_dt) values (105,264,'N',100,now(),100,now());
insert into td_todo_setle_dtl(todo_setle_seq, work_seq, del_yn, creator_seq, cre_dt, updator_seq, upd_dt) values (105,266,'N',100,now(),100,now());
insert into td_todo_setle_dtl(todo_setle_seq, work_seq, del_yn, creator_seq, cre_dt, updator_seq, upd_dt) values (106,267,'N',100,now(),100,now());
insert into td_todo_setle_dtl(todo_setle_seq, work_seq, del_yn, creator_seq, cre_dt, updator_seq, upd_dt) values (106,269,'N',100,now(),100,now());
insert into td_todo_setle_dtl(todo_setle_seq, work_seq, del_yn, creator_seq, cre_dt, updator_seq, upd_dt) values (106,271,'N',100,now(),100,now());
insert into td_todo_setle_dtl(todo_setle_seq, work_seq, del_yn, creator_seq, cre_dt, updator_seq, upd_dt) values (106,273,'N',100,now(),100,now());
insert into td_todo_setle_dtl(todo_setle_seq, work_seq, del_yn, creator_seq, cre_dt, updator_seq, upd_dt) values (106,277,'N',100,now(),100,now());
insert into td_todo_setle_dtl(todo_setle_seq, work_seq, del_yn, creator_seq, cre_dt, updator_seq, upd_dt) values (106,279,'N',100,now(),100,now());
insert into td_todo_setle_dtl(todo_setle_seq, work_seq, del_yn, creator_seq, cre_dt, updator_seq, upd_dt) values (106,281,'N',100,now(),100,now());
insert into td_todo_setle_dtl(todo_setle_seq, work_seq, del_yn, creator_seq, cre_dt, updator_seq, upd_dt) values (106,283,'N',100,now(),100,now());
insert into td_todo_setle_dtl(todo_setle_seq, work_seq, del_yn, creator_seq, cre_dt, updator_seq, upd_dt) values (106,285,'N',100,now(),100,now());
insert into td_todo_setle_dtl(todo_setle_seq, work_seq, del_yn, creator_seq, cre_dt, updator_seq, upd_dt) values (106,287,'N',100,now(),100,now());
insert into td_todo_setle_dtl(todo_setle_seq, work_seq, del_yn, creator_seq, cre_dt, updator_seq, upd_dt) values (106,289,'N',100,now(),100,now());
insert into td_todo_setle_dtl(todo_setle_seq, work_seq, del_yn, creator_seq, cre_dt, updator_seq, upd_dt) values (106,291,'N',100,now(),100,now());
insert into td_todo_setle_dtl(todo_setle_seq, work_seq, del_yn, creator_seq, cre_dt, updator_seq, upd_dt) values (106,293,'N',100,now(),100,now());
insert into td_todo_setle_dtl(todo_setle_seq, work_seq, del_yn, creator_seq, cre_dt, updator_seq, upd_dt) values (106,295,'N',100,now(),100,now());
insert into td_todo_setle_dtl(todo_setle_seq, work_seq, del_yn, creator_seq, cre_dt, updator_seq, upd_dt) values (106,297,'N',100,now(),100,now());
insert into td_todo_setle_dtl(todo_setle_seq, work_seq, del_yn, creator_seq, cre_dt, updator_seq, upd_dt) values (106,299,'N',100,now(),100,now());
insert into td_todo_setle_dtl(todo_setle_seq, work_seq, del_yn, creator_seq, cre_dt, updator_seq, upd_dt) values (106,301,'N',100,now(),100,now());
insert into td_todo_setle_dtl(todo_setle_seq, work_seq, del_yn, creator_seq, cre_dt, updator_seq, upd_dt) values (106,303,'N',100,now(),100,now());
insert into td_todo_setle_dtl(todo_setle_seq, work_seq, del_yn, creator_seq, cre_dt, updator_seq, upd_dt) values (106,305,'N',100,now(),100,now());
insert into td_todo_setle_dtl(todo_setle_seq, work_seq, del_yn, creator_seq, cre_dt, updator_seq, upd_dt) values (106,307,'N',100,now(),100,now());
insert into td_todo_setle_dtl(todo_setle_seq, work_seq, del_yn, creator_seq, cre_dt, updator_seq, upd_dt) values (106,309,'N',100,now(),100,now());
insert into td_todo_setle_dtl(todo_setle_seq, work_seq, del_yn, creator_seq, cre_dt, updator_seq, upd_dt) values (106,311,'N',100,now(),100,now());
insert into td_todo_setle_dtl(todo_setle_seq, work_seq, del_yn, creator_seq, cre_dt, updator_seq, upd_dt) values (106,313,'N',100,now(),100,now());
insert into td_todo_setle_dtl(todo_setle_seq, work_seq, del_yn, creator_seq, cre_dt, updator_seq, upd_dt) values (106,315,'N',100,now(),100,now());
insert into td_todo_setle_dtl(todo_setle_seq, work_seq, del_yn, creator_seq, cre_dt, updator_seq, upd_dt) values (106,317,'N',100,now(),100,now());
insert into td_todo_setle_dtl(todo_setle_seq, work_seq, del_yn, creator_seq, cre_dt, updator_seq, upd_dt) values (106,319,'N',100,now(),100,now());
insert into td_todo_setle_dtl(todo_setle_seq, work_seq, del_yn, creator_seq, cre_dt, updator_seq, upd_dt) values (106,321,'N',100,now(),100,now());
insert into td_todo_setle_dtl(todo_setle_seq, work_seq, del_yn, creator_seq, cre_dt, updator_seq, upd_dt) values (106,323,'N',100,now(),100,now());
insert into td_todo_setle_dtl(todo_setle_seq, work_seq, del_yn, creator_seq, cre_dt, updator_seq, upd_dt) values (107,268,'N',100,now(),100,now());
insert into td_todo_setle_dtl(todo_setle_seq, work_seq, del_yn, creator_seq, cre_dt, updator_seq, upd_dt) values (107,270,'N',100,now(),100,now());
insert into td_todo_setle_dtl(todo_setle_seq, work_seq, del_yn, creator_seq, cre_dt, updator_seq, upd_dt) values (107,272,'N',100,now(),100,now());
insert into td_todo_setle_dtl(todo_setle_seq, work_seq, del_yn, creator_seq, cre_dt, updator_seq, upd_dt) values (107,274,'N',100,now(),100,now());
insert into td_todo_setle_dtl(todo_setle_seq, work_seq, del_yn, creator_seq, cre_dt, updator_seq, upd_dt) values (107,275,'N',100,now(),100,now());
insert into td_todo_setle_dtl(todo_setle_seq, work_seq, del_yn, creator_seq, cre_dt, updator_seq, upd_dt) values (107,276,'N',100,now(),100,now());
insert into td_todo_setle_dtl(todo_setle_seq, work_seq, del_yn, creator_seq, cre_dt, updator_seq, upd_dt) values (107,278,'N',100,now(),100,now());
insert into td_todo_setle_dtl(todo_setle_seq, work_seq, del_yn, creator_seq, cre_dt, updator_seq, upd_dt) values (107,280,'N',100,now(),100,now());
insert into td_todo_setle_dtl(todo_setle_seq, work_seq, del_yn, creator_seq, cre_dt, updator_seq, upd_dt) values (107,282,'N',100,now(),100,now());
insert into td_todo_setle_dtl(todo_setle_seq, work_seq, del_yn, creator_seq, cre_dt, updator_seq, upd_dt) values (107,284,'N',100,now(),100,now());
insert into td_todo_setle_dtl(todo_setle_seq, work_seq, del_yn, creator_seq, cre_dt, updator_seq, upd_dt) values (107,286,'N',100,now(),100,now());
insert into td_todo_setle_dtl(todo_setle_seq, work_seq, del_yn, creator_seq, cre_dt, updator_seq, upd_dt) values (107,288,'N',100,now(),100,now());
insert into td_todo_setle_dtl(todo_setle_seq, work_seq, del_yn, creator_seq, cre_dt, updator_seq, upd_dt) values (107,290,'N',100,now(),100,now());
insert into td_todo_setle_dtl(todo_setle_seq, work_seq, del_yn, creator_seq, cre_dt, updator_seq, upd_dt) values (107,292,'N',100,now(),100,now());
insert into td_todo_setle_dtl(todo_setle_seq, work_seq, del_yn, creator_seq, cre_dt, updator_seq, upd_dt) values (107,294,'N',100,now(),100,now());
insert into td_todo_setle_dtl(todo_setle_seq, work_seq, del_yn, creator_seq, cre_dt, updator_seq, upd_dt) values (107,296,'N',100,now(),100,now());
insert into td_todo_setle_dtl(todo_setle_seq, work_seq, del_yn, creator_seq, cre_dt, updator_seq, upd_dt) values (107,298,'N',100,now(),100,now());
insert into td_todo_setle_dtl(todo_setle_seq, work_seq, del_yn, creator_seq, cre_dt, updator_seq, upd_dt) values (107,300,'N',100,now(),100,now());
insert into td_todo_setle_dtl(todo_setle_seq, work_seq, del_yn, creator_seq, cre_dt, updator_seq, upd_dt) values (107,302,'N',100,now(),100,now());
insert into td_todo_setle_dtl(todo_setle_seq, work_seq, del_yn, creator_seq, cre_dt, updator_seq, upd_dt) values (107,304,'N',100,now(),100,now());
insert into td_todo_setle_dtl(todo_setle_seq, work_seq, del_yn, creator_seq, cre_dt, updator_seq, upd_dt) values (107,306,'N',100,now(),100,now());
insert into td_todo_setle_dtl(todo_setle_seq, work_seq, del_yn, creator_seq, cre_dt, updator_seq, upd_dt) values (107,308,'N',100,now(),100,now());
insert into td_todo_setle_dtl(todo_setle_seq, work_seq, del_yn, creator_seq, cre_dt, updator_seq, upd_dt) values (107,310,'N',100,now(),100,now());
insert into td_todo_setle_dtl(todo_setle_seq, work_seq, del_yn, creator_seq, cre_dt, updator_seq, upd_dt) values (107,312,'N',100,now(),100,now());
insert into td_todo_setle_dtl(todo_setle_seq, work_seq, del_yn, creator_seq, cre_dt, updator_seq, upd_dt) values (107,314,'N',100,now(),100,now());
insert into td_todo_setle_dtl(todo_setle_seq, work_seq, del_yn, creator_seq, cre_dt, updator_seq, upd_dt) values (107,316,'N',100,now(),100,now());
insert into td_todo_setle_dtl(todo_setle_seq, work_seq, del_yn, creator_seq, cre_dt, updator_seq, upd_dt) values (107,318,'N',100,now(),100,now());
insert into td_todo_setle_dtl(todo_setle_seq, work_seq, del_yn, creator_seq, cre_dt, updator_seq, upd_dt) values (107,320,'N',100,now(),100,now());
insert into td_todo_setle_dtl(todo_setle_seq, work_seq, del_yn, creator_seq, cre_dt, updator_seq, upd_dt) values (107,322,'N',100,now(),100,now());
insert into td_todo_setle_dtl(todo_setle_seq, work_seq, del_yn, creator_seq, cre_dt, updator_seq, upd_dt) values (107,324,'N',100,now(),100,now());

