insert into td_todo(todo_seq, todo_titl, todo_cont, todo_desc, complet_condi_val, todo_point, todo_typ_cd, todo_dtl_val, date_limit_cnt, post_begin_date, post_end_date, exec_begin_tm, exec_end_tm, quiz_use_yn, quiz_typ_cd, del_yn, creator_seq, cre_dt, updator_seq, upd_dt) values (100,'아침퀴즈','기상','7:00~7:10 사이 문제 풀기','문제 정답 맞추기',1000,'WAKEUP',null,1,'2023-09-01','9999-12-31','7:00','7:30','Y','ENG_WORD','N',100, now(), 100, now());
insert into td_todo(todo_seq, todo_titl, todo_cont, todo_desc, complet_condi_val, todo_point, todo_typ_cd, todo_dtl_val, date_limit_cnt, post_begin_date, post_end_date, exec_begin_tm, exec_end_tm, quiz_use_yn, quiz_typ_cd, del_yn, creator_seq, cre_dt, updator_seq, upd_dt) values (101,'취침미션','취침','23:30분 전에 잠자기','확인자가 확인',1000,'SLEEP',null,1,'2023-09-01','9999-12-31',null,null,'N',null,'N',100, now(), 100, now());
insert into td_todo(todo_seq, todo_titl, todo_cont, todo_desc, complet_condi_val, todo_point, todo_typ_cd, todo_dtl_val, date_limit_cnt, post_begin_date, post_end_date, exec_begin_tm, exec_end_tm, quiz_use_yn, quiz_typ_cd, del_yn, creator_seq, cre_dt, updator_seq, upd_dt) values (102,'방청소','방청소','취침전 자기방 청소','확인자가 확인',1000,'CLEAN',null,1,'2023-09-01','9999-12-31',null,null,'N',null,'N',100, now(), 100, now());
insert into td_todo(todo_seq, todo_titl, todo_cont, todo_desc, complet_condi_val, todo_point, todo_typ_cd, todo_dtl_val, date_limit_cnt, post_begin_date, post_end_date, exec_begin_tm, exec_end_tm, quiz_use_yn, quiz_typ_cd, del_yn, creator_seq, cre_dt, updator_seq, upd_dt) values (103,'영어일기','영어 일기','500자 이상','500이상',1000,'DIARY','500',1,'2023-09-01','9999-12-31',null,null,'N',null,'N',100, now(), 100, now());
insert into td_todo(todo_seq, todo_titl, todo_cont, todo_desc, complet_condi_val, todo_point, todo_typ_cd, todo_dtl_val, date_limit_cnt, post_begin_date, post_end_date, exec_begin_tm, exec_end_tm, quiz_use_yn, quiz_typ_cd, del_yn, creator_seq, cre_dt, updator_seq, upd_dt) values (104,'운동','운동','자전거 10km, 조깅 5km, 출넘기 1000','운동기록 업로드',1000,'EXERCISE',null,1,'2023-09-01','9999-12-31',null,null,'N',null,'N',100, now(), 100, now());
insert into td_todo(todo_seq, todo_titl, todo_cont, todo_desc, complet_condi_val, todo_point, todo_typ_cd, todo_dtl_val, date_limit_cnt, post_begin_date, post_end_date, exec_begin_tm, exec_end_tm, quiz_use_yn, quiz_typ_cd, del_yn, creator_seq, cre_dt, updator_seq, upd_dt) values (105,'독서','독서','100page 이상 읽기, 만화책 제외','읽은 페이지 기입과 한 줄 소감',1000,'READING',null,1,'2023-09-01','9999-12-31',null,null,'N',null,'N',100, now(), 100, now());
insert into td_todo(todo_seq, todo_titl, todo_cont, todo_desc, complet_condi_val, todo_point, todo_typ_cd, todo_dtl_val, date_limit_cnt, post_begin_date, post_end_date, exec_begin_tm, exec_end_tm, quiz_use_yn, quiz_typ_cd, del_yn, creator_seq, cre_dt, updator_seq, upd_dt) values (106,'시험100','시험','중간고사, 기발고사','과목당, 점수 공개 (100점은 90점과 동시 입력)',4000,'EXAM',null,0,'2023-09-01','9999-12-31',null,null,'N',null,'N',100, now(), 100, now());
insert into td_todo(todo_seq, todo_titl, todo_cont, todo_desc, complet_condi_val, todo_point, todo_typ_cd, todo_dtl_val, date_limit_cnt, post_begin_date, post_end_date, exec_begin_tm, exec_end_tm, quiz_use_yn, quiz_typ_cd, del_yn, creator_seq, cre_dt, updator_seq, upd_dt) values (107,'시험90','시험','중간고사, 기발고사','과목당, 점수 공개 (100점은 91점과 동시 입력)',1000,'EXAM',null,0,'2023-09-01','9999-12-31',null,null,'N',null,'N',100, now(), 100, now());
insert into td_todo(todo_seq, todo_titl, todo_cont, todo_desc, complet_condi_val, todo_point, todo_typ_cd, todo_dtl_val, date_limit_cnt, post_begin_date, post_end_date, exec_begin_tm, exec_end_tm, quiz_use_yn, quiz_typ_cd, del_yn, creator_seq, cre_dt, updator_seq, upd_dt) values (108,'쪽지시험100','시험','영어, 수학 학원 시험','증거 사진 첨부',4000,'EXAM',null,0,'2023-09-01','9999-12-31',null,null,'N',null,'N',100, now(), 100, now());
insert into td_todo(todo_seq, todo_titl, todo_cont, todo_desc, complet_condi_val, todo_point, todo_typ_cd, todo_dtl_val, date_limit_cnt, post_begin_date, post_end_date, exec_begin_tm, exec_end_tm, quiz_use_yn, quiz_typ_cd, del_yn, creator_seq, cre_dt, updator_seq, upd_dt) values (109,'쪽지시험90','시험','영어, 수학 학원 시험','증거 사진 첨부',1000,'EXAM',null,0,'2023-09-01','9999-12-31',null,null,'N',null,'N',100, now(), 100, now());

insert into td_todo_checker_map(todo_seq, checker_seq, del_yn, creator_seq, cre_dt, updator_seq, upd_dt) values (100,101,'N',100, now(), 100, now());
insert into td_todo_checker_map(todo_seq, checker_seq, del_yn, creator_seq, cre_dt, updator_seq, upd_dt) values (101,101,'N',100, now(), 100, now());
insert into td_todo_checker_map(todo_seq, checker_seq, del_yn, creator_seq, cre_dt, updator_seq, upd_dt) values (102,101,'N',100, now(), 100, now());
insert into td_todo_checker_map(todo_seq, checker_seq, del_yn, creator_seq, cre_dt, updator_seq, upd_dt) values (103,101,'N',100, now(), 100, now());
insert into td_todo_checker_map(todo_seq, checker_seq, del_yn, creator_seq, cre_dt, updator_seq, upd_dt) values (104,101,'N',100, now(), 100, now());
insert into td_todo_checker_map(todo_seq, checker_seq, del_yn, creator_seq, cre_dt, updator_seq, upd_dt) values (105,101,'N',100, now(), 100, now());
insert into td_todo_checker_map(todo_seq, checker_seq, del_yn, creator_seq, cre_dt, updator_seq, upd_dt) values (106,101,'N',100, now(), 100, now());
insert into td_todo_checker_map(todo_seq, checker_seq, del_yn, creator_seq, cre_dt, updator_seq, upd_dt) values (107,101,'N',100, now(), 100, now());
insert into td_todo_checker_map(todo_seq, checker_seq, del_yn, creator_seq, cre_dt, updator_seq, upd_dt) values (100,102,'N',100, now(), 100, now());
insert into td_todo_checker_map(todo_seq, checker_seq, del_yn, creator_seq, cre_dt, updator_seq, upd_dt) values (101,102,'N',100, now(), 100, now());
insert into td_todo_checker_map(todo_seq, checker_seq, del_yn, creator_seq, cre_dt, updator_seq, upd_dt) values (102,102,'N',100, now(), 100, now());
insert into td_todo_checker_map(todo_seq, checker_seq, del_yn, creator_seq, cre_dt, updator_seq, upd_dt) values (103,102,'N',100, now(), 100, now());
insert into td_todo_checker_map(todo_seq, checker_seq, del_yn, creator_seq, cre_dt, updator_seq, upd_dt) values (104,102,'N',100, now(), 100, now());
insert into td_todo_checker_map(todo_seq, checker_seq, del_yn, creator_seq, cre_dt, updator_seq, upd_dt) values (105,102,'N',100, now(), 100, now());
insert into td_todo_checker_map(todo_seq, checker_seq, del_yn, creator_seq, cre_dt, updator_seq, upd_dt) values (106,102,'N',100, now(), 100, now());
insert into td_todo_checker_map(todo_seq, checker_seq, del_yn, creator_seq, cre_dt, updator_seq, upd_dt) values (107,102,'N',100, now(), 100, now());


insert into td_worker_map(todo_seq, worker_seq, del_yn, creator_seq, cre_dt, updator_seq, upd_dt) values (100,103,'N',100, now(), 100, now());
insert into td_worker_map(todo_seq, worker_seq, del_yn, creator_seq, cre_dt, updator_seq, upd_dt) values (101,103,'N',100, now(), 100, now());
insert into td_worker_map(todo_seq, worker_seq, del_yn, creator_seq, cre_dt, updator_seq, upd_dt) values (102,103,'N',100, now(), 100, now());
insert into td_worker_map(todo_seq, worker_seq, del_yn, creator_seq, cre_dt, updator_seq, upd_dt) values (103,103,'N',100, now(), 100, now());
insert into td_worker_map(todo_seq, worker_seq, del_yn, creator_seq, cre_dt, updator_seq, upd_dt) values (104,103,'N',100, now(), 100, now());
insert into td_worker_map(todo_seq, worker_seq, del_yn, creator_seq, cre_dt, updator_seq, upd_dt) values (105,103,'N',100, now(), 100, now());
insert into td_worker_map(todo_seq, worker_seq, del_yn, creator_seq, cre_dt, updator_seq, upd_dt) values (106,103,'N',100, now(), 100, now());
insert into td_worker_map(todo_seq, worker_seq, del_yn, creator_seq, cre_dt, updator_seq, upd_dt) values (107,103,'N',100, now(), 100, now());
insert into td_worker_map(todo_seq, worker_seq, del_yn, creator_seq, cre_dt, updator_seq, upd_dt) values (100,104,'N',100, now(), 100, now());
insert into td_worker_map(todo_seq, worker_seq, del_yn, creator_seq, cre_dt, updator_seq, upd_dt) values (101,104,'N',100, now(), 100, now());
insert into td_worker_map(todo_seq, worker_seq, del_yn, creator_seq, cre_dt, updator_seq, upd_dt) values (102,104,'N',100, now(), 100, now());
insert into td_worker_map(todo_seq, worker_seq, del_yn, creator_seq, cre_dt, updator_seq, upd_dt) values (103,104,'N',100, now(), 100, now());
insert into td_worker_map(todo_seq, worker_seq, del_yn, creator_seq, cre_dt, updator_seq, upd_dt) values (104,104,'N',100, now(), 100, now());
insert into td_worker_map(todo_seq, worker_seq, del_yn, creator_seq, cre_dt, updator_seq, upd_dt) values (105,104,'N',100, now(), 100, now());
insert into td_worker_map(todo_seq, worker_seq, del_yn, creator_seq, cre_dt, updator_seq, upd_dt) values (108,104,'N',100, now(), 100, now());
insert into td_worker_map(todo_seq, worker_seq, del_yn, creator_seq, cre_dt, updator_seq, upd_dt) values (109,104,'N',100, now(), 100, now());

insert into td_work(work_seq, todo_seq, worker_seq, work_titl, work_cont, work_dt, confm_dt, todo_stat_cd, gain_point, checker_seq, setle_yn, del_yn, creator_seq, cre_dt, updator_seq, upd_dt) values (100,100,103,'2023/09/01 - 기상','10.lot','2023-09-01','2023-09-01','DONE',1000,101,'Y','N',100, now(), 100, now());  
insert into td_work(work_seq, todo_seq, worker_seq, work_titl, work_cont, work_dt, confm_dt, todo_stat_cd, gain_point, checker_seq, setle_yn, del_yn, creator_seq, cre_dt, updator_seq, upd_dt) values (101,100,104,'2023/09/01 - 기상 ','11.name','2023-09-01','2023-09-01','FAIL',0,101,'Y','N',100, now(), 100, now()); 
insert into td_work(work_seq, todo_seq, worker_seq, work_titl, work_cont, work_dt, confm_dt, todo_stat_cd, gain_point, checker_seq, setle_yn, del_yn, creator_seq, cre_dt, updator_seq, upd_dt) values (102,101,103,'2023/09/01 - 취침 ','확인자1','2023-09-01','2023-09-01','FAIL',0,101,'Y','N',100, now(), 100, now());  
insert into td_work(work_seq, todo_seq, worker_seq, work_titl, work_cont, work_dt, confm_dt, todo_stat_cd, gain_point, checker_seq, setle_yn, del_yn, creator_seq, cre_dt, updator_seq, upd_dt) values (103,101,104,'2023/09/01 - 취침','확인자1','2023-09-01','2023-09-01','DONE',1000,101,'Y','N',100, now(), 100, now());  
insert into td_work(work_seq, todo_seq, worker_seq, work_titl, work_cont, work_dt, confm_dt, todo_stat_cd, gain_point, checker_seq, setle_yn, del_yn, creator_seq, cre_dt, updator_seq, upd_dt) values (104,102,103,'2023/09/01 - 영어일기','We looked up at the stars in the sky.','2023-09-01','2023-09-01','DONE',1000,101,'Y','N',100, now(), 100, now()); 
insert into td_work(work_seq, todo_seq, worker_seq, work_titl, work_cont, work_dt, confm_dt, todo_stat_cd, gain_point, checker_seq, setle_yn, del_yn, creator_seq, cre_dt, updator_seq, upd_dt) values (105,102,104,'2023/09/01 - 영어일기','Emma got into the car and drove away.','2023-09-01','2023-09-01','DONE',1000,101,'Y','N',100, now(), 100, now()); 
insert into td_work(work_seq, todo_seq, worker_seq, work_titl, work_cont, work_dt, confm_dt, todo_stat_cd, gain_point, checker_seq, setle_yn, del_yn, creator_seq, cre_dt, updator_seq, upd_dt) values (106,103,103,'2023/09/01 - 청소','확인자1','2023-09-01','2023-09-01','DONE',1000,101,'Y','N',100, now(), 100, now());  
insert into td_work(work_seq, todo_seq, worker_seq, work_titl, work_cont, work_dt, confm_dt, todo_stat_cd, gain_point, checker_seq, setle_yn, del_yn, creator_seq, cre_dt, updator_seq, upd_dt) values (107,103,104,'2023/09/01 - 청소','확인자1','2023-09-01','2023-09-01','FAIL',0,101,'Y','N',100, now(), 100, now()); 
insert into td_work(work_seq, todo_seq, worker_seq, work_titl, work_cont, work_dt, confm_dt, todo_stat_cd, gain_point, checker_seq, setle_yn, del_yn, creator_seq, cre_dt, updator_seq, upd_dt) values (108,100,103,'2023/09/02 - 기상','12.hand','2023-09-02','2023-09-02','DONE',1000,101,'Y','N',100, now(), 100, now()); 
insert into td_work(work_seq, todo_seq, worker_seq, work_titl, work_cont, work_dt, confm_dt, todo_stat_cd, gain_point, checker_seq, setle_yn, del_yn, creator_seq, cre_dt, updator_seq, upd_dt) values (109,100,104,'2023/09/02 - 기상 ','13.place','2023-09-02','2023-09-02','FAIL',0,101,'Y','N',100, now(), 100, now());  
insert into td_work(work_seq, todo_seq, worker_seq, work_titl, work_cont, work_dt, confm_dt, todo_stat_cd, gain_point, checker_seq, setle_yn, del_yn, creator_seq, cre_dt, updator_seq, upd_dt) values (110,101,103,'2023/09/02 - 취침 ','확인자1','2023-09-02','2023-09-02','FAIL',0,101,'Y','N',100, now(), 100, now());  
insert into td_work(work_seq, todo_seq, worker_seq, work_titl, work_cont, work_dt, confm_dt, todo_stat_cd, gain_point, checker_seq, setle_yn, del_yn, creator_seq, cre_dt, updator_seq, upd_dt) values (111,101,104,'2023/09/02 - 취침','확인자1','2023-09-02','2023-09-02','DONE',1000,101,'Y','N',100, now(), 100, now());  
insert into td_work(work_seq, todo_seq, worker_seq, work_titl, work_cont, work_dt, confm_dt, todo_stat_cd, gain_point, checker_seq, setle_yn, del_yn, creator_seq, cre_dt, updator_seq, upd_dt) values (112,102,103,'2023/09/02 - 영어일기','I''m cold. Can you close the window, please?','2023-09-02','2023-09-02','DONE',1000,101,'Y','N',100, now(), 100, now());  
insert into td_work(work_seq, todo_seq, worker_seq, work_titl, work_cont, work_dt, confm_dt, todo_stat_cd, gain_point, checker_seq, setle_yn, del_yn, creator_seq, cre_dt, updator_seq, upd_dt) values (113,102,104,'2023/09/02 - 영어일기','My brother is afraid of dogs.','2023-09-02','2023-09-02','DONE',1000,101,'Y','N',100, now(), 100, now()); 
insert into td_work(work_seq, todo_seq, worker_seq, work_titl, work_cont, work_dt, confm_dt, todo_stat_cd, gain_point, checker_seq, setle_yn, del_yn, creator_seq, cre_dt, updator_seq, upd_dt) values (114,103,103,'2023/09/02 - 청소','확인자1','2023-09-02','2023-09-02','DONE',1000,101,'Y','N',100, now(), 100, now());  
insert into td_work(work_seq, todo_seq, worker_seq, work_titl, work_cont, work_dt, confm_dt, todo_stat_cd, gain_point, checker_seq, setle_yn, del_yn, creator_seq, cre_dt, updator_seq, upd_dt) values (115,103,104,'2023/09/02 - 청소','확인자1','2023-09-02','2023-09-02','FAIL',0,101,'Y','N',100, now(), 100, now()); 
insert into td_work(work_seq, todo_seq, worker_seq, work_titl, work_cont, work_dt, confm_dt, todo_stat_cd, gain_point, checker_seq, setle_yn, del_yn, creator_seq, cre_dt, updator_seq, upd_dt) values (116,104,103,'2023/09/02 - 운동','행주산성','2023-09-02','2023-09-02','DONE',1000,101,'Y','N',100, now(), 100, now());  
insert into td_work(work_seq, todo_seq, worker_seq, work_titl, work_cont, work_dt, confm_dt, todo_stat_cd, gain_point, checker_seq, setle_yn, del_yn, creator_seq, cre_dt, updator_seq, upd_dt) values (117,104,104,'2023/09/02 - 운동','행주산성','2023-09-02','2023-09-02','DONE',1000,101,'Y','N',100, now(), 100, now());  
insert into td_work(work_seq, todo_seq, worker_seq, work_titl, work_cont, work_dt, confm_dt, todo_stat_cd, gain_point, checker_seq, setle_yn, del_yn, creator_seq, cre_dt, updator_seq, upd_dt) values (118,100,103,'2023/09/03 - 기상','14.practice','2023-09-03','2023-09-03','FAIL',0,101,'Y','N',100, now(), 100, now());  
insert into td_work(work_seq, todo_seq, worker_seq, work_titl, work_cont, work_dt, confm_dt, todo_stat_cd, gain_point, checker_seq, setle_yn, del_yn, creator_seq, cre_dt, updator_seq, upd_dt) values (119,100,104,'2023/09/03 - 기상 ','15.work','2023-09-03','2023-09-03','FAIL',0,101,'Y','N',100, now(), 100, now()); 
insert into td_work(work_seq, todo_seq, worker_seq, work_titl, work_cont, work_dt, confm_dt, todo_stat_cd, gain_point, checker_seq, setle_yn, del_yn, creator_seq, cre_dt, updator_seq, upd_dt) values (120,101,103,'2023/09/03 - 취침 ','확인자1','2023-09-03','2023-09-03','DONE',1000,101,'Y','N',100, now(), 100, now()); 
insert into td_work(work_seq, todo_seq, worker_seq, work_titl, work_cont, work_dt, confm_dt, todo_stat_cd, gain_point, checker_seq, setle_yn, del_yn, creator_seq, cre_dt, updator_seq, upd_dt) values (121,101,104,'2023/09/03 - 취침','확인자1','2023-09-03','2023-09-03','DONE',1000,101,'Y','N',100, now(), 100, now());  
insert into td_work(work_seq, todo_seq, worker_seq, work_titl, work_cont, work_dt, confm_dt, todo_stat_cd, gain_point, checker_seq, setle_yn, del_yn, creator_seq, cre_dt, updator_seq, upd_dt) values (122,102,103,'2023/09/03 - 영어일기','It''s 10:00. You''re late again.','2023-09-03','2023-09-03','DONE',1000,101,'Y','N',100, now(), 100, now());  
insert into td_work(work_seq, todo_seq, worker_seq, work_titl, work_cont, work_dt, confm_dt, todo_stat_cd, gain_point, checker_seq, setle_yn, del_yn, creator_seq, cre_dt, updator_seq, upd_dt) values (123,102,104,'2023/09/03 - 영어일기','Tom isn''t interested in politics. He''s interested in music.','2023-09-03','2023-09-03','DONE',1000,101,'Y','N',100, now(), 100, now()); 
insert into td_work(work_seq, todo_seq, worker_seq, work_titl, work_cont, work_dt, confm_dt, todo_stat_cd, gain_point, checker_seq, setle_yn, del_yn, creator_seq, cre_dt, updator_seq, upd_dt) values (124,103,103,'2023/09/03 - 청소','확인자1','2023-09-03','2023-09-03','FAIL',0,101,'Y','N',100, now(), 100, now()); 
insert into td_work(work_seq, todo_seq, worker_seq, work_titl, work_cont, work_dt, confm_dt, todo_stat_cd, gain_point, checker_seq, setle_yn, del_yn, creator_seq, cre_dt, updator_seq, upd_dt) values (125,103,104,'2023/09/03 - 청소','확인자1','2023-09-03','2023-09-03','FAIL',0,101,'Y','N',100, now(), 100, now()); 
insert into td_work(work_seq, todo_seq, worker_seq, work_titl, work_cont, work_dt, confm_dt, todo_stat_cd, gain_point, checker_seq, setle_yn, del_yn, creator_seq, cre_dt, updator_seq, upd_dt) values (126,105,103,'2023/09/03 - 독서','이기적인유전자 20~135','2023-09-03','2023-09-03','DONE',1000,101,'Y','N',100, now(), 100, now());  
insert into td_work(work_seq, todo_seq, worker_seq, work_titl, work_cont, work_dt, confm_dt, todo_stat_cd, gain_point, checker_seq, setle_yn, del_yn, creator_seq, cre_dt, updator_seq, upd_dt) values (127,100,103,'2023/09/04 - 기상','16.use','2023-09-04','2023-09-04','FAIL',0,101,'Y','N',100, now(), 100, now()); 
insert into td_work(work_seq, todo_seq, worker_seq, work_titl, work_cont, work_dt, confm_dt, todo_stat_cd, gain_point, checker_seq, setle_yn, del_yn, creator_seq, cre_dt, updator_seq, upd_dt) values (128,100,104,'2023/09/04 - 기상 ','17.kind','2023-09-04','2023-09-04','FAIL',0,101,'Y','N',100, now(), 100, now()); 
insert into td_work(work_seq, todo_seq, worker_seq, work_titl, work_cont, work_dt, confm_dt, todo_stat_cd, gain_point, checker_seq, setle_yn, del_yn, creator_seq, cre_dt, updator_seq, upd_dt) values (129,101,103,'2023/09/04 - 취침 ','확인자1','2023-09-04','2023-09-04','FAIL',0,101,'Y','N',100, now(), 100, now());  
insert into td_work(work_seq, todo_seq, worker_seq, work_titl, work_cont, work_dt, confm_dt, todo_stat_cd, gain_point, checker_seq, setle_yn, del_yn, creator_seq, cre_dt, updator_seq, upd_dt) values (130,101,104,'2023/09/04 - 취침','확인자1','2023-09-04','2023-09-04','FAIL',0,101,'Y','N',100, now(), 100, now()); 
insert into td_work(work_seq, todo_seq, worker_seq, work_titl, work_cont, work_dt, confm_dt, todo_stat_cd, gain_point, checker_seq, setle_yn, del_yn, creator_seq, cre_dt, updator_seq, upd_dt) values (131,102,103,'2023/09/04 - 영어일기','Am I late? / No, you are on time.','2023-09-04','2023-09-04','DONE',1000,101,'Y','N',100, now(), 100, now()); 
insert into td_work(work_seq, todo_seq, worker_seq, work_titl, work_cont, work_dt, confm_dt, todo_stat_cd, gain_point, checker_seq, setle_yn, del_yn, creator_seq, cre_dt, updator_seq, upd_dt) values (132,102,104,'2023/09/04 - 영어일기','Your shoes are nice. Are they new?','2023-09-04','2023-09-04','DONE',1000,101,'Y','N',100, now(), 100, now());  
insert into td_work(work_seq, todo_seq, worker_seq, work_titl, work_cont, work_dt, confm_dt, todo_stat_cd, gain_point, checker_seq, setle_yn, del_yn, creator_seq, cre_dt, updator_seq, upd_dt) values (133,103,103,'2023/09/04 - 청소','확인자1','2023-09-04','2023-09-04','DONE',1000,101,'Y','N',100, now(), 100, now());  
insert into td_work(work_seq, todo_seq, worker_seq, work_titl, work_cont, work_dt, confm_dt, todo_stat_cd, gain_point, checker_seq, setle_yn, del_yn, creator_seq, cre_dt, updator_seq, upd_dt) values (134,103,104,'2023/09/04 - 청소','확인자1','2023-09-04','2023-09-04','DONE',1000,101,'Y','N',100, now(), 100, now());  
insert into td_work(work_seq, todo_seq, worker_seq, work_titl, work_cont, work_dt, confm_dt, todo_stat_cd, gain_point, checker_seq, setle_yn, del_yn, creator_seq, cre_dt, updator_seq, upd_dt) values (135,100,103,'2023/09/05 - 기상','18.have','2023-09-05','2023-09-05','FAIL',0,101,'Y','N',100, now(), 100, now());  
insert into td_work(work_seq, todo_seq, worker_seq, work_titl, work_cont, work_dt, confm_dt, todo_stat_cd, gain_point, checker_seq, setle_yn, del_yn, creator_seq, cre_dt, updator_seq, upd_dt) values (136,100,104,'2023/09/05 - 기상 ','19.make','2023-09-05','2023-09-05','DONE',1000,101,'Y','N',100, now(), 100, now());  
insert into td_work(work_seq, todo_seq, worker_seq, work_titl, work_cont, work_dt, confm_dt, todo_stat_cd, gain_point, checker_seq, setle_yn, del_yn, creator_seq, cre_dt, updator_seq, upd_dt) values (137,101,103,'2023/09/05 - 취침 ','확인자1','2023-09-05','2023-09-05','DONE',1000,101,'Y','N',100, now(), 100, now()); 
insert into td_work(work_seq, todo_seq, worker_seq, work_titl, work_cont, work_dt, confm_dt, todo_stat_cd, gain_point, checker_seq, setle_yn, del_yn, creator_seq, cre_dt, updator_seq, upd_dt) values (138,101,104,'2023/09/05 - 취침','확인자1','2023-09-05','2023-09-05','DONE',1000,101,'Y','N',100, now(), 100, now());  
insert into td_work(work_seq, todo_seq, worker_seq, work_titl, work_cont, work_dt, confm_dt, todo_stat_cd, gain_point, checker_seq, setle_yn, del_yn, creator_seq, cre_dt, updator_seq, upd_dt) values (139,102,103,'2023/09/05 - 영어일기','This hotel isn''t very good. Why is it so expensive?','2023-09-05','2023-09-05','DONE',1000,101,'Y','N',100, now(), 100, now());  
insert into td_work(work_seq, todo_seq, worker_seq, work_titl, work_cont, work_dt, confm_dt, todo_stat_cd, gain_point, checker_seq, setle_yn, del_yn, creator_seq, cre_dt, updator_seq, upd_dt) values (140,102,104,'2023/09/05 - 영어일기','What''s your phone number?','2023-09-05','2023-09-05','DONE',1000,101,'Y','N',100, now(), 100, now());  
insert into td_work(work_seq, todo_seq, worker_seq, work_titl, work_cont, work_dt, confm_dt, todo_stat_cd, gain_point, checker_seq, setle_yn, del_yn, creator_seq, cre_dt, updator_seq, upd_dt) values (141,103,103,'2023/09/05 - 청소','확인자1','2023-09-05','2023-09-05','DONE',1000,101,'Y','N',100, now(), 100, now());  
insert into td_work(work_seq, todo_seq, worker_seq, work_titl, work_cont, work_dt, confm_dt, todo_stat_cd, gain_point, checker_seq, setle_yn, del_yn, creator_seq, cre_dt, updator_seq, upd_dt) values (142,103,104,'2023/09/05 - 청소','확인자1','2023-09-05','2023-09-05','DONE',1000,101,'Y','N',100, now(), 100, now());  
insert into td_work(work_seq, todo_seq, worker_seq, work_titl, work_cont, work_dt, confm_dt, todo_stat_cd, gain_point, checker_seq, setle_yn, del_yn, creator_seq, cre_dt, updator_seq, upd_dt) values (143,100,103,'2023/09/06 - 기상','20.let','2023-09-06','2023-09-06','DONE',1000,101,'Y','N',100, now(), 100, now());  
insert into td_work(work_seq, todo_seq, worker_seq, work_titl, work_cont, work_dt, confm_dt, todo_stat_cd, gain_point, checker_seq, setle_yn, del_yn, creator_seq, cre_dt, updator_seq, upd_dt) values (144,100,104,'2023/09/06 - 기상 ','21.get','2023-09-06','2023-09-06','DONE',1000,101,'Y','N',100, now(), 100, now()); 
insert into td_work(work_seq, todo_seq, worker_seq, work_titl, work_cont, work_dt, confm_dt, todo_stat_cd, gain_point, checker_seq, setle_yn, del_yn, creator_seq, cre_dt, updator_seq, upd_dt) values (145,101,103,'2023/09/06 - 취침 ','확인자1','2023-09-06','2023-09-06','DONE',1000,101,'Y','N',100, now(), 100, now()); 
insert into td_work(work_seq, todo_seq, worker_seq, work_titl, work_cont, work_dt, confm_dt, todo_stat_cd, gain_point, checker_seq, setle_yn, del_yn, creator_seq, cre_dt, updator_seq, upd_dt) values (146,101,104,'2023/09/06 - 취침','확인자1','2023-09-06','2023-09-06','DONE',1000,101,'Y','N',100, now(), 100, now());  
insert into td_work(work_seq, todo_seq, worker_seq, work_titl, work_cont, work_dt, confm_dt, todo_stat_cd, gain_point, checker_seq, setle_yn, del_yn, creator_seq, cre_dt, updator_seq, upd_dt) values (147,102,103,'2023/09/06 - 영어일기','You''re not listening to me.','2023-09-06','2023-09-06','DONE',1000,101,'Y','N',100, now(), 100, now());  
insert into td_work(work_seq, todo_seq, worker_seq, work_titl, work_cont, work_dt, confm_dt, todo_stat_cd, gain_point, checker_seq, setle_yn, del_yn, creator_seq, cre_dt, updator_seq, upd_dt) values (148,102,104,'2023/09/06 - 영어일기','Please be quiet. I''m working.','2023-09-06','2023-09-06','DONE',1000,101,'Y','N',100, now(), 100, now());  
insert into td_work(work_seq, todo_seq, worker_seq, work_titl, work_cont, work_dt, confm_dt, todo_stat_cd, gain_point, checker_seq, setle_yn, del_yn, creator_seq, cre_dt, updator_seq, upd_dt) values (149,103,103,'2023/09/06 - 청소','확인자1','2023-09-06','2023-09-06','DONE',1000,101,'Y','N',100, now(), 100, now());  
insert into td_work(work_seq, todo_seq, worker_seq, work_titl, work_cont, work_dt, confm_dt, todo_stat_cd, gain_point, checker_seq, setle_yn, del_yn, creator_seq, cre_dt, updator_seq, upd_dt) values (150,103,104,'2023/09/06 - 청소','확인자1','2023-09-06','2023-09-06','DONE',1000,101,'Y','N',100, now(), 100, now());  
insert into td_work(work_seq, todo_seq, worker_seq, work_titl, work_cont, work_dt, confm_dt, todo_stat_cd, gain_point, checker_seq, setle_yn, del_yn, creator_seq, cre_dt, updator_seq, upd_dt) values (151,100,103,'2023/09/07 - 기상','24.different','2023-09-07','2023-09-07','DONE',1000,101,'Y','N',100, now(), 100, now());  
insert into td_work(work_seq, todo_seq, worker_seq, work_titl, work_cont, work_dt, confm_dt, todo_stat_cd, gain_point, checker_seq, setle_yn, del_yn, creator_seq, cre_dt, updator_seq, upd_dt) values (152,100,104,'2023/09/07 - 기상 ','25.important','2023-09-07','2023-09-07','FAIL',0,101,'Y','N',100, now(), 100, now());  
insert into td_work(work_seq, todo_seq, worker_seq, work_titl, work_cont, work_dt, confm_dt, todo_stat_cd, gain_point, checker_seq, setle_yn, del_yn, creator_seq, cre_dt, updator_seq, upd_dt) values (153,101,103,'2023/09/07 - 취침 ','확인자1','2023-09-07','2023-09-07','DONE',1000,101,'Y','N',100, now(), 100, now()); 
insert into td_work(work_seq, todo_seq, worker_seq, work_titl, work_cont, work_dt, confm_dt, todo_stat_cd, gain_point, checker_seq, setle_yn, del_yn, creator_seq, cre_dt, updator_seq, upd_dt) values (154,101,104,'2023/09/07 - 취침','확인자1','2023-09-07','2023-09-07','DONE',1000,101,'Y','N',100, now(), 100, now());  
insert into td_work(work_seq, todo_seq, worker_seq, work_titl, work_cont, work_dt, confm_dt, todo_stat_cd, gain_point, checker_seq, setle_yn, del_yn, creator_seq, cre_dt, updator_seq, upd_dt) values (155,102,103,'2023/09/07 - 영어일기','Look, there''s Sarah. She''s wearing a brown coat.','2023-09-07','2023-09-07','DONE',1000,101,'Y','N',100, now(), 100, now());  
insert into td_work(work_seq, todo_seq, worker_seq, work_titl, work_cont, work_dt, confm_dt, todo_stat_cd, gain_point, checker_seq, setle_yn, del_yn, creator_seq, cre_dt, updator_seq, upd_dt) values (156,102,104,'2023/09/07 - 영어일기','We''re having dinner now. Can I call you later?','2023-09-07','2023-09-07','DONE',1000,101,'Y','N',100, now(), 100, now()); 
insert into td_work(work_seq, todo_seq, worker_seq, work_titl, work_cont, work_dt, confm_dt, todo_stat_cd, gain_point, checker_seq, setle_yn, del_yn, creator_seq, cre_dt, updator_seq, upd_dt) values (157,103,103,'2023/09/07 - 청소','확인자1','2023-09-07','2023-09-07','DONE',1000,101,'Y','N',100, now(), 100, now());  
insert into td_work(work_seq, todo_seq, worker_seq, work_titl, work_cont, work_dt, confm_dt, todo_stat_cd, gain_point, checker_seq, setle_yn, del_yn, creator_seq, cre_dt, updator_seq, upd_dt) values (158,103,104,'2023/09/07 - 청소','확인자1','2023-09-07','2023-09-07','DONE',1000,101,'Y','N',100, now(), 100, now());  
insert into td_work(work_seq, todo_seq, worker_seq, work_titl, work_cont, work_dt, confm_dt, todo_stat_cd, gain_point, checker_seq, setle_yn, del_yn, creator_seq, cre_dt, updator_seq, upd_dt) values (159,100,103,'2023/09/08 - 기상','26.other','2023-09-08','2023-09-08','FAIL',0,101,'Y','N',100, now(), 100, now()); 
insert into td_work(work_seq, todo_seq, worker_seq, work_titl, work_cont, work_dt, confm_dt, todo_stat_cd, gain_point, checker_seq, setle_yn, del_yn, creator_seq, cre_dt, updator_seq, upd_dt) values (160,100,104,'2023/09/08 - 기상 ','27.right','2023-09-08','2023-09-08','FAIL',0,101,'Y','N',100, now(), 100, now());  
insert into td_work(work_seq, todo_seq, worker_seq, work_titl, work_cont, work_dt, confm_dt, todo_stat_cd, gain_point, checker_seq, setle_yn, del_yn, creator_seq, cre_dt, updator_seq, upd_dt) values (161,101,103,'2023/09/08 - 취침 ','확인자1','2023-09-08','2023-09-08','DONE',1000,101,'Y','N',100, now(), 100, now()); 
insert into td_work(work_seq, todo_seq, worker_seq, work_titl, work_cont, work_dt, confm_dt, todo_stat_cd, gain_point, checker_seq, setle_yn, del_yn, creator_seq, cre_dt, updator_seq, upd_dt) values (162,101,104,'2023/09/08 - 취침','확인자1','2023-09-08','2023-09-08','DONE',1000,101,'Y','N',100, now(), 100, now());  
insert into td_work(work_seq, todo_seq, worker_seq, work_titl, work_cont, work_dt, confm_dt, todo_stat_cd, gain_point, checker_seq, setle_yn, del_yn, creator_seq, cre_dt, updator_seq, upd_dt) values (163,102,103,'2023/09/08 - 영어일기','Why are you wearing a coat? It''s not cold.','2023-09-08','2023-09-08','DONE',1000,101,'Y','N',100, now(), 100, now()); 
insert into td_work(work_seq, todo_seq, worker_seq, work_titl, work_cont, work_dt, confm_dt, todo_stat_cd, gain_point, checker_seq, setle_yn, del_yn, creator_seq, cre_dt, updator_seq, upd_dt) values (164,102,104,'2023/09/08 - 영어일기','Who are you waiting for? Are you waiting for Sue?','2023-09-08','2023-09-08','DONE',1000,101,'Y','N',100, now(), 100, now()); 
insert into td_work(work_seq, todo_seq, worker_seq, work_titl, work_cont, work_dt, confm_dt, todo_stat_cd, gain_point, checker_seq, setle_yn, del_yn, creator_seq, cre_dt, updator_seq, upd_dt) values (165,103,103,'2023/09/08 - 청소','확인자1','2023-09-08','2023-09-08','DONE',1000,101,'Y','N',100, now(), 100, now());  
insert into td_work(work_seq, todo_seq, worker_seq, work_titl, work_cont, work_dt, confm_dt, todo_stat_cd, gain_point, checker_seq, setle_yn, del_yn, creator_seq, cre_dt, updator_seq, upd_dt) values (166,103,104,'2023/09/08 - 청소','확인자1','2023-09-08','2023-09-08','FAIL',0,101,'Y','N',100, now(), 100, now()); 
insert into td_work(work_seq, todo_seq, worker_seq, work_titl, work_cont, work_dt, confm_dt, todo_stat_cd, gain_point, checker_seq, setle_yn, del_yn, creator_seq, cre_dt, updator_seq, upd_dt) values (167,100,103,'2023/09/09 - 기상','30.well','2023-09-09','2023-09-09','FAIL',0,101,'Y','N',100, now(), 100, now());  
insert into td_work(work_seq, todo_seq, worker_seq, work_titl, work_cont, work_dt, confm_dt, todo_stat_cd, gain_point, checker_seq, setle_yn, del_yn, creator_seq, cre_dt, updator_seq, upd_dt) values (168,100,104,'2023/09/09 - 기상 ','31.person','2023-09-09','2023-09-09','DONE',1000,101,'Y','N',100, now(), 100, now());  
insert into td_work(work_seq, todo_seq, worker_seq, work_titl, work_cont, work_dt, confm_dt, todo_stat_cd, gain_point, checker_seq, setle_yn, del_yn, creator_seq, cre_dt, updator_seq, upd_dt) values (169,101,103,'2023/09/09 - 취침 ','확인자1','2023-09-09','2023-09-09','DONE',1000,101,'Y','N',100, now(), 100, now()); 
insert into td_work(work_seq, todo_seq, worker_seq, work_titl, work_cont, work_dt, confm_dt, todo_stat_cd, gain_point, checker_seq, setle_yn, del_yn, creator_seq, cre_dt, updator_seq, upd_dt) values (170,101,104,'2023/09/09 - 취침','확인자1','2023-09-09','2023-09-09','DONE',1000,101,'Y','N',100, now(), 100, now());  
insert into td_work(work_seq, todo_seq, worker_seq, work_titl, work_cont, work_dt, confm_dt, todo_stat_cd, gain_point, checker_seq, setle_yn, del_yn, creator_seq, cre_dt, updator_seq, upd_dt) values (171,102,103,'2023/09/09 - 영어일기','Are you leaving now? / Yes, I am.','2023-09-09','2023-09-09','DONE',1000,101,'Y','N',100, now(), 100, now()); 
insert into td_work(work_seq, todo_seq, worker_seq, work_titl, work_cont, work_dt, confm_dt, todo_stat_cd, gain_point, checker_seq, setle_yn, del_yn, creator_seq, cre_dt, updator_seq, upd_dt) values (172,102,104,'2023/09/09 - 영어일기','Are your friends staying at a hotel?','2023-09-09','2023-09-09','DONE',1000,101,'Y','N',100, now(), 100, now());  
insert into td_work(work_seq, todo_seq, worker_seq, work_titl, work_cont, work_dt, confm_dt, todo_stat_cd, gain_point, checker_seq, setle_yn, del_yn, creator_seq, cre_dt, updator_seq, upd_dt) values (173,103,103,'2023/09/09 - 청소','확인자1','2023-09-09','2023-09-09','DONE',1000,101,'Y','N',100, now(), 100, now());  
insert into td_work(work_seq, todo_seq, worker_seq, work_titl, work_cont, work_dt, confm_dt, todo_stat_cd, gain_point, checker_seq, setle_yn, del_yn, creator_seq, cre_dt, updator_seq, upd_dt) values (174,103,104,'2023/09/09 - 청소','확인자1','2023-09-09','2023-09-09','FAIL',0,101,'Y','N',100, now(), 100, now()); 
insert into td_work(work_seq, todo_seq, worker_seq, work_titl, work_cont, work_dt, confm_dt, todo_stat_cd, gain_point, checker_seq, setle_yn, del_yn, creator_seq, cre_dt, updator_seq, upd_dt) values (175,100,103,'2023/09/10 - 기상','32.clothes','2023-09-10','2023-09-10','DONE',1000,101,'Y','N',100, now(), 100, now());  
insert into td_work(work_seq, todo_seq, worker_seq, work_titl, work_cont, work_dt, confm_dt, todo_stat_cd, gain_point, checker_seq, setle_yn, del_yn, creator_seq, cre_dt, updator_seq, upd_dt) values (176,100,104,'2023/09/10 - 기상 ','33.movie','2023-09-10','2023-09-10','DONE',1000,101,'Y','N',100, now(), 100, now()); 
insert into td_work(work_seq, todo_seq, worker_seq, work_titl, work_cont, work_dt, confm_dt, todo_stat_cd, gain_point, checker_seq, setle_yn, del_yn, creator_seq, cre_dt, updator_seq, upd_dt) values (177,101,103,'2023/09/10 - 취침 ','확인자1','2023-09-10','2023-09-10','DONE',1000,101,'Y','N',100, now(), 100, now()); 
insert into td_work(work_seq, todo_seq, worker_seq, work_titl, work_cont, work_dt, confm_dt, todo_stat_cd, gain_point, checker_seq, setle_yn, del_yn, creator_seq, cre_dt, updator_seq, upd_dt) values (178,101,104,'2023/09/10 - 취침','확인자1','2023-09-10','2023-09-10','DONE',1000,101,'Y','N',100, now(), 100, now());  
insert into td_work(work_seq, todo_seq, worker_seq, work_titl, work_cont, work_dt, confm_dt, todo_stat_cd, gain_point, checker_seq, setle_yn, del_yn, creator_seq, cre_dt, updator_seq, upd_dt) values (179,102,103,'2023/09/10 - 영어일기','I work in an office. My brother works in a bank.','2023-09-10','2023-09-10','DONE',1000,101,'Y','N',100, now(), 100, now());  
insert into td_work(work_seq, todo_seq, worker_seq, work_titl, work_cont, work_dt, confm_dt, todo_stat_cd, gain_point, checker_seq, setle_yn, del_yn, creator_seq, cre_dt, updator_seq, upd_dt) values (180,102,104,'2023/09/10 - 영어일기','Lucy lives in Houston. Her parents live in Chicago.','2023-09-10','2023-09-10','DONE',1000,101,'Y','N',100, now(), 100, now()); 
insert into td_work(work_seq, todo_seq, worker_seq, work_titl, work_cont, work_dt, confm_dt, todo_stat_cd, gain_point, checker_seq, setle_yn, del_yn, creator_seq, cre_dt, updator_seq, upd_dt) values (181,103,103,'2023/09/10 - 청소','확인자1','2023-09-10','2023-09-10','DONE',1000,101,'Y','N',100, now(), 100, now());  
insert into td_work(work_seq, todo_seq, worker_seq, work_titl, work_cont, work_dt, confm_dt, todo_stat_cd, gain_point, checker_seq, setle_yn, del_yn, creator_seq, cre_dt, updator_seq, upd_dt) values (182,103,104,'2023/09/10 - 청소','확인자1','2023-09-10','2023-09-10','DONE',1000,101,'Y','N',100, now(), 100, now());  
insert into td_work(work_seq, todo_seq, worker_seq, work_titl, work_cont, work_dt, confm_dt, todo_stat_cd, gain_point, checker_seq, setle_yn, del_yn, creator_seq, cre_dt, updator_seq, upd_dt) values (183,100,103,'2023/09/11 - 기상','36.letter','2023-09-11','2023-09-11','DONE',1000,101,'Y','N',100, now(), 100, now()); 
insert into td_work(work_seq, todo_seq, worker_seq, work_titl, work_cont, work_dt, confm_dt, todo_stat_cd, gain_point, checker_seq, setle_yn, del_yn, creator_seq, cre_dt, updator_seq, upd_dt) values (184,100,104,'2023/09/11 - 기상 ','37.fire','2023-09-11','2023-09-11','DONE',1000,101,'Y','N',100, now(), 100, now());  
insert into td_work(work_seq, todo_seq, worker_seq, work_titl, work_cont, work_dt, confm_dt, todo_stat_cd, gain_point, checker_seq, setle_yn, del_yn, creator_seq, cre_dt, updator_seq, upd_dt) values (185,101,103,'2023/09/11 - 취침 ','확인자1','2023-09-11','2023-09-11','DONE',1000,101,'Y','N',100, now(), 100, now()); 
insert into td_work(work_seq, todo_seq, worker_seq, work_titl, work_cont, work_dt, confm_dt, todo_stat_cd, gain_point, checker_seq, setle_yn, del_yn, creator_seq, cre_dt, updator_seq, upd_dt) values (186,101,104,'2023/09/11 - 취침','확인자1','2023-09-11','2023-09-11','DONE',1000,101,'Y','N',100, now(), 100, now());  
insert into td_work(work_seq, todo_seq, worker_seq, work_titl, work_cont, work_dt, confm_dt, todo_stat_cd, gain_point, checker_seq, setle_yn, del_yn, creator_seq, cre_dt, updator_seq, upd_dt) values (187,102,103,'2023/09/11 - 영어일기','We looked up at the stars in the sky.','2023-09-11','2023-09-11','DONE',1000,101,'Y','N',100, now(), 100, now()); 
insert into td_work(work_seq, todo_seq, worker_seq, work_titl, work_cont, work_dt, confm_dt, todo_stat_cd, gain_point, checker_seq, setle_yn, del_yn, creator_seq, cre_dt, updator_seq, upd_dt) values (188,102,104,'2023/09/11 - 영어일기','Emma got into the car and drove away.','2023-09-11','2023-09-11','DONE',1000,101,'Y','N',100, now(), 100, now()); 
insert into td_work(work_seq, todo_seq, worker_seq, work_titl, work_cont, work_dt, confm_dt, todo_stat_cd, gain_point, checker_seq, setle_yn, del_yn, creator_seq, cre_dt, updator_seq, upd_dt) values (189,103,103,'2023/09/11 - 청소','확인자1','2023-09-11','2023-09-11','DONE',1000,101,'Y','N',100, now(), 100, now());  
insert into td_work(work_seq, todo_seq, worker_seq, work_titl, work_cont, work_dt, confm_dt, todo_stat_cd, gain_point, checker_seq, setle_yn, del_yn, creator_seq, cre_dt, updator_seq, upd_dt) values (190,103,104,'2023/09/11 - 청소','확인자1','2023-09-11','2023-09-11','DONE',1000,101,'Y','N',100, now(), 100, now());  
insert into td_work(work_seq, todo_seq, worker_seq, work_titl, work_cont, work_dt, confm_dt, todo_stat_cd, gain_point, checker_seq, setle_yn, del_yn, creator_seq, cre_dt, updator_seq, upd_dt) values (191,100,103,'2023/09/12 - 기상','38.minute','2023-09-12','2023-09-12','DONE',1000,101,'Y','N',100, now(), 100, now()); 
insert into td_work(work_seq, todo_seq, worker_seq, work_titl, work_cont, work_dt, confm_dt, todo_stat_cd, gain_point, checker_seq, setle_yn, del_yn, creator_seq, cre_dt, updator_seq, upd_dt) values (192,100,104,'2023/09/12 - 기상 ','39.part','2023-09-12','2023-09-12','DONE',1000,101,'Y','N',100, now(), 100, now());  
insert into td_work(work_seq, todo_seq, worker_seq, work_titl, work_cont, work_dt, confm_dt, todo_stat_cd, gain_point, checker_seq, setle_yn, del_yn, creator_seq, cre_dt, updator_seq, upd_dt) values (193,101,103,'2023/09/12 - 취침 ','확인자1','2023-09-12','2023-09-12','DONE',1000,101,'Y','N',100, now(), 100, now()); 
insert into td_work(work_seq, todo_seq, worker_seq, work_titl, work_cont, work_dt, confm_dt, todo_stat_cd, gain_point, checker_seq, setle_yn, del_yn, creator_seq, cre_dt, updator_seq, upd_dt) values (194,101,104,'2023/09/12 - 취침','확인자1','2023-09-12','2023-09-12','DONE',1000,101,'Y','N',100, now(), 100, now());  
insert into td_work(work_seq, todo_seq, worker_seq, work_titl, work_cont, work_dt, confm_dt, todo_stat_cd, gain_point, checker_seq, setle_yn, del_yn, creator_seq, cre_dt, updator_seq, upd_dt) values (195,102,103,'2023/09/12 - 영어일기','It rains a lot in the winter.','2023-09-12','2023-09-12','DONE',1000,101,'Y','N',100, now(), 100, now()); 
insert into td_work(work_seq, todo_seq, worker_seq, work_titl, work_cont, work_dt, confm_dt, todo_stat_cd, gain_point, checker_seq, setle_yn, del_yn, creator_seq, cre_dt, updator_seq, upd_dt) values (196,102,104,'2023/09/12 - 영어일기','It costs a lot of money to build a hospital.','2023-09-12','2023-09-12','DONE',1000,101,'Y','N',100, now(), 100, now());  
insert into td_work(work_seq, todo_seq, worker_seq, work_titl, work_cont, work_dt, confm_dt, todo_stat_cd, gain_point, checker_seq, setle_yn, del_yn, creator_seq, cre_dt, updator_seq, upd_dt) values (197,103,103,'2023/09/12 - 청소','확인자1','2023-09-12','2023-09-12','DONE',1000,101,'Y','N',100, now(), 100, now());  
insert into td_work(work_seq, todo_seq, worker_seq, work_titl, work_cont, work_dt, confm_dt, todo_stat_cd, gain_point, checker_seq, setle_yn, del_yn, creator_seq, cre_dt, updator_seq, upd_dt) values (198,103,104,'2023/09/12 - 청소','확인자1','2023-09-12','2023-09-12','DONE',1000,101,'Y','N',100, now(), 100, now());  
insert into td_work(work_seq, todo_seq, worker_seq, work_titl, work_cont, work_dt, confm_dt, todo_stat_cd, gain_point, checker_seq, setle_yn, del_yn, creator_seq, cre_dt, updator_seq, upd_dt) values (199,100,103,'2023/09/13 - 기상','42.park','2023-09-13','2023-09-13','DONE',1000,101,'Y','N',100, now(), 100, now()); 
insert into td_work(work_seq, todo_seq, worker_seq, work_titl, work_cont, work_dt, confm_dt, todo_stat_cd, gain_point, checker_seq, setle_yn, del_yn, creator_seq, cre_dt, updator_seq, upd_dt) values (200,100,104,'2023/09/13 - 기상 ','43.call','2023-09-13','2023-09-13','DONE',1000,101,'Y','N',100, now(), 100, now());  
insert into td_work(work_seq, todo_seq, worker_seq, work_titl, work_cont, work_dt, confm_dt, todo_stat_cd, gain_point, checker_seq, setle_yn, del_yn, creator_seq, cre_dt, updator_seq, upd_dt) values (201,101,103,'2023/09/13 - 취침 ','확인자1','2023-09-13','2023-09-13','DONE',1000,101,'Y','N',100, now(), 100, now()); 
insert into td_work(work_seq, todo_seq, worker_seq, work_titl, work_cont, work_dt, confm_dt, todo_stat_cd, gain_point, checker_seq, setle_yn, del_yn, creator_seq, cre_dt, updator_seq, upd_dt) values (202,101,104,'2023/09/13 - 취침','확인자1','2023-09-13','2023-09-13','DONE',1000,101,'Y','N',100, now(), 100, now());  
insert into td_work(work_seq, todo_seq, worker_seq, work_titl, work_cont, work_dt, confm_dt, todo_stat_cd, gain_point, checker_seq, setle_yn, del_yn, creator_seq, cre_dt, updator_seq, upd_dt) values (203,102,103,'2023/09/13 - 영어일기','We looked up at the stars in the sky.','2023-09-13','2023-09-13','DONE',1000,101,'Y','N',100, now(), 100, now()); 
insert into td_work(work_seq, todo_seq, worker_seq, work_titl, work_cont, work_dt, confm_dt, todo_stat_cd, gain_point, checker_seq, setle_yn, del_yn, creator_seq, cre_dt, updator_seq, upd_dt) values (204,102,104,'2023/09/13 - 영어일기','Emma got into the car and drove away.','2023-09-13','2023-09-13','DONE',1000,101,'Y','N',100, now(), 100, now()); 
insert into td_work(work_seq, todo_seq, worker_seq, work_titl, work_cont, work_dt, confm_dt, todo_stat_cd, gain_point, checker_seq, setle_yn, del_yn, creator_seq, cre_dt, updator_seq, upd_dt) values (205,103,103,'2023/09/13 - 청소','확인자1','2023-09-13','2023-09-13','DONE',1000,101,'Y','N',100, now(), 100, now());  
insert into td_work(work_seq, todo_seq, worker_seq, work_titl, work_cont, work_dt, confm_dt, todo_stat_cd, gain_point, checker_seq, setle_yn, del_yn, creator_seq, cre_dt, updator_seq, upd_dt) values (206,103,104,'2023/09/13 - 청소','확인자1','2023-09-13','2023-09-13','DONE',1000,101,'Y','N',100, now(), 100, now());  
insert into td_work(work_seq, todo_seq, worker_seq, work_titl, work_cont, work_dt, confm_dt, todo_stat_cd, gain_point, checker_seq, setle_yn, del_yn, creator_seq, cre_dt, updator_seq, upd_dt) values (207,100,103,'2023/09/14 - 기상','40.plan','2023-09-14','2023-09-14','DONE',1000,101,'Y','N',100, now(), 100, now()); 
insert into td_work(work_seq, todo_seq, worker_seq, work_titl, work_cont, work_dt, confm_dt, todo_stat_cd, gain_point, checker_seq, setle_yn, del_yn, creator_seq, cre_dt, updator_seq, upd_dt) values (208,100,104,'2023/09/14 - 기상 ','41.plant','2023-09-14','2023-09-14','DONE',1000,101,'Y','N',100, now(), 100, now()); 
insert into td_work(work_seq, todo_seq, worker_seq, work_titl, work_cont, work_dt, confm_dt, todo_stat_cd, gain_point, checker_seq, setle_yn, del_yn, creator_seq, cre_dt, updator_seq, upd_dt) values (209,101,103,'2023/09/14 - 취침 ','확인자1','2023-09-14','2023-09-14','FAIL',0,101,'Y','N',100, now(), 100, now());  
insert into td_work(work_seq, todo_seq, worker_seq, work_titl, work_cont, work_dt, confm_dt, todo_stat_cd, gain_point, checker_seq, setle_yn, del_yn, creator_seq, cre_dt, updator_seq, upd_dt) values (210,101,104,'2023/09/14 - 취침','확인자1','2023-09-14','2023-09-14','FAIL',0,101,'Y','N',100, now(), 100, now()); 
insert into td_work(work_seq, todo_seq, worker_seq, work_titl, work_cont, work_dt, confm_dt, todo_stat_cd, gain_point, checker_seq, setle_yn, del_yn, creator_seq, cre_dt, updator_seq, upd_dt) values (211,102,103,'2023/09/14 - 영어일기','Sue drinks tea, but she doesn''t drink coffee.','2023-09-14','2023-09-14','DONE',1000,101,'Y','N',100, now(), 100, now());  
insert into td_work(work_seq, todo_seq, worker_seq, work_titl, work_cont, work_dt, confm_dt, todo_stat_cd, gain_point, checker_seq, setle_yn, del_yn, creator_seq, cre_dt, updator_seq, upd_dt) values (212,102,104,'2023/09/14 - 영어일기','The weather is usually nice. It doesn''t rain very often.','2023-09-14','2023-09-14','DONE',1000,101,'Y','N',100, now(), 100, now()); 
insert into td_work(work_seq, todo_seq, worker_seq, work_titl, work_cont, work_dt, confm_dt, todo_stat_cd, gain_point, checker_seq, setle_yn, del_yn, creator_seq, cre_dt, updator_seq, upd_dt) values (213,103,103,'2023/09/14 - 청소','확인자1','2023-09-14','2023-09-14','DONE',1000,101,'Y','N',100, now(), 100, now());  
insert into td_work(work_seq, todo_seq, worker_seq, work_titl, work_cont, work_dt, confm_dt, todo_stat_cd, gain_point, checker_seq, setle_yn, del_yn, creator_seq, cre_dt, updator_seq, upd_dt) values (214,103,104,'2023/09/14 - 청소','확인자1','2023-09-14','2023-09-14','DONE',1000,101,'Y','N',100, now(), 100, now());  
insert into td_work(work_seq, todo_seq, worker_seq, work_titl, work_cont, work_dt, confm_dt, todo_stat_cd, gain_point, checker_seq, setle_yn, del_yn, creator_seq, cre_dt, updator_seq, upd_dt) values (215,100,103,'2023/09/15 - 기상','34.activity','2023-09-15','2023-09-15','DONE',1000,101,'Y','N',100, now(), 100, now()); 
insert into td_work(work_seq, todo_seq, worker_seq, work_titl, work_cont, work_dt, confm_dt, todo_stat_cd, gain_point, checker_seq, setle_yn, del_yn, creator_seq, cre_dt, updator_seq, upd_dt) values (216,100,104,'2023/09/15 - 기상 ','35.example','2023-09-15','2023-09-15','DONE',1000,101,'Y','N',100, now(), 100, now()); 
insert into td_work(work_seq, todo_seq, worker_seq, work_titl, work_cont, work_dt, confm_dt, todo_stat_cd, gain_point, checker_seq, setle_yn, del_yn, creator_seq, cre_dt, updator_seq, upd_dt) values (217,101,103,'2023/09/15 - 취침 ','확인자1','2023-09-15','2023-09-15','DONE',1000,101,'Y','N',100, now(), 100, now()); 
insert into td_work(work_seq, todo_seq, worker_seq, work_titl, work_cont, work_dt, confm_dt, todo_stat_cd, gain_point, checker_seq, setle_yn, del_yn, creator_seq, cre_dt, updator_seq, upd_dt) values (218,101,104,'2023/09/15 - 취침','확인자1','2023-09-15','2023-09-15','DONE',1000,101,'Y','N',100, now(), 100, now());  
insert into td_work(work_seq, todo_seq, worker_seq, work_titl, work_cont, work_dt, confm_dt, todo_stat_cd, gain_point, checker_seq, setle_yn, del_yn, creator_seq, cre_dt, updator_seq, upd_dt) values (219,102,103,'2023/09/15 - 영어일기','Sometimes he is late, but it doesn''t happen very often.','2023-09-15','2023-09-15','DONE',1000,101,'Y','N',100, now(), 100, now());  
insert into td_work(work_seq, todo_seq, worker_seq, work_titl, work_cont, work_dt, confm_dt, todo_stat_cd, gain_point, checker_seq, setle_yn, del_yn, creator_seq, cre_dt, updator_seq, upd_dt) values (220,102,104,'2023/09/15 - 영어일기','Bill doesn''t do his job very well.','2023-09-15','2023-09-15','DONE',1000,101,'Y','N',100, now(), 100, now()); 
insert into td_work(work_seq, todo_seq, worker_seq, work_titl, work_cont, work_dt, confm_dt, todo_stat_cd, gain_point, checker_seq, setle_yn, del_yn, creator_seq, cre_dt, updator_seq, upd_dt) values (221,103,103,'2023/09/15 - 청소','확인자1','2023-09-15','2023-09-15','DONE',1000,101,'Y','N',100, now(), 100, now());  
insert into td_work(work_seq, todo_seq, worker_seq, work_titl, work_cont, work_dt, confm_dt, todo_stat_cd, gain_point, checker_seq, setle_yn, del_yn, creator_seq, cre_dt, updator_seq, upd_dt) values (222,103,104,'2023/09/15 - 청소','확인자1','2023-09-15','2023-09-15','DONE',1000,101,'Y','N',100, now(), 100, now());  
insert into td_work(work_seq, todo_seq, worker_seq, work_titl, work_cont, work_dt, confm_dt, todo_stat_cd, gain_point, checker_seq, setle_yn, del_yn, creator_seq, cre_dt, updator_seq, upd_dt) values (223,104,103,'2023/09/15 - 운동','잠수교','2023-09-15','2023-09-15','DONE',1000,101,'Y','N',100, now(), 100, now()); 
insert into td_work(work_seq, todo_seq, worker_seq, work_titl, work_cont, work_dt, confm_dt, todo_stat_cd, gain_point, checker_seq, setle_yn, del_yn, creator_seq, cre_dt, updator_seq, upd_dt) values (224,104,104,'2023/09/15 - 운동','잠수교','2023-09-15','2023-09-15','DONE',1000,101,'Y','N',100, now(), 100, now()); 
insert into td_work(work_seq, todo_seq, worker_seq, work_titl, work_cont, work_dt, confm_dt, todo_stat_cd, gain_point, checker_seq, setle_yn, del_yn, creator_seq, cre_dt, updator_seq, upd_dt) values (225,105,104,'2023/09/15 - 독서','셜록홈즈 10~103 page','2023-09-15','2023-09-15','DONE',1000,101,'Y','N',100, now(), 100, now());  
insert into td_work(work_seq, todo_seq, worker_seq, work_titl, work_cont, work_dt, confm_dt, todo_stat_cd, gain_point, checker_seq, setle_yn, del_yn, creator_seq, cre_dt, updator_seq, upd_dt) values (226,100,103,'2023/09/16 - 기상','28.sure','2023-09-16','2023-09-16','DONE',1000,101,'Y','N',100, now(), 100, now()); 
insert into td_work(work_seq, todo_seq, worker_seq, work_titl, work_cont, work_dt, confm_dt, todo_stat_cd, gain_point, checker_seq, setle_yn, del_yn, creator_seq, cre_dt, updator_seq, upd_dt) values (227,100,104,'2023/09/16 - 기상 ','29.too','2023-09-16','2023-09-16','DONE',1000,101,'Y','N',100, now(), 100, now()); 
insert into td_work(work_seq, todo_seq, worker_seq, work_titl, work_cont, work_dt, confm_dt, todo_stat_cd, gain_point, checker_seq, setle_yn, del_yn, creator_seq, cre_dt, updator_seq, upd_dt) values (228,101,103,'2023/09/16 - 취침 ','확인자1','2023-09-16','2023-09-16','FAIL',0,101,'Y','N',100, now(), 100, now());  
insert into td_work(work_seq, todo_seq, worker_seq, work_titl, work_cont, work_dt, confm_dt, todo_stat_cd, gain_point, checker_seq, setle_yn, del_yn, creator_seq, cre_dt, updator_seq, upd_dt) values (229,101,104,'2023/09/16 - 취침','확인자1','2023-09-16','2023-09-16','DONE',1000,101,'Y','N',100, now(), 100, now());  
insert into td_work(work_seq, todo_seq, worker_seq, work_titl, work_cont, work_dt, confm_dt, todo_stat_cd, gain_point, checker_seq, setle_yn, del_yn, creator_seq, cre_dt, updator_seq, upd_dt) values (230,102,103,'2023/09/16 - 영어일기','Do you play tennis? / No, I don''t.','2023-09-16','2023-09-16','DONE',1000,101,'Y','N',100, now(), 100, now()); 
insert into td_work(work_seq, todo_seq, worker_seq, work_titl, work_cont, work_dt, confm_dt, todo_stat_cd, gain_point, checker_seq, setle_yn, del_yn, creator_seq, cre_dt, updator_seq, upd_dt) values (231,102,104,'2023/09/16 - 영어일기','Do your parents speak English? / Yes, they do.','2023-09-16','2023-09-16','DONE',1000,101,'Y','N',100, now(), 100, now());  
insert into td_work(work_seq, todo_seq, worker_seq, work_titl, work_cont, work_dt, confm_dt, todo_stat_cd, gain_point, checker_seq, setle_yn, del_yn, creator_seq, cre_dt, updator_seq, upd_dt) values (232,103,103,'2023/09/16 - 청소','확인자1','2023-09-16','2023-09-16','DONE',1000,101,'Y','N',100, now(), 100, now());  
insert into td_work(work_seq, todo_seq, worker_seq, work_titl, work_cont, work_dt, confm_dt, todo_stat_cd, gain_point, checker_seq, setle_yn, del_yn, creator_seq, cre_dt, updator_seq, upd_dt) values (233,103,104,'2023/09/16 - 청소','확인자1','2023-09-16','2023-09-16','DONE',1000,101,'Y','N',100, now(), 100, now());  
insert into td_work(work_seq, todo_seq, worker_seq, work_titl, work_cont, work_dt, confm_dt, todo_stat_cd, gain_point, checker_seq, setle_yn, del_yn, creator_seq, cre_dt, updator_seq, upd_dt) values (234,100,103,'2023/09/17 - 기상','22.take','2023-09-17','2023-09-17','DONE',1000,101,'Y','N',100, now(), 100, now()); 
insert into td_work(work_seq, todo_seq, worker_seq, work_titl, work_cont, work_dt, confm_dt, todo_stat_cd, gain_point, checker_seq, setle_yn, del_yn, creator_seq, cre_dt, updator_seq, upd_dt) values (235,100,104,'2023/09/17 - 기상 ','23.live','2023-09-17','2023-09-17','DONE',1000,101,'Y','N',100, now(), 100, now());  
insert into td_work(work_seq, todo_seq, worker_seq, work_titl, work_cont, work_dt, confm_dt, todo_stat_cd, gain_point, checker_seq, setle_yn, del_yn, creator_seq, cre_dt, updator_seq, upd_dt) values (236,101,103,'2023/09/17 - 취침 ','확인자1','2023-09-17','2023-09-17','DONE',1000,101,'Y','N',100, now(), 100, now()); 
insert into td_work(work_seq, todo_seq, worker_seq, work_titl, work_cont, work_dt, confm_dt, todo_stat_cd, gain_point, checker_seq, setle_yn, del_yn, creator_seq, cre_dt, updator_seq, upd_dt) values (237,101,104,'2023/09/17 - 취침','확인자1','2023-09-17','2023-09-17','DONE',1000,101,'Y','N',100, now(), 100, now());  
insert into td_work(work_seq, todo_seq, worker_seq, work_titl, work_cont, work_dt, confm_dt, todo_stat_cd, gain_point, checker_seq, setle_yn, del_yn, creator_seq, cre_dt, updator_seq, upd_dt) values (238,102,103,'2023/09/17 - 영어일기','Does Gray work hard? / Yes, he does.','2023-09-17','2023-09-17','DONE',1000,101,'Y','N',100, now(), 100, now());  
insert into td_work(work_seq, todo_seq, worker_seq, work_titl, work_cont, work_dt, confm_dt, todo_stat_cd, gain_point, checker_seq, setle_yn, del_yn, creator_seq, cre_dt, updator_seq, upd_dt) values (239,102,104,'2023/09/17 - 영어일기','Does your sister live in Vancouver? / No, she doesn''t.','2023-09-17','2023-09-17','DONE',1000,101,'Y','N',100, now(), 100, now()); 
insert into td_work(work_seq, todo_seq, worker_seq, work_titl, work_cont, work_dt, confm_dt, todo_stat_cd, gain_point, checker_seq, setle_yn, del_yn, creator_seq, cre_dt, updator_seq, upd_dt) values (240,103,103,'2023/09/17 - 청소','확인자1','2023-09-17','2023-09-17','DONE',1000,101,'Y','N',100, now(), 100, now());  
insert into td_work(work_seq, todo_seq, worker_seq, work_titl, work_cont, work_dt, confm_dt, todo_stat_cd, gain_point, checker_seq, setle_yn, del_yn, creator_seq, cre_dt, updator_seq, upd_dt) values (241,103,104,'2023/09/17 - 청소','확인자1','2023-09-17','2023-09-17','DONE',1000,101,'Y','N',100, now(), 100, now());  
insert into td_work(work_seq, todo_seq, worker_seq, work_titl, work_cont, work_dt, confm_dt, todo_stat_cd, gain_point, checker_seq, setle_yn, del_yn, creator_seq, cre_dt, updator_seq, upd_dt) values (242,105,103,'2023/09/17 - 독서','이기적인유전자 137~255 page','2023-09-17','2023-09-17','DONE',1000,101,'Y','N',100, now(), 100, now());  
insert into td_work(work_seq, todo_seq, worker_seq, work_titl, work_cont, work_dt, confm_dt, todo_stat_cd, gain_point, checker_seq, setle_yn, del_yn, creator_seq, cre_dt, updator_seq, upd_dt) values (243,100,103,'2023/09/18 - 기상','46.fun','2023-09-18','2023-09-18','DONE',1000,101,'Y','N',100, now(), 100, now());  
insert into td_work(work_seq, todo_seq, worker_seq, work_titl, work_cont, work_dt, confm_dt, todo_stat_cd, gain_point, checker_seq, setle_yn, del_yn, creator_seq, cre_dt, updator_seq, upd_dt) values (244,100,104,'2023/09/18 - 기상 ','47.future','2023-09-18','2023-09-18','DONE',1000,101,'Y','N',100, now(), 100, now());  
insert into td_work(work_seq, todo_seq, worker_seq, work_titl, work_cont, work_dt, confm_dt, todo_stat_cd, gain_point, checker_seq, setle_yn, del_yn, creator_seq, cre_dt, updator_seq, upd_dt) values (245,101,103,'2023/09/18 - 취침 ','확인자1','2023-09-18','2023-09-18','FAIL',0,101,'Y','N',100, now(), 100, now());  
insert into td_work(work_seq, todo_seq, worker_seq, work_titl, work_cont, work_dt, confm_dt, todo_stat_cd, gain_point, checker_seq, setle_yn, del_yn, creator_seq, cre_dt, updator_seq, upd_dt) values (246,101,104,'2023/09/18 - 취침','확인자1','2023-09-18','2023-09-18','DONE',1000,101,'Y','N',100, now(), 100, now());  
insert into td_work(work_seq, todo_seq, worker_seq, work_titl, work_cont, work_dt, confm_dt, todo_stat_cd, gain_point, checker_seq, setle_yn, del_yn, creator_seq, cre_dt, updator_seq, upd_dt) values (247,102,103,'2023/09/18 - 영어일기','Why are you under the table? What are you doing?','2023-09-18','2023-09-18','DONE',1000,101,'Y','N',100, now(), 100, now());  
insert into td_work(work_seq, todo_seq, worker_seq, work_titl, work_cont, work_dt, confm_dt, todo_stat_cd, gain_point, checker_seq, setle_yn, del_yn, creator_seq, cre_dt, updator_seq, upd_dt) values (248,102,104,'2023/09/18 - 영어일기','I''m tired. I want to go home.','2023-09-18','2023-09-18','DONE',1000,101,'Y','N',100, now(), 100, now());  
insert into td_work(work_seq, todo_seq, worker_seq, work_titl, work_cont, work_dt, confm_dt, todo_stat_cd, gain_point, checker_seq, setle_yn, del_yn, creator_seq, cre_dt, updator_seq, upd_dt) values (249,103,103,'2023/09/18 - 청소','확인자1','2023-09-18','2023-09-18','DONE',1000,101,'Y','N',100, now(), 100, now());  
insert into td_work(work_seq, todo_seq, worker_seq, work_titl, work_cont, work_dt, confm_dt, todo_stat_cd, gain_point, checker_seq, setle_yn, del_yn, creator_seq, cre_dt, updator_seq, upd_dt) values (250,103,104,'2023/09/18 - 청소','확인자1','2023-09-18','2023-09-18','DONE',1000,101,'Y','N',100, now(), 100, now());  
insert into td_work(work_seq, todo_seq, worker_seq, work_titl, work_cont, work_dt, confm_dt, todo_stat_cd, gain_point, checker_seq, setle_yn, del_yn, creator_seq, cre_dt, updator_seq, upd_dt) values (251,100,103,'2023/09/19 - 기상','48.keep','2023-09-19','2023-09-19','DONE',1000,101,'Y','N',100, now(), 100, now()); 
insert into td_work(work_seq, todo_seq, worker_seq, work_titl, work_cont, work_dt, confm_dt, todo_stat_cd, gain_point, checker_seq, setle_yn, del_yn, creator_seq, cre_dt, updator_seq, upd_dt) values (252,100,104,'2023/09/19 - 기상 ','49.listen','2023-09-19','2023-09-19','DONE',1000,101,'Y','N',100, now(), 100, now());  
insert into td_work(work_seq, todo_seq, worker_seq, work_titl, work_cont, work_dt, confm_dt, todo_stat_cd, gain_point, checker_seq, setle_yn, del_yn, creator_seq, cre_dt, updator_seq, upd_dt) values (253,101,103,'2023/09/19 - 취침 ','확인자1','2023-09-19','2023-09-19','DONE',1000,101,'Y','N',100, now(), 100, now()); 
insert into td_work(work_seq, todo_seq, worker_seq, work_titl, work_cont, work_dt, confm_dt, todo_stat_cd, gain_point, checker_seq, setle_yn, del_yn, creator_seq, cre_dt, updator_seq, upd_dt) values (254,101,104,'2023/09/19 - 취침','확인자1','2023-09-19','2023-09-19','FAIL',0,101,'Y','N',100, now(), 100, now()); 
insert into td_work(work_seq, todo_seq, worker_seq, work_titl, work_cont, work_dt, confm_dt, todo_stat_cd, gain_point, checker_seq, setle_yn, del_yn, creator_seq, cre_dt, updator_seq, upd_dt) values (255,102,103,'2023/09/19 - 영어일기','I don''t understand. What do you mean?','2023-09-19','2023-09-19','DONE',1000,101,'Y','N',100, now(), 100, now());  
insert into td_work(work_seq, todo_seq, worker_seq, work_titl, work_cont, work_dt, confm_dt, todo_stat_cd, gain_point, checker_seq, setle_yn, del_yn, creator_seq, cre_dt, updator_seq, upd_dt) values (256,102,104,'2023/09/19 - 영어일기','Do you know that girl? / Yes, but I don''t remember her name.','2023-09-19','2023-09-19','DONE',1000,101,'Y','N',100, now(), 100, now()); 
insert into td_work(work_seq, todo_seq, worker_seq, work_titl, work_cont, work_dt, confm_dt, todo_stat_cd, gain_point, checker_seq, setle_yn, del_yn, creator_seq, cre_dt, updator_seq, upd_dt) values (257,103,103,'2023/09/19 - 청소','확인자1','2023-09-19','2023-09-19','DONE',1000,101,'Y','N',100, now(), 100, now());  
insert into td_work(work_seq, todo_seq, worker_seq, work_titl, work_cont, work_dt, confm_dt, todo_stat_cd, gain_point, checker_seq, setle_yn, del_yn, creator_seq, cre_dt, updator_seq, upd_dt) values (258,103,104,'2023/09/19 - 청소','확인자1','2023-09-19','2023-09-19','DONE',1000,101,'Y','N',100, now(), 100, now());  
insert into td_work(work_seq, todo_seq, worker_seq, work_titl, work_cont, work_dt, confm_dt, todo_stat_cd, gain_point, checker_seq, setle_yn, del_yn, creator_seq, cre_dt, updator_seq, upd_dt) values (259,100,103,'2023/09/20 - 기상','50.find','2023-09-20','2023-09-20','DONE',1000,101,'Y','N',100, now(), 100, now()); 
insert into td_work(work_seq, todo_seq, worker_seq, work_titl, work_cont, work_dt, confm_dt, todo_stat_cd, gain_point, checker_seq, setle_yn, del_yn, creator_seq, cre_dt, updator_seq, upd_dt) values (260,100,104,'2023/09/20 - 기상 ','51.learn','2023-09-20','2023-09-20','DONE',1000,101,'Y','N',100, now(), 100, now()); 
insert into td_work(work_seq, todo_seq, worker_seq, work_titl, work_cont, work_dt, confm_dt, todo_stat_cd, gain_point, checker_seq, setle_yn, del_yn, creator_seq, cre_dt, updator_seq, upd_dt) values (261,101,103,'2023/09/20 - 취침 ','확인자1','2023-09-20','2023-09-20','DONE',1000,101,'Y','N',100, now(), 100, now()); 
insert into td_work(work_seq, todo_seq, worker_seq, work_titl, work_cont, work_dt, confm_dt, todo_stat_cd, gain_point, checker_seq, setle_yn, del_yn, creator_seq, cre_dt, updator_seq, upd_dt) values (262,101,104,'2023/09/20 - 취침','확인자1','2023-09-20','2023-09-20','DONE',1000,101,'Y','N',100, now(), 100, now());  
insert into td_work(work_seq, todo_seq, worker_seq, work_titl, work_cont, work_dt, confm_dt, todo_stat_cd, gain_point, checker_seq, setle_yn, del_yn, creator_seq, cre_dt, updator_seq, upd_dt) values (263,102,103,'2023/09/20 - 영어일기','I have blue eyes.(or) I''ve got blue eyes.','2023-09-20','2023-09-20','DONE',1000,101,'Y','N',100, now(), 100, now());  
insert into td_work(work_seq, todo_seq, worker_seq, work_titl, work_cont, work_dt, confm_dt, todo_stat_cd, gain_point, checker_seq, setle_yn, del_yn, creator_seq, cre_dt, updator_seq, upd_dt) values (264,102,104,'2023/09/20 - 영어일기','Our car has four doors.(or) Our car has got four doors.','2023-09-20','2023-09-20','DONE',1000,101,'Y','N',100, now(), 100, now()); 
insert into td_work(work_seq, todo_seq, worker_seq, work_titl, work_cont, work_dt, confm_dt, todo_stat_cd, gain_point, checker_seq, setle_yn, del_yn, creator_seq, cre_dt, updator_seq, upd_dt) values (265,103,103,'2023/09/20 - 청소','확인자1','2023-09-20','2023-09-20','DONE',1000,101,'Y','N',100, now(), 100, now());  
insert into td_work(work_seq, todo_seq, worker_seq, work_titl, work_cont, work_dt, confm_dt, todo_stat_cd, gain_point, checker_seq, setle_yn, del_yn, creator_seq, cre_dt, updator_seq, upd_dt) values (266,103,104,'2023/09/20 - 청소','확인자1','2023-09-20','2023-09-20','DONE',1000,101,'Y','N',100, now(), 100, now());  
insert into td_work(work_seq, todo_seq, worker_seq, work_titl, work_cont, work_dt, confm_dt, todo_stat_cd, gain_point, checker_seq, setle_yn, del_yn, creator_seq, cre_dt, updator_seq, upd_dt) values (267,100,103,'2023/09/21 - 기상','55.each','2023-09-21','2023-09-21','FAIL',0,101,'Y','N',100, now(), 100, now());  
insert into td_work(work_seq, todo_seq, worker_seq, work_titl, work_cont, work_dt, confm_dt, todo_stat_cd, gain_point, checker_seq, setle_yn, del_yn, creator_seq, cre_dt, updator_seq, upd_dt) values (268,100,104,'2023/09/21 - 기상 ','56.another','2023-09-21','2023-09-21','FAIL',0,101,'Y','N',100, now(), 100, now());  
insert into td_work(work_seq, todo_seq, worker_seq, work_titl, work_cont, work_dt, confm_dt, todo_stat_cd, gain_point, checker_seq, setle_yn, del_yn, creator_seq, cre_dt, updator_seq, upd_dt) values (269,101,103,'2023/09/21 - 취침 ','확인자1','2023-09-21','2023-09-21','DONE',1000,101,'Y','N',100, now(), 100, now()); 
insert into td_work(work_seq, todo_seq, worker_seq, work_titl, work_cont, work_dt, confm_dt, todo_stat_cd, gain_point, checker_seq, setle_yn, del_yn, creator_seq, cre_dt, updator_seq, upd_dt) values (270,101,104,'2023/09/21 - 취침','확인자1','2023-09-21','2023-09-21','DONE',1000,101,'Y','N',100, now(), 100, now());  
insert into td_work(work_seq, todo_seq, worker_seq, work_titl, work_cont, work_dt, confm_dt, todo_stat_cd, gain_point, checker_seq, setle_yn, del_yn, creator_seq, cre_dt, updator_seq, upd_dt) values (271,102,103,'2023/09/21 - 영어일기','It''s a nice house, but it doesn''t have a garage.','2023-09-21','2023-09-21','DONE',1000,101,'Y','N',100, now(), 100, now());  
insert into td_work(work_seq, todo_seq, worker_seq, work_titl, work_cont, work_dt, confm_dt, todo_stat_cd, gain_point, checker_seq, setle_yn, del_yn, creator_seq, cre_dt, updator_seq, upd_dt) values (272,102,104,'2023/09/21 - 영어일기','What kind of car does she have?','2023-09-21','2023-09-21','DONE',1000,101,'Y','N',100, now(), 100, now()); 
insert into td_work(work_seq, todo_seq, worker_seq, work_titl, work_cont, work_dt, confm_dt, todo_stat_cd, gain_point, checker_seq, setle_yn, del_yn, creator_seq, cre_dt, updator_seq, upd_dt) values (273,103,103,'2023/09/21 - 청소','확인자1','2023-09-21','2023-09-21','DONE',1000,101,'Y','N',100, now(), 100, now());  
insert into td_work(work_seq, todo_seq, worker_seq, work_titl, work_cont, work_dt, confm_dt, todo_stat_cd, gain_point, checker_seq, setle_yn, del_yn, creator_seq, cre_dt, updator_seq, upd_dt) values (274,103,104,'2023/09/21 - 청소','확인자1','2023-09-21','2023-09-21','DONE',1000,101,'Y','N',100, now(), 100, now());  
insert into td_work(work_seq, todo_seq, worker_seq, work_titl, work_cont, work_dt, confm_dt, todo_stat_cd, gain_point, checker_seq, setle_yn, del_yn, creator_seq, cre_dt, updator_seq, upd_dt) values (275,108,104,'2023/09/21 - 쪽지시험','영어학원 100점','2023-09-21','2023-09-21','DONE',1000,101,'Y','N',100, now(), 100, now()); 
insert into td_work(work_seq, todo_seq, worker_seq, work_titl, work_cont, work_dt, confm_dt, todo_stat_cd, gain_point, checker_seq, setle_yn, del_yn, creator_seq, cre_dt, updator_seq, upd_dt) values (276,109,104,'2023/09/21 - 쪽지시험','영어학원 100점','2023-09-21','2023-09-21','DONE',4000,101,'Y','N',100, now(), 100, now()); 
insert into td_work(work_seq, todo_seq, worker_seq, work_titl, work_cont, work_dt, confm_dt, todo_stat_cd, gain_point, checker_seq, setle_yn, del_yn, creator_seq, cre_dt, updator_seq, upd_dt) values (277,100,103,'2023/09/22 - 기상','57.same','2023-09-22','2023-09-22','DONE',1000,101,'Y','N',100, now(), 100, now()); 
insert into td_work(work_seq, todo_seq, worker_seq, work_titl, work_cont, work_dt, confm_dt, todo_stat_cd, gain_point, checker_seq, setle_yn, del_yn, creator_seq, cre_dt, updator_seq, upd_dt) values (278,100,104,'2023/09/22 - 기상 ','58.hard','2023-09-22','2023-09-22','DONE',1000,101,'Y','N',100, now(), 100, now());  
insert into td_work(work_seq, todo_seq, worker_seq, work_titl, work_cont, work_dt, confm_dt, todo_stat_cd, gain_point, checker_seq, setle_yn, del_yn, creator_seq, cre_dt, updator_seq, upd_dt) values (279,101,103,'2023/09/22 - 취침 ','확인자1','2023-09-22','2023-09-22','DONE',1000,101,'Y','N',100, now(), 100, now()); 
insert into td_work(work_seq, todo_seq, worker_seq, work_titl, work_cont, work_dt, confm_dt, todo_stat_cd, gain_point, checker_seq, setle_yn, del_yn, creator_seq, cre_dt, updator_seq, upd_dt) values (280,101,104,'2023/09/22 - 취침','확인자1','2023-09-22','2023-09-22','DONE',1000,101,'Y','N',100, now(), 100, now());  
insert into td_work(work_seq, todo_seq, worker_seq, work_titl, work_cont, work_dt, confm_dt, todo_stat_cd, gain_point, checker_seq, setle_yn, del_yn, creator_seq, cre_dt, updator_seq, upd_dt) values (281,102,103,'2023/09/22 - 영어일기','What do you have in your bag? (or) What have you got in your bag?','2023-09-22','2023-09-22','DONE',1000,101,'Y','N',100, now(), 100, now()); 
insert into td_work(work_seq, todo_seq, worker_seq, work_titl, work_cont, work_dt, confm_dt, todo_stat_cd, gain_point, checker_seq, setle_yn, del_yn, creator_seq, cre_dt, updator_seq, upd_dt) values (282,102,104,'2023/09/22 - 영어일기','Where was Kate yesterday?','2023-09-22','2023-09-22','DONE',1000,101,'Y','N',100, now(), 100, now()); 
insert into td_work(work_seq, todo_seq, worker_seq, work_titl, work_cont, work_dt, confm_dt, todo_stat_cd, gain_point, checker_seq, setle_yn, del_yn, creator_seq, cre_dt, updator_seq, upd_dt) values (283,103,103,'2023/09/22 - 청소','확인자1','2023-09-22','2023-09-22','DONE',1000,101,'Y','N',100, now(), 100, now());  
insert into td_work(work_seq, todo_seq, worker_seq, work_titl, work_cont, work_dt, confm_dt, todo_stat_cd, gain_point, checker_seq, setle_yn, del_yn, creator_seq, cre_dt, updator_seq, upd_dt) values (284,103,104,'2023/09/22 - 청소','확인자1','2023-09-22','2023-09-22','DONE',1000,101,'Y','N',100, now(), 100, now());  
insert into td_work(work_seq, todo_seq, worker_seq, work_titl, work_cont, work_dt, confm_dt, todo_stat_cd, gain_point, checker_seq, setle_yn, del_yn, creator_seq, cre_dt, updator_seq, upd_dt) values (285,100,103,'2023/09/23 - 기상','60.really','2023-09-23','2023-09-23','DONE',1000,101,'Y','N',100, now(), 100, now()); 
insert into td_work(work_seq, todo_seq, worker_seq, work_titl, work_cont, work_dt, confm_dt, todo_stat_cd, gain_point, checker_seq, setle_yn, del_yn, creator_seq, cre_dt, updator_seq, upd_dt) values (286,100,104,'2023/09/23 - 기상 ','61.bird','2023-09-23','2023-09-23','DONE',1000,101,'Y','N',100, now(), 100, now());  
insert into td_work(work_seq, todo_seq, worker_seq, work_titl, work_cont, work_dt, confm_dt, todo_stat_cd, gain_point, checker_seq, setle_yn, del_yn, creator_seq, cre_dt, updator_seq, upd_dt) values (287,101,103,'2023/09/23 - 취침 ','확인자1','2023-09-23','2023-09-23','DONE',1000,101,'Y','N',100, now(), 100, now()); 
insert into td_work(work_seq, todo_seq, worker_seq, work_titl, work_cont, work_dt, confm_dt, todo_stat_cd, gain_point, checker_seq, setle_yn, del_yn, creator_seq, cre_dt, updator_seq, upd_dt) values (288,101,104,'2023/09/23 - 취침','확인자1','2023-09-23','2023-09-23','DONE',1000,101,'Y','N',100, now(), 100, now());  
insert into td_work(work_seq, todo_seq, worker_seq, work_titl, work_cont, work_dt, confm_dt, todo_stat_cd, gain_point, checker_seq, setle_yn, del_yn, creator_seq, cre_dt, updator_seq, upd_dt) values (289,102,103,'2023/09/23 - 영어일기','They weren''t here last Sunday.','2023-09-23','2023-09-23','DONE',1000,101,'Y','N',100, now(), 100, now()); 
insert into td_work(work_seq, todo_seq, worker_seq, work_titl, work_cont, work_dt, confm_dt, todo_stat_cd, gain_point, checker_seq, setle_yn, del_yn, creator_seq, cre_dt, updator_seq, upd_dt) values (290,102,104,'2023/09/23 - 영어일기','We were hungry after the trip, but we weren''t tired.','2023-09-23','2023-09-23','DONE',1000,101,'Y','N',100, now(), 100, now()); 
insert into td_work(work_seq, todo_seq, worker_seq, work_titl, work_cont, work_dt, confm_dt, todo_stat_cd, gain_point, checker_seq, setle_yn, del_yn, creator_seq, cre_dt, updator_seq, upd_dt) values (291,103,103,'2023/09/23 - 청소','확인자1','2023-09-23','2023-09-23','DONE',1000,101,'Y','N',100, now(), 100, now());  
insert into td_work(work_seq, todo_seq, worker_seq, work_titl, work_cont, work_dt, confm_dt, todo_stat_cd, gain_point, checker_seq, setle_yn, del_yn, creator_seq, cre_dt, updator_seq, upd_dt) values (292,103,104,'2023/09/23 - 청소','확인자1','2023-09-23','2023-09-23','DONE',1000,101,'Y','N',100, now(), 100, now());  
insert into td_work(work_seq, todo_seq, worker_seq, work_titl, work_cont, work_dt, confm_dt, todo_stat_cd, gain_point, checker_seq, setle_yn, del_yn, creator_seq, cre_dt, updator_seq, upd_dt) values (293,100,103,'2023/09/24 - 기상','62.trip','2023-09-24','2023-09-24','DONE',1000,101,'Y','N',100, now(), 100, now()); 
insert into td_work(work_seq, todo_seq, worker_seq, work_titl, work_cont, work_dt, confm_dt, todo_stat_cd, gain_point, checker_seq, setle_yn, del_yn, creator_seq, cre_dt, updator_seq, upd_dt) values (294,100,104,'2023/09/24 - 기상 ','63.vacation','2023-09-24','2023-09-24','DONE',1000,101,'Y','N',100, now(), 100, now());  
insert into td_work(work_seq, todo_seq, worker_seq, work_titl, work_cont, work_dt, confm_dt, todo_stat_cd, gain_point, checker_seq, setle_yn, del_yn, creator_seq, cre_dt, updator_seq, upd_dt) values (295,101,103,'2023/09/24 - 취침 ','확인자1','2023-09-24','2023-09-24','DONE',1000,101,'Y','N',100, now(), 100, now()); 
insert into td_work(work_seq, todo_seq, worker_seq, work_titl, work_cont, work_dt, confm_dt, todo_stat_cd, gain_point, checker_seq, setle_yn, del_yn, creator_seq, cre_dt, updator_seq, upd_dt) values (296,101,104,'2023/09/24 - 취침','확인자1','2023-09-24','2023-09-24','DONE',1000,101,'Y','N',100, now(), 100, now());  
insert into td_work(work_seq, todo_seq, worker_seq, work_titl, work_cont, work_dt, confm_dt, todo_stat_cd, gain_point, checker_seq, setle_yn, del_yn, creator_seq, cre_dt, updator_seq, upd_dt) values (297,102,103,'2023/09/24 - 영어일기','Was the weather nice when you were on vacation?','2023-09-24','2023-09-24','DONE',1000,101,'Y','N',100, now(), 100, now()); 
insert into td_work(work_seq, todo_seq, worker_seq, work_titl, work_cont, work_dt, confm_dt, todo_stat_cd, gain_point, checker_seq, setle_yn, del_yn, creator_seq, cre_dt, updator_seq, upd_dt) values (298,102,104,'2023/09/24 - 영어일기','I brush my teeth every morning.','2023-09-24','2023-09-24','DONE',1000,101,'Y','N',100, now(), 100, now()); 
insert into td_work(work_seq, todo_seq, worker_seq, work_titl, work_cont, work_dt, confm_dt, todo_stat_cd, gain_point, checker_seq, setle_yn, del_yn, creator_seq, cre_dt, updator_seq, upd_dt) values (299,103,103,'2023/09/24 - 청소','확인자1','2023-09-24','2023-09-24','DONE',1000,101,'Y','N',100, now(), 100, now());  
insert into td_work(work_seq, todo_seq, worker_seq, work_titl, work_cont, work_dt, confm_dt, todo_stat_cd, gain_point, checker_seq, setle_yn, del_yn, creator_seq, cre_dt, updator_seq, upd_dt) values (300,103,104,'2023/09/24 - 청소','확인자1','2023-09-24','2023-09-24','DONE',1000,101,'Y','N',100, now(), 100, now());  
insert into td_work(work_seq, todo_seq, worker_seq, work_titl, work_cont, work_dt, confm_dt, todo_stat_cd, gain_point, checker_seq, setle_yn, del_yn, creator_seq, cre_dt, updator_seq, upd_dt) values (301,100,103,'2023/09/25 - 기상','64.course','2023-09-25','2023-09-25','DONE',1000,101,'Y','N',100, now(), 100, now()); 
insert into td_work(work_seq, todo_seq, worker_seq, work_titl, work_cont, work_dt, confm_dt, todo_stat_cd, gain_point, checker_seq, setle_yn, del_yn, creator_seq, cre_dt, updator_seq, upd_dt) values (302,100,104,'2023/09/25 - 기상 ','65.space','2023-09-25','2023-09-25','DONE',1000,101,'Y','N',100, now(), 100, now()); 
insert into td_work(work_seq, todo_seq, worker_seq, work_titl, work_cont, work_dt, confm_dt, todo_stat_cd, gain_point, checker_seq, setle_yn, del_yn, creator_seq, cre_dt, updator_seq, upd_dt) values (303,101,103,'2023/09/25 - 취침 ','확인자1','2023-09-25','2023-09-25','DONE',1000,101,'Y','N',100, now(), 100, now()); 
insert into td_work(work_seq, todo_seq, worker_seq, work_titl, work_cont, work_dt, confm_dt, todo_stat_cd, gain_point, checker_seq, setle_yn, del_yn, creator_seq, cre_dt, updator_seq, upd_dt) values (304,101,104,'2023/09/25 - 취침','확인자1','2023-09-25','2023-09-25','DONE',1000,101,'Y','N',100, now(), 100, now());  
insert into td_work(work_seq, todo_seq, worker_seq, work_titl, work_cont, work_dt, confm_dt, todo_stat_cd, gain_point, checker_seq, setle_yn, del_yn, creator_seq, cre_dt, updator_seq, upd_dt) values (305,102,103,'2023/09/25 - 영어일기','Caroline went to the movies three times last week.','2023-09-25','2023-09-25','DONE',1000,101,'Y','N',100, now(), 100, now());  
insert into td_work(work_seq, todo_seq, worker_seq, work_titl, work_cont, work_dt, confm_dt, todo_stat_cd, gain_point, checker_seq, setle_yn, del_yn, creator_seq, cre_dt, updator_seq, upd_dt) values (306,102,104,'2023/09/25 - 영어일기','James came into the room, took off his coat, and sat down.','2023-09-25','2023-09-25','DONE',1000,101,'Y','N',100, now(), 100, now());  
insert into td_work(work_seq, todo_seq, worker_seq, work_titl, work_cont, work_dt, confm_dt, todo_stat_cd, gain_point, checker_seq, setle_yn, del_yn, creator_seq, cre_dt, updator_seq, upd_dt) values (307,103,103,'2023/09/25 - 청소','확인자1','2023-09-25','2023-09-25','DONE',1000,101,'Y','N',100, now(), 100, now());  
insert into td_work(work_seq, todo_seq, worker_seq, work_titl, work_cont, work_dt, confm_dt, todo_stat_cd, gain_point, checker_seq, setle_yn, del_yn, creator_seq, cre_dt, updator_seq, upd_dt) values (308,103,104,'2023/09/25 - 청소','확인자1','2023-09-25','2023-09-25','DONE',1000,101,'Y','N',100, now(), 100, now());  
insert into td_work(work_seq, todo_seq, worker_seq, work_titl, work_cont, work_dt, confm_dt, todo_stat_cd, gain_point, checker_seq, setle_yn, del_yn, creator_seq, cre_dt, updator_seq, upd_dt) values (309,100,103,'2023/09/26 - 기상','66.street','2023-09-26','2023-09-26','DONE',1000,101,'Y','N',100, now(), 100, now()); 
insert into td_work(work_seq, todo_seq, worker_seq, work_titl, work_cont, work_dt, confm_dt, todo_stat_cd, gain_point, checker_seq, setle_yn, del_yn, creator_seq, cre_dt, updator_seq, upd_dt) values (310,100,104,'2023/09/26 - 기상 ','67.side','2023-09-26','2023-09-26','DONE',1000,101,'Y','N',100, now(), 100, now());  
insert into td_work(work_seq, todo_seq, worker_seq, work_titl, work_cont, work_dt, confm_dt, todo_stat_cd, gain_point, checker_seq, setle_yn, del_yn, creator_seq, cre_dt, updator_seq, upd_dt) values (311,101,103,'2023/09/26 - 취침 ','확인자1','2023-09-26','2023-09-26','DONE',1000,101,'Y','N',100, now(), 100, now()); 
insert into td_work(work_seq, todo_seq, worker_seq, work_titl, work_cont, work_dt, confm_dt, todo_stat_cd, gain_point, checker_seq, setle_yn, del_yn, creator_seq, cre_dt, updator_seq, upd_dt) values (312,101,104,'2023/09/26 - 취침','확인자1','2023-09-26','2023-09-26','DONE',1000,101,'Y','N',100, now(), 100, now());  
insert into td_work(work_seq, todo_seq, worker_seq, work_titl, work_cont, work_dt, confm_dt, todo_stat_cd, gain_point, checker_seq, setle_yn, del_yn, creator_seq, cre_dt, updator_seq, upd_dt) values (313,102,103,'2023/09/26 - 영어일기','Terry worked in a bank from 1996 to 2003.','2023-09-26','2023-09-26','DONE',1000,101,'Y','N',100, now(), 100, now()); 
insert into td_work(work_seq, todo_seq, worker_seq, work_titl, work_cont, work_dt, confm_dt, todo_stat_cd, gain_point, checker_seq, setle_yn, del_yn, creator_seq, cre_dt, updator_seq, upd_dt) values (314,102,104,'2023/09/26 - 영어일기','Yesterday it rained all morning. It stopped at lunchtime.','2023-09-26','2023-09-26','DONE',1000,101,'Y','N',100, now(), 100, now()); 
insert into td_work(work_seq, todo_seq, worker_seq, work_titl, work_cont, work_dt, confm_dt, todo_stat_cd, gain_point, checker_seq, setle_yn, del_yn, creator_seq, cre_dt, updator_seq, upd_dt) values (315,103,103,'2023/09/26 - 청소','확인자1','2023-09-26','2023-09-26','DONE',1000,101,'Y','N',100, now(), 100, now());  
insert into td_work(work_seq, todo_seq, worker_seq, work_titl, work_cont, work_dt, confm_dt, todo_stat_cd, gain_point, checker_seq, setle_yn, del_yn, creator_seq, cre_dt, updator_seq, upd_dt) values (316,103,104,'2023/09/26 - 청소','확인자1','2023-09-26','2023-09-26','DONE',1000,101,'Y','N',100, now(), 100, now());  
insert into td_work(work_seq, todo_seq, worker_seq, work_titl, work_cont, work_dt, confm_dt, todo_stat_cd, gain_point, checker_seq, setle_yn, del_yn, creator_seq, cre_dt, updator_seq, upd_dt) values (317,100,103,'2023/09/27 - 기상','68.paper','2023-09-27','2023-09-27','DONE',1000,101,'Y','N',100, now(), 100, now());  
insert into td_work(work_seq, todo_seq, worker_seq, work_titl, work_cont, work_dt, confm_dt, todo_stat_cd, gain_point, checker_seq, setle_yn, del_yn, creator_seq, cre_dt, updator_seq, upd_dt) values (318,100,104,'2023/09/27 - 기상 ','69.newspaper','2023-09-27','2023-09-27','DONE',1000,101,'Y','N',100, now(), 100, now()); 
insert into td_work(work_seq, todo_seq, worker_seq, work_titl, work_cont, work_dt, confm_dt, todo_stat_cd, gain_point, checker_seq, setle_yn, del_yn, creator_seq, cre_dt, updator_seq, upd_dt) values (319,101,103,'2023/09/27 - 취침 ','확인자1','2023-09-27','2023-09-27','DONE',1000,101,'Y','N',100, now(), 100, now()); 
insert into td_work(work_seq, todo_seq, worker_seq, work_titl, work_cont, work_dt, confm_dt, todo_stat_cd, gain_point, checker_seq, setle_yn, del_yn, creator_seq, cre_dt, updator_seq, upd_dt) values (320,101,104,'2023/09/27 - 취침','확인자1','2023-09-27','2023-09-27','DONE',1000,101,'Y','N',100, now(), 100, now());  
insert into td_work(work_seq, todo_seq, worker_seq, work_titl, work_cont, work_dt, confm_dt, todo_stat_cd, gain_point, checker_seq, setle_yn, del_yn, creator_seq, cre_dt, updator_seq, upd_dt) values (321,102,103,'2023/09/27 - 영어일기','Does she go out often?','2023-09-27','2023-09-27','DONE',1000,101,'Y','N',100, now(), 100, now());  
insert into td_work(work_seq, todo_seq, worker_seq, work_titl, work_cont, work_dt, confm_dt, todo_stat_cd, gain_point, checker_seq, setle_yn, del_yn, creator_seq, cre_dt, updator_seq, upd_dt) values (322,102,104,'2023/09/27 - 영어일기','Did your parents have a good trip? / Yes, they did.','2023-09-27','2023-09-27','DONE',1000,101,'Y','N',100, now(), 100, now()); 
insert into td_work(work_seq, todo_seq, worker_seq, work_titl, work_cont, work_dt, confm_dt, todo_stat_cd, gain_point, checker_seq, setle_yn, del_yn, creator_seq, cre_dt, updator_seq, upd_dt) values (323,103,103,'2023/09/27 - 청소','확인자1','2023-09-27','2023-09-27','DONE',1000,101,'Y','N',100, now(), 100, now());  
insert into td_work(work_seq, todo_seq, worker_seq, work_titl, work_cont, work_dt, confm_dt, todo_stat_cd, gain_point, checker_seq, setle_yn, del_yn, creator_seq, cre_dt, updator_seq, upd_dt) values (324,103,104,'2023/09/27 - 청소','확인자1','2023-09-27','2023-09-27','DONE',1000,101,'Y','N',100, now(), 100, now());  
insert into td_work(work_seq, todo_seq, worker_seq, work_titl, work_cont, work_dt, confm_dt, todo_stat_cd, gain_point, checker_seq, setle_yn, del_yn, creator_seq, cre_dt, updator_seq, upd_dt) values (325,100,103,'2023/09/28 - 기상','70.face','2023-09-28','2023-09-28','DONE',1000,101,'N','N',100, now(), 100, now()); 
insert into td_work(work_seq, todo_seq, worker_seq, work_titl, work_cont, work_dt, confm_dt, todo_stat_cd, gain_point, checker_seq, setle_yn, del_yn, creator_seq, cre_dt, updator_seq, upd_dt) values (326,100,104,'2023/09/28 - 기상 ','71.mind','2023-09-28','2023-09-28','DONE',1000,101,'N','N',100, now(), 100, now());  
insert into td_work(work_seq, todo_seq, worker_seq, work_titl, work_cont, work_dt, confm_dt, todo_stat_cd, gain_point, checker_seq, setle_yn, del_yn, creator_seq, cre_dt, updator_seq, upd_dt) values (327,101,103,'2023/09/28 - 취침 ','확인자1','2023-09-28','2023-09-28','DONE',1000,101,'N','N',100, now(), 100, now()); 
insert into td_work(work_seq, todo_seq, worker_seq, work_titl, work_cont, work_dt, confm_dt, todo_stat_cd, gain_point, checker_seq, setle_yn, del_yn, creator_seq, cre_dt, updator_seq, upd_dt) values (328,101,104,'2023/09/28 - 취침','확인자1','2023-09-28','2023-09-28','DONE',1000,101,'N','N',100, now(), 100, now());  
insert into td_work(work_seq, todo_seq, worker_seq, work_titl, work_cont, work_dt, confm_dt, todo_stat_cd, gain_point, checker_seq, setle_yn, del_yn, creator_seq, cre_dt, updator_seq, upd_dt) values (329,102,103,'2023/09/28 - 영어일기','We went to the movies, but we didn''t enjoy the film.','2023-09-28','2023-09-28','DONE',1000,101,'N','N',100, now(), 100, now()); 
insert into td_work(work_seq, todo_seq, worker_seq, work_titl, work_cont, work_dt, confm_dt, todo_stat_cd, gain_point, checker_seq, setle_yn, del_yn, creator_seq, cre_dt, updator_seq, upd_dt) values (330,102,104,'2023/09/28 - 영어일기','Did it rain on Sunday? / Yes, it did.','2023-09-28','2023-09-28','DONE',1000,101,'N','N',100, now(), 100, now()); 
insert into td_work(work_seq, todo_seq, worker_seq, work_titl, work_cont, work_dt, confm_dt, todo_stat_cd, gain_point, checker_seq, setle_yn, del_yn, creator_seq, cre_dt, updator_seq, upd_dt) values (331,103,103,'2023/09/28 - 청소','확인자1','2023-09-28','2023-09-28','DONE',1000,101,'N','N',100, now(), 100, now());  
insert into td_work(work_seq, todo_seq, worker_seq, work_titl, work_cont, work_dt, confm_dt, todo_stat_cd, gain_point, checker_seq, setle_yn, del_yn, creator_seq, cre_dt, updator_seq, upd_dt) values (332,103,104,'2023/09/28 - 청소','확인자1','2023-09-28','2023-09-28','DONE',1000,101,'N','N',100, now(), 100, now());  
insert into td_work(work_seq, todo_seq, worker_seq, work_titl, work_cont, work_dt, confm_dt, todo_stat_cd, gain_point, checker_seq, setle_yn, del_yn, creator_seq, cre_dt, updator_seq, upd_dt) values (333,100,103,'2023/09/29 - 기상','72.volunteer','2023-09-29','2023-09-29','DONE',1000,101,'N','N',100, now(), 100, now());  
insert into td_work(work_seq, todo_seq, worker_seq, work_titl, work_cont, work_dt, confm_dt, todo_stat_cd, gain_point, checker_seq, setle_yn, del_yn, creator_seq, cre_dt, updator_seq, upd_dt) values (334,100,104,'2023/09/29 - 기상 ','73.change','2023-09-29','2023-09-29','DONE',1000,101,'N','N',100, now(), 100, now());  
insert into td_work(work_seq, todo_seq, worker_seq, work_titl, work_cont, work_dt, confm_dt, todo_stat_cd, gain_point, checker_seq, setle_yn, del_yn, creator_seq, cre_dt, updator_seq, upd_dt) values (335,101,103,'2023/09/29 - 취침 ','확인자1','2023-09-29','2023-09-29','DONE',1000,101,'N','N',100, now(), 100, now()); 
insert into td_work(work_seq, todo_seq, worker_seq, work_titl, work_cont, work_dt, confm_dt, todo_stat_cd, gain_point, checker_seq, setle_yn, del_yn, creator_seq, cre_dt, updator_seq, upd_dt) values (336,101,104,'2023/09/29 - 취침','확인자1','2023-09-29','2023-09-29','DONE',1000,101,'N','N',100, now(), 100, now());  
insert into td_work(work_seq, todo_seq, worker_seq, work_titl, work_cont, work_dt, confm_dt, todo_stat_cd, gain_point, checker_seq, setle_yn, del_yn, creator_seq, cre_dt, updator_seq, upd_dt) values (337,102,103,'2023/09/29 - 영어일기','What did he say? / I don''t know. I wasn''t listening.','2023-09-29','2023-09-29','DONE',1000,101,'N','N',100, now(), 100, now());  
insert into td_work(work_seq, todo_seq, worker_seq, work_titl, work_cont, work_dt, confm_dt, todo_stat_cd, gain_point, checker_seq, setle_yn, del_yn, creator_seq, cre_dt, updator_seq, upd_dt) values (338,102,104,'2023/09/29 - 영어일기','It was raining, so we didn''t go out.','2023-09-29','2023-09-29','DONE',1000,101,'N','N',100, now(), 100, now()); 
insert into td_work(work_seq, todo_seq, worker_seq, work_titl, work_cont, work_dt, confm_dt, todo_stat_cd, gain_point, checker_seq, setle_yn, del_yn, creator_seq, cre_dt, updator_seq, upd_dt) values (339,103,103,'2023/09/29 - 청소','확인자1','2023-09-29','2023-09-29','DONE',1000,101,'N','N',100, now(), 100, now());  
insert into td_work(work_seq, todo_seq, worker_seq, work_titl, work_cont, work_dt, confm_dt, todo_stat_cd, gain_point, checker_seq, setle_yn, del_yn, creator_seq, cre_dt, updator_seq, upd_dt) values (340,103,104,'2023/09/29 - 청소','확인자1','2023-09-29','2023-09-29','DONE',1000,101,'N','N',100, now(), 100, now());  
insert into td_work(work_seq, todo_seq, worker_seq, work_titl, work_cont, work_dt, confm_dt, todo_stat_cd, gain_point, checker_seq, setle_yn, del_yn, creator_seq, cre_dt, updator_seq, upd_dt) values (341,100,103,'2023/09/30 - 기상','74.visit','2023-09-30','2023-09-30','DONE',1000,101,'N','N',100, now(), 100, now());  
insert into td_work(work_seq, todo_seq, worker_seq, work_titl, work_cont, work_dt, confm_dt, todo_stat_cd, gain_point, checker_seq, setle_yn, del_yn, creator_seq, cre_dt, updator_seq, upd_dt) values (342,100,104,'2023/09/30 - 기상 ','75.start','2023-09-30','2023-09-30','DONE',1000,101,'N','N',100, now(), 100, now()); 
insert into td_work(work_seq, todo_seq, worker_seq, work_titl, work_cont, work_dt, confm_dt, todo_stat_cd, gain_point, checker_seq, setle_yn, del_yn, creator_seq, cre_dt, updator_seq, upd_dt) values (343,101,103,'2023/09/30 - 취침 ','확인자1','2023-09-30','2023-09-30','DONE',1000,101,'N','N',100, now(), 100, now()); 
insert into td_work(work_seq, todo_seq, worker_seq, work_titl, work_cont, work_dt, confm_dt, todo_stat_cd, gain_point, checker_seq, setle_yn, del_yn, creator_seq, cre_dt, updator_seq, upd_dt) values (344,101,104,'2023/09/30 - 취침','확인자1','2023-09-30','2023-09-30','DONE',1000,101,'N','N',100, now(), 100, now());  
insert into td_work(work_seq, todo_seq, worker_seq, work_titl, work_cont, work_dt, confm_dt, todo_stat_cd, gain_point, checker_seq, setle_yn, del_yn, creator_seq, cre_dt, updator_seq, upd_dt) values (345,102,103,'2023/09/30 - 영어일기','in 2001 we were living in japan.','2023-09-30','2023-09-30','DONE',1000,101,'N','N',100, now(), 100, now());  
insert into td_work(work_seq, todo_seq, worker_seq, work_titl, work_cont, work_dt, confm_dt, todo_stat_cd, gain_point, checker_seq, setle_yn, del_yn, creator_seq, cre_dt, updator_seq, upd_dt) values (346,102,104,'2023/09/30 - 영어일기','The sun was shining, and the birds were singing.','2023-09-30','2023-09-30','DONE',1000,101,'N','N',100, now(), 100, now());  
insert into td_work(work_seq, todo_seq, worker_seq, work_titl, work_cont, work_dt, confm_dt, todo_stat_cd, gain_point, checker_seq, setle_yn, del_yn, creator_seq, cre_dt, updator_seq, upd_dt) values (347,103,103,'2023/09/30 - 청소','확인자1','2023-09-30','2023-09-30','DONE',1000,101,'N','N',100, now(), 100, now());  
insert into td_work(work_seq, todo_seq, worker_seq, work_titl, work_cont, work_dt, confm_dt, todo_stat_cd, gain_point, checker_seq, setle_yn, del_yn, creator_seq, cre_dt, updator_seq, upd_dt) values (348,103,104,'2023/09/30 - 청소','확인자1','2023-09-30','2023-09-30','DONE',1000,101,'N','N',100, now(), 100, now());  
insert into td_work(work_seq, todo_seq, worker_seq, work_titl, work_cont, work_dt, confm_dt, todo_stat_cd, gain_point, checker_seq, setle_yn, del_yn, creator_seq, cre_dt, updator_seq, upd_dt) values (349,104,103,'2023/09/30 - 운동','하늘공원 산책','2023-09-30','2023-09-30','DONE',1000,101,'N','N',100, now(), 100, now()); 
insert into td_work(work_seq, todo_seq, worker_seq, work_titl, work_cont, work_dt, confm_dt, todo_stat_cd, gain_point, checker_seq, setle_yn, del_yn, creator_seq, cre_dt, updator_seq, upd_dt) values (350,104,104,'2023/09/30 - 운동','하늘공원 산책','2023-09-30','2023-09-30','DONE',1000,101,'N','N',100, now(), 100, now()); 
insert into td_work(work_seq, todo_seq, worker_seq, work_titl, work_cont, work_dt, confm_dt, todo_stat_cd, gain_point, checker_seq, setle_yn, del_yn, creator_seq, cre_dt, updator_seq, upd_dt) values (351,100,103,'2023/10/01 - 기상','76.watch','2023-10-01','2023-10-01','DONE',1000,101,'N','N',100, now(), 100, now());  
insert into td_work(work_seq, todo_seq, worker_seq, work_titl, work_cont, work_dt, confm_dt, todo_stat_cd, gain_point, checker_seq, setle_yn, del_yn, creator_seq, cre_dt, updator_seq, upd_dt) values (352,100,104,'2023/10/01 - 기상 ','77.light','2023-10-01','2023-10-01','DONE',1000,101,'N','N',100, now(), 100, now()); 
insert into td_work(work_seq, todo_seq, worker_seq, work_titl, work_cont, work_dt, confm_dt, todo_stat_cd, gain_point, checker_seq, setle_yn, del_yn, creator_seq, cre_dt, updator_seq, upd_dt) values (353,101,103,'2023/10/01 - 취침 ','확인자1','2023-10-01','2023-10-01','DONE',1000,101,'N','N',100, now(), 100, now()); 
insert into td_work(work_seq, todo_seq, worker_seq, work_titl, work_cont, work_dt, confm_dt, todo_stat_cd, gain_point, checker_seq, setle_yn, del_yn, creator_seq, cre_dt, updator_seq, upd_dt) values (354,101,104,'2023/10/01 - 취침','확인자1','2023-10-01','2023-10-01','DONE',1000,101,'N','N',100, now(), 100, now());  
insert into td_work(work_seq, todo_seq, worker_seq, work_titl, work_cont, work_dt, confm_dt, todo_stat_cd, gain_point, checker_seq, setle_yn, del_yn, creator_seq, cre_dt, updator_seq, upd_dt) values (355,102,103,'2023/10/01 - 영어일기','Were you watching television when I called you?','2023-10-01','2023-10-01','DONE',1000,101,'N','N',100, now(), 100, now()); 
insert into td_work(work_seq, todo_seq, worker_seq, work_titl, work_cont, work_dt, confm_dt, todo_stat_cd, gain_point, checker_seq, setle_yn, del_yn, creator_seq, cre_dt, updator_seq, upd_dt) values (356,102,104,'2023/10/01 - 영어일기','It didn''t rain while we were on vacation.','2023-10-01','2023-10-01','DONE',1000,101,'N','N',100, now(), 100, now());  
insert into td_work(work_seq, todo_seq, worker_seq, work_titl, work_cont, work_dt, confm_dt, todo_stat_cd, gain_point, checker_seq, setle_yn, del_yn, creator_seq, cre_dt, updator_seq, upd_dt) values (357,103,103,'2023/10/01 - 청소','확인자1','2023-10-01','2023-10-01','DONE',1000,101,'N','N',100, now(), 100, now());  
insert into td_work(work_seq, todo_seq, worker_seq, work_titl, work_cont, work_dt, confm_dt, todo_stat_cd, gain_point, checker_seq, setle_yn, del_yn, creator_seq, cre_dt, updator_seq, upd_dt) values (358,103,104,'2023/10/01 - 청소','확인자1','2023-10-01','2023-10-01','DONE',1000,101,'N','N',100, now(), 100, now());  
insert into td_work(work_seq, todo_seq, worker_seq, work_titl, work_cont, work_dt, confm_dt, todo_stat_cd, gain_point, checker_seq, setle_yn, del_yn, creator_seq, cre_dt, updator_seq, upd_dt) values (359,100,103,'2023/10/02 - 기상','78.present','2023-10-02','2023-10-02','DONE',1000,101,'N','N',100, now(), 100, now());  
insert into td_work(work_seq, todo_seq, worker_seq, work_titl, work_cont, work_dt, confm_dt, todo_stat_cd, gain_point, checker_seq, setle_yn, del_yn, creator_seq, cre_dt, updator_seq, upd_dt) values (360,100,104,'2023/10/02 - 기상 ','79.favorite','2023-10-02','2023-10-02','DONE',1000,101,'N','N',100, now(), 100, now());  
insert into td_work(work_seq, todo_seq, worker_seq, work_titl, work_cont, work_dt, confm_dt, todo_stat_cd, gain_point, checker_seq, setle_yn, del_yn, creator_seq, cre_dt, updator_seq, upd_dt) values (361,101,103,'2023/10/02 - 취침 ','확인자1','2023-10-02','2023-10-02','DONE',1000,101,'N','N',100, now(), 100, now()); 
insert into td_work(work_seq, todo_seq, worker_seq, work_titl, work_cont, work_dt, confm_dt, todo_stat_cd, gain_point, checker_seq, setle_yn, del_yn, creator_seq, cre_dt, updator_seq, upd_dt) values (362,101,104,'2023/10/02 - 취침','확인자1','2023-10-02','2023-10-02','DONE',1000,101,'N','N',100, now(), 100, now());  
insert into td_work(work_seq, todo_seq, worker_seq, work_titl, work_cont, work_dt, confm_dt, todo_stat_cd, gain_point, checker_seq, setle_yn, del_yn, creator_seq, cre_dt, updator_seq, upd_dt) values (363,102,103,'2023/10/02 - 영어일기','It wasn''t raining when I got up.','2023-10-02','2023-10-02','DONE',1000,101,'N','N',100, now(), 100, now()); 
insert into td_work(work_seq, todo_seq, worker_seq, work_titl, work_cont, work_dt, confm_dt, todo_stat_cd, gain_point, checker_seq, setle_yn, del_yn, creator_seq, cre_dt, updator_seq, upd_dt) values (364,102,104,'2023/10/02 - 영어일기','Kelly fell asleep while she was reading.','2023-10-02','2023-10-02','DONE',1000,101,'N','N',100, now(), 100, now());  
insert into td_work(work_seq, todo_seq, worker_seq, work_titl, work_cont, work_dt, confm_dt, todo_stat_cd, gain_point, checker_seq, setle_yn, del_yn, creator_seq, cre_dt, updator_seq, upd_dt) values (365,103,103,'2023/10/02 - 청소','확인자1','2023-10-02','2023-10-02','DONE',1000,101,'N','N',100, now(), 100, now());  
insert into td_work(work_seq, todo_seq, worker_seq, work_titl, work_cont, work_dt, confm_dt, todo_stat_cd, gain_point, checker_seq, setle_yn, del_yn, creator_seq, cre_dt, updator_seq, upd_dt) values (366,103,104,'2023/10/02 - 청소','확인자1','2023-10-02','2023-10-02','DONE',1000,101,'N','N',100, now(), 100, now());  

insert into td_quiz_work_use(quiz_seq,work_seq,del_yn,creator_seq,cre_dt,updator_seq,upd_dt)values(10,100,'N',100,now(),100,now());
insert into td_quiz_work_use(quiz_seq,work_seq,del_yn,creator_seq,cre_dt,updator_seq,upd_dt)values(11,101,'N',100,now(),100,now());
insert into td_quiz_work_use(quiz_seq,work_seq,del_yn,creator_seq,cre_dt,updator_seq,upd_dt)values(12,108,'N',100,now(),100,now());
insert into td_quiz_work_use(quiz_seq,work_seq,del_yn,creator_seq,cre_dt,updator_seq,upd_dt)values(13,109,'N',100,now(),100,now());
insert into td_quiz_work_use(quiz_seq,work_seq,del_yn,creator_seq,cre_dt,updator_seq,upd_dt)values(14,118,'N',100,now(),100,now());
insert into td_quiz_work_use(quiz_seq,work_seq,del_yn,creator_seq,cre_dt,updator_seq,upd_dt)values(15,119,'N',100,now(),100,now());
insert into td_quiz_work_use(quiz_seq,work_seq,del_yn,creator_seq,cre_dt,updator_seq,upd_dt)values(16,127,'N',100,now(),100,now());
insert into td_quiz_work_use(quiz_seq,work_seq,del_yn,creator_seq,cre_dt,updator_seq,upd_dt)values(17,128,'N',100,now(),100,now());
insert into td_quiz_work_use(quiz_seq,work_seq,del_yn,creator_seq,cre_dt,updator_seq,upd_dt)values(18,135,'N',100,now(),100,now());
insert into td_quiz_work_use(quiz_seq,work_seq,del_yn,creator_seq,cre_dt,updator_seq,upd_dt)values(19,136,'N',100,now(),100,now());
insert into td_quiz_work_use(quiz_seq,work_seq,del_yn,creator_seq,cre_dt,updator_seq,upd_dt)values(20,143,'N',100,now(),100,now());
insert into td_quiz_work_use(quiz_seq,work_seq,del_yn,creator_seq,cre_dt,updator_seq,upd_dt)values(21,144,'N',100,now(),100,now());
insert into td_quiz_work_use(quiz_seq,work_seq,del_yn,creator_seq,cre_dt,updator_seq,upd_dt)values(24,151,'N',100,now(),100,now());
insert into td_quiz_work_use(quiz_seq,work_seq,del_yn,creator_seq,cre_dt,updator_seq,upd_dt)values(25,152,'N',100,now(),100,now());
insert into td_quiz_work_use(quiz_seq,work_seq,del_yn,creator_seq,cre_dt,updator_seq,upd_dt)values(26,159,'N',100,now(),100,now());
insert into td_quiz_work_use(quiz_seq,work_seq,del_yn,creator_seq,cre_dt,updator_seq,upd_dt)values(27,160,'N',100,now(),100,now());
insert into td_quiz_work_use(quiz_seq,work_seq,del_yn,creator_seq,cre_dt,updator_seq,upd_dt)values(30,167,'N',100,now(),100,now());
insert into td_quiz_work_use(quiz_seq,work_seq,del_yn,creator_seq,cre_dt,updator_seq,upd_dt)values(31,168,'N',100,now(),100,now());
insert into td_quiz_work_use(quiz_seq,work_seq,del_yn,creator_seq,cre_dt,updator_seq,upd_dt)values(32,175,'N',100,now(),100,now());
insert into td_quiz_work_use(quiz_seq,work_seq,del_yn,creator_seq,cre_dt,updator_seq,upd_dt)values(33,176,'N',100,now(),100,now());
insert into td_quiz_work_use(quiz_seq,work_seq,del_yn,creator_seq,cre_dt,updator_seq,upd_dt)values(36,183,'N',100,now(),100,now());
insert into td_quiz_work_use(quiz_seq,work_seq,del_yn,creator_seq,cre_dt,updator_seq,upd_dt)values(37,184,'N',100,now(),100,now());
insert into td_quiz_work_use(quiz_seq,work_seq,del_yn,creator_seq,cre_dt,updator_seq,upd_dt)values(38,191,'N',100,now(),100,now());
insert into td_quiz_work_use(quiz_seq,work_seq,del_yn,creator_seq,cre_dt,updator_seq,upd_dt)values(39,192,'N',100,now(),100,now());
insert into td_quiz_work_use(quiz_seq,work_seq,del_yn,creator_seq,cre_dt,updator_seq,upd_dt)values(42,199,'N',100,now(),100,now());
insert into td_quiz_work_use(quiz_seq,work_seq,del_yn,creator_seq,cre_dt,updator_seq,upd_dt)values(43,200,'N',100,now(),100,now());
insert into td_quiz_work_use(quiz_seq,work_seq,del_yn,creator_seq,cre_dt,updator_seq,upd_dt)values(40,207,'N',100,now(),100,now());
insert into td_quiz_work_use(quiz_seq,work_seq,del_yn,creator_seq,cre_dt,updator_seq,upd_dt)values(41,208,'N',100,now(),100,now());
insert into td_quiz_work_use(quiz_seq,work_seq,del_yn,creator_seq,cre_dt,updator_seq,upd_dt)values(34,215,'N',100,now(),100,now());
insert into td_quiz_work_use(quiz_seq,work_seq,del_yn,creator_seq,cre_dt,updator_seq,upd_dt)values(35,216,'N',100,now(),100,now());
insert into td_quiz_work_use(quiz_seq,work_seq,del_yn,creator_seq,cre_dt,updator_seq,upd_dt)values(28,226,'N',100,now(),100,now());
insert into td_quiz_work_use(quiz_seq,work_seq,del_yn,creator_seq,cre_dt,updator_seq,upd_dt)values(29,227,'N',100,now(),100,now());
insert into td_quiz_work_use(quiz_seq,work_seq,del_yn,creator_seq,cre_dt,updator_seq,upd_dt)values(22,234,'N',100,now(),100,now());
insert into td_quiz_work_use(quiz_seq,work_seq,del_yn,creator_seq,cre_dt,updator_seq,upd_dt)values(23,235,'N',100,now(),100,now());
insert into td_quiz_work_use(quiz_seq,work_seq,del_yn,creator_seq,cre_dt,updator_seq,upd_dt)values(46,243,'N',100,now(),100,now());
insert into td_quiz_work_use(quiz_seq,work_seq,del_yn,creator_seq,cre_dt,updator_seq,upd_dt)values(47,244,'N',100,now(),100,now());
insert into td_quiz_work_use(quiz_seq,work_seq,del_yn,creator_seq,cre_dt,updator_seq,upd_dt)values(48,251,'N',100,now(),100,now());
insert into td_quiz_work_use(quiz_seq,work_seq,del_yn,creator_seq,cre_dt,updator_seq,upd_dt)values(49,252,'N',100,now(),100,now());
insert into td_quiz_work_use(quiz_seq,work_seq,del_yn,creator_seq,cre_dt,updator_seq,upd_dt)values(50,259,'N',100,now(),100,now());
insert into td_quiz_work_use(quiz_seq,work_seq,del_yn,creator_seq,cre_dt,updator_seq,upd_dt)values(51,260,'N',100,now(),100,now());
insert into td_quiz_work_use(quiz_seq,work_seq,del_yn,creator_seq,cre_dt,updator_seq,upd_dt)values(55,267,'N',100,now(),100,now());
insert into td_quiz_work_use(quiz_seq,work_seq,del_yn,creator_seq,cre_dt,updator_seq,upd_dt)values(56,268,'N',100,now(),100,now());
insert into td_quiz_work_use(quiz_seq,work_seq,del_yn,creator_seq,cre_dt,updator_seq,upd_dt)values(57,277,'N',100,now(),100,now());
insert into td_quiz_work_use(quiz_seq,work_seq,del_yn,creator_seq,cre_dt,updator_seq,upd_dt)values(58,278,'N',100,now(),100,now());
insert into td_quiz_work_use(quiz_seq,work_seq,del_yn,creator_seq,cre_dt,updator_seq,upd_dt)values(60,285,'N',100,now(),100,now());
insert into td_quiz_work_use(quiz_seq,work_seq,del_yn,creator_seq,cre_dt,updator_seq,upd_dt)values(61,286,'N',100,now(),100,now());
insert into td_quiz_work_use(quiz_seq,work_seq,del_yn,creator_seq,cre_dt,updator_seq,upd_dt)values(62,293,'N',100,now(),100,now());
insert into td_quiz_work_use(quiz_seq,work_seq,del_yn,creator_seq,cre_dt,updator_seq,upd_dt)values(63,294,'N',100,now(),100,now());
insert into td_quiz_work_use(quiz_seq,work_seq,del_yn,creator_seq,cre_dt,updator_seq,upd_dt)values(64,301,'N',100,now(),100,now());
insert into td_quiz_work_use(quiz_seq,work_seq,del_yn,creator_seq,cre_dt,updator_seq,upd_dt)values(65,302,'N',100,now(),100,now());
insert into td_quiz_work_use(quiz_seq,work_seq,del_yn,creator_seq,cre_dt,updator_seq,upd_dt)values(66,309,'N',100,now(),100,now());
insert into td_quiz_work_use(quiz_seq,work_seq,del_yn,creator_seq,cre_dt,updator_seq,upd_dt)values(67,310,'N',100,now(),100,now());
insert into td_quiz_work_use(quiz_seq,work_seq,del_yn,creator_seq,cre_dt,updator_seq,upd_dt)values(68,317,'N',100,now(),100,now());
insert into td_quiz_work_use(quiz_seq,work_seq,del_yn,creator_seq,cre_dt,updator_seq,upd_dt)values(69,318,'N',100,now(),100,now());
insert into td_quiz_work_use(quiz_seq,work_seq,del_yn,creator_seq,cre_dt,updator_seq,upd_dt)values(70,325,'N',100,now(),100,now());
insert into td_quiz_work_use(quiz_seq,work_seq,del_yn,creator_seq,cre_dt,updator_seq,upd_dt)values(71,326,'N',100,now(),100,now());
insert into td_quiz_work_use(quiz_seq,work_seq,del_yn,creator_seq,cre_dt,updator_seq,upd_dt)values(72,333,'N',100,now(),100,now());
insert into td_quiz_work_use(quiz_seq,work_seq,del_yn,creator_seq,cre_dt,updator_seq,upd_dt)values(73,334,'N',100,now(),100,now());
insert into td_quiz_work_use(quiz_seq,work_seq,del_yn,creator_seq,cre_dt,updator_seq,upd_dt)values(74,341,'N',100,now(),100,now());
insert into td_quiz_work_use(quiz_seq,work_seq,del_yn,creator_seq,cre_dt,updator_seq,upd_dt)values(75,342,'N',100,now(),100,now());
insert into td_quiz_work_use(quiz_seq,work_seq,del_yn,creator_seq,cre_dt,updator_seq,upd_dt)values(76,351,'N',100,now(),100,now());
insert into td_quiz_work_use(quiz_seq,work_seq,del_yn,creator_seq,cre_dt,updator_seq,upd_dt)values(77,352,'N',100,now(),100,now());
insert into td_quiz_work_use(quiz_seq,work_seq,del_yn,creator_seq,cre_dt,updator_seq,upd_dt)values(78,359,'N',100,now(),100,now());
insert into td_quiz_work_use(quiz_seq,work_seq,del_yn,creator_seq,cre_dt,updator_seq,upd_dt)values(79,360,'N',100,now(),100,now());

insert into td_quiz_user_map(quiz_user_seq, quiz_seq, user_seq, user_answer, answer_cnt, suces_yn, del_yn, creator_seq, cre_dt, updator_seq, upd_dt) values (100,10 ,103,'lot',1,'Y','N',100,now(),100,now());
insert into td_quiz_user_map(quiz_user_seq, quiz_seq, user_seq, user_answer, answer_cnt, suces_yn, del_yn, creator_seq, cre_dt, updator_seq, upd_dt) values (101,11 ,104,'name',1,'Y','N',100,now(),100,now());
insert into td_quiz_user_map(quiz_user_seq, quiz_seq, user_seq, user_answer, answer_cnt, suces_yn, del_yn, creator_seq, cre_dt, updator_seq, upd_dt) values (102,12 ,103,'hand',1,'Y','N',100,now(),100,now());
insert into td_quiz_user_map(quiz_user_seq, quiz_seq, user_seq, user_answer, answer_cnt, suces_yn, del_yn, creator_seq, cre_dt, updator_seq, upd_dt) values (103,13 ,104,'place',1,'Y','N',100,now(),100,now());
insert into td_quiz_user_map(quiz_user_seq, quiz_seq, user_seq, user_answer, answer_cnt, suces_yn, del_yn, creator_seq, cre_dt, updator_seq, upd_dt) values (104,14 ,103,'practice',1,'Y','N',100,now(),100,now());
insert into td_quiz_user_map(quiz_user_seq, quiz_seq, user_seq, user_answer, answer_cnt, suces_yn, del_yn, creator_seq, cre_dt, updator_seq, upd_dt) values (105,15 ,104,'work',1,'Y','N',100,now(),100,now());
insert into td_quiz_user_map(quiz_user_seq, quiz_seq, user_seq, user_answer, answer_cnt, suces_yn, del_yn, creator_seq, cre_dt, updator_seq, upd_dt) values (106,16 ,103,'use',1,'Y','N',100,now(),100,now());
insert into td_quiz_user_map(quiz_user_seq, quiz_seq, user_seq, user_answer, answer_cnt, suces_yn, del_yn, creator_seq, cre_dt, updator_seq, upd_dt) values (107,17 ,104,'kind',1,'Y','N',100,now(),100,now());
insert into td_quiz_user_map(quiz_user_seq, quiz_seq, user_seq, user_answer, answer_cnt, suces_yn, del_yn, creator_seq, cre_dt, updator_seq, upd_dt) values (108,18 ,103,'have',1,'Y','N',100,now(),100,now());
insert into td_quiz_user_map(quiz_user_seq, quiz_seq, user_seq, user_answer, answer_cnt, suces_yn, del_yn, creator_seq, cre_dt, updator_seq, upd_dt) values (109,19 ,104,'make',1,'Y','N',100,now(),100,now());
insert into td_quiz_user_map(quiz_user_seq, quiz_seq, user_seq, user_answer, answer_cnt, suces_yn, del_yn, creator_seq, cre_dt, updator_seq, upd_dt) values (110,20 ,103,'let',1,'Y','N',100,now(),100,now());
insert into td_quiz_user_map(quiz_user_seq, quiz_seq, user_seq, user_answer, answer_cnt, suces_yn, del_yn, creator_seq, cre_dt, updator_seq, upd_dt) values (111,21 ,104,'get',1,'Y','N',100,now(),100,now());
insert into td_quiz_user_map(quiz_user_seq, quiz_seq, user_seq, user_answer, answer_cnt, suces_yn, del_yn, creator_seq, cre_dt, updator_seq, upd_dt) values (112,24 ,103,'different',1,'Y','N',100,now(),100,now());
insert into td_quiz_user_map(quiz_user_seq, quiz_seq, user_seq, user_answer, answer_cnt, suces_yn, del_yn, creator_seq, cre_dt, updator_seq, upd_dt) values (113,25 ,104,'important',1,'Y','N',100,now(),100,now());
insert into td_quiz_user_map(quiz_user_seq, quiz_seq, user_seq, user_answer, answer_cnt, suces_yn, del_yn, creator_seq, cre_dt, updator_seq, upd_dt) values (114,26 ,103,'other',1,'Y','N',100,now(),100,now());
insert into td_quiz_user_map(quiz_user_seq, quiz_seq, user_seq, user_answer, answer_cnt, suces_yn, del_yn, creator_seq, cre_dt, updator_seq, upd_dt) values (115,27 ,104,'right',1,'Y','N',100,now(),100,now());
insert into td_quiz_user_map(quiz_user_seq, quiz_seq, user_seq, user_answer, answer_cnt, suces_yn, del_yn, creator_seq, cre_dt, updator_seq, upd_dt) values (116,30 ,103,'well',1,'Y','N',100,now(),100,now());
insert into td_quiz_user_map(quiz_user_seq, quiz_seq, user_seq, user_answer, answer_cnt, suces_yn, del_yn, creator_seq, cre_dt, updator_seq, upd_dt) values (117,31 ,104,'person',1,'Y','N',100,now(),100,now());
insert into td_quiz_user_map(quiz_user_seq, quiz_seq, user_seq, user_answer, answer_cnt, suces_yn, del_yn, creator_seq, cre_dt, updator_seq, upd_dt) values (118,32 ,103,'clothes',1,'Y','N',100,now(),100,now());
insert into td_quiz_user_map(quiz_user_seq, quiz_seq, user_seq, user_answer, answer_cnt, suces_yn, del_yn, creator_seq, cre_dt, updator_seq, upd_dt) values (119,33 ,104,'movie',1,'Y','N',100,now(),100,now());
insert into td_quiz_user_map(quiz_user_seq, quiz_seq, user_seq, user_answer, answer_cnt, suces_yn, del_yn, creator_seq, cre_dt, updator_seq, upd_dt) values (120,36 ,103,'letter',1,'Y','N',100,now(),100,now());
insert into td_quiz_user_map(quiz_user_seq, quiz_seq, user_seq, user_answer, answer_cnt, suces_yn, del_yn, creator_seq, cre_dt, updator_seq, upd_dt) values (121,37 ,104,'fire',1,'Y','N',100,now(),100,now());
insert into td_quiz_user_map(quiz_user_seq, quiz_seq, user_seq, user_answer, answer_cnt, suces_yn, del_yn, creator_seq, cre_dt, updator_seq, upd_dt) values (122,38 ,103,'minute',1,'Y','N',100,now(),100,now());
insert into td_quiz_user_map(quiz_user_seq, quiz_seq, user_seq, user_answer, answer_cnt, suces_yn, del_yn, creator_seq, cre_dt, updator_seq, upd_dt) values (123,39 ,104,'part',1,'Y','N',100,now(),100,now());
insert into td_quiz_user_map(quiz_user_seq, quiz_seq, user_seq, user_answer, answer_cnt, suces_yn, del_yn, creator_seq, cre_dt, updator_seq, upd_dt) values (124,42 ,103,'park',1,'Y','N',100,now(),100,now());
insert into td_quiz_user_map(quiz_user_seq, quiz_seq, user_seq, user_answer, answer_cnt, suces_yn, del_yn, creator_seq, cre_dt, updator_seq, upd_dt) values (125,43 ,104,'call',1,'Y','N',100,now(),100,now());
insert into td_quiz_user_map(quiz_user_seq, quiz_seq, user_seq, user_answer, answer_cnt, suces_yn, del_yn, creator_seq, cre_dt, updator_seq, upd_dt) values (126,40 ,103,'plan',1,'Y','N',100,now(),100,now());
insert into td_quiz_user_map(quiz_user_seq, quiz_seq, user_seq, user_answer, answer_cnt, suces_yn, del_yn, creator_seq, cre_dt, updator_seq, upd_dt) values (127,41,104,'plant',1,'Y','N',100,now(),100,now());
insert into td_quiz_user_map(quiz_user_seq, quiz_seq, user_seq, user_answer, answer_cnt, suces_yn, del_yn, creator_seq, cre_dt, updator_seq, upd_dt) values (128,34,103,'activity',1,'Y','N',100,now(),100,now());
insert into td_quiz_user_map(quiz_user_seq, quiz_seq, user_seq, user_answer, answer_cnt, suces_yn, del_yn, creator_seq, cre_dt, updator_seq, upd_dt) values (129,35,104,'example',1,'Y','N',100,now(),100,now());
insert into td_quiz_user_map(quiz_user_seq, quiz_seq, user_seq, user_answer, answer_cnt, suces_yn, del_yn, creator_seq, cre_dt, updator_seq, upd_dt) values (130,28,103,'sure',1,'Y','N',100,now(),100,now());
insert into td_quiz_user_map(quiz_user_seq, quiz_seq, user_seq, user_answer, answer_cnt, suces_yn, del_yn, creator_seq, cre_dt, updator_seq, upd_dt) values (131,29,104,'too',1,'Y','N',100,now(),100,now());
insert into td_quiz_user_map(quiz_user_seq, quiz_seq, user_seq, user_answer, answer_cnt, suces_yn, del_yn, creator_seq, cre_dt, updator_seq, upd_dt) values (132,22,103,'take',1,'Y','N',100,now(),100,now());
insert into td_quiz_user_map(quiz_user_seq, quiz_seq, user_seq, user_answer, answer_cnt, suces_yn, del_yn, creator_seq, cre_dt, updator_seq, upd_dt) values (133,23,104,'live',1,'Y','N',100,now(),100,now());
insert into td_quiz_user_map(quiz_user_seq, quiz_seq, user_seq, user_answer, answer_cnt, suces_yn, del_yn, creator_seq, cre_dt, updator_seq, upd_dt) values (134,46,103,'fun',1,'Y','N',100,now(),100,now());
insert into td_quiz_user_map(quiz_user_seq, quiz_seq, user_seq, user_answer, answer_cnt, suces_yn, del_yn, creator_seq, cre_dt, updator_seq, upd_dt) values (135,47,104,'future',1,'Y','N',100,now(),100,now());
insert into td_quiz_user_map(quiz_user_seq, quiz_seq, user_seq, user_answer, answer_cnt, suces_yn, del_yn, creator_seq, cre_dt, updator_seq, upd_dt) values (136,48,103,'keep',1,'Y','N',100,now(),100,now());
insert into td_quiz_user_map(quiz_user_seq, quiz_seq, user_seq, user_answer, answer_cnt, suces_yn, del_yn, creator_seq, cre_dt, updator_seq, upd_dt) values (137,49,104,'listen',1,'Y','N',100,now(),100,now());
insert into td_quiz_user_map(quiz_user_seq, quiz_seq, user_seq, user_answer, answer_cnt, suces_yn, del_yn, creator_seq, cre_dt, updator_seq, upd_dt) values (138,50,103,'find',1,'Y','N',100,now(),100,now());
insert into td_quiz_user_map(quiz_user_seq, quiz_seq, user_seq, user_answer, answer_cnt, suces_yn, del_yn, creator_seq, cre_dt, updator_seq, upd_dt) values (139,51,104,'learn',1,'Y','N',100,now(),100,now());
insert into td_quiz_user_map(quiz_user_seq, quiz_seq, user_seq, user_answer, answer_cnt, suces_yn, del_yn, creator_seq, cre_dt, updator_seq, upd_dt) values (140,55,103,'each',1,'Y','N',100,now(),100,now());
insert into td_quiz_user_map(quiz_user_seq, quiz_seq, user_seq, user_answer, answer_cnt, suces_yn, del_yn, creator_seq, cre_dt, updator_seq, upd_dt) values (141,56,104,'another',1,'Y','N',100,now(),100,now());
insert into td_quiz_user_map(quiz_user_seq, quiz_seq, user_seq, user_answer, answer_cnt, suces_yn, del_yn, creator_seq, cre_dt, updator_seq, upd_dt) values (142,57,103,'same',1,'Y','N',100,now(),100,now());
insert into td_quiz_user_map(quiz_user_seq, quiz_seq, user_seq, user_answer, answer_cnt, suces_yn, del_yn, creator_seq, cre_dt, updator_seq, upd_dt) values (143,58,104,'hard',1,'Y','N',100,now(),100,now());
insert into td_quiz_user_map(quiz_user_seq, quiz_seq, user_seq, user_answer, answer_cnt, suces_yn, del_yn, creator_seq, cre_dt, updator_seq, upd_dt) values (144,60,103,'really',1,'Y','N',100,now(),100,now());
insert into td_quiz_user_map(quiz_user_seq, quiz_seq, user_seq, user_answer, answer_cnt, suces_yn, del_yn, creator_seq, cre_dt, updator_seq, upd_dt) values (145,61,104,'bird',1,'Y','N',100,now(),100,now());
insert into td_quiz_user_map(quiz_user_seq, quiz_seq, user_seq, user_answer, answer_cnt, suces_yn, del_yn, creator_seq, cre_dt, updator_seq, upd_dt) values (146,62,103,'trip',1,'Y','N',100,now(),100,now());
insert into td_quiz_user_map(quiz_user_seq, quiz_seq, user_seq, user_answer, answer_cnt, suces_yn, del_yn, creator_seq, cre_dt, updator_seq, upd_dt) values (147,63,104,'vacation',1,'Y','N',100,now(),100,now());
insert into td_quiz_user_map(quiz_user_seq, quiz_seq, user_seq, user_answer, answer_cnt, suces_yn, del_yn, creator_seq, cre_dt, updator_seq, upd_dt) values (148,64,103,'course',1,'Y','N',100,now(),100,now());
insert into td_quiz_user_map(quiz_user_seq, quiz_seq, user_seq, user_answer, answer_cnt, suces_yn, del_yn, creator_seq, cre_dt, updator_seq, upd_dt) values (149,65,104,'space',1,'Y','N',100,now(),100,now());
insert into td_quiz_user_map(quiz_user_seq, quiz_seq, user_seq, user_answer, answer_cnt, suces_yn, del_yn, creator_seq, cre_dt, updator_seq, upd_dt) values (150,66,103,'street',1,'Y','N',100,now(),100,now());
insert into td_quiz_user_map(quiz_user_seq, quiz_seq, user_seq, user_answer, answer_cnt, suces_yn, del_yn, creator_seq, cre_dt, updator_seq, upd_dt) values (151,67,104,'side',1,'Y','N',100,now(),100,now());
insert into td_quiz_user_map(quiz_user_seq, quiz_seq, user_seq, user_answer, answer_cnt, suces_yn, del_yn, creator_seq, cre_dt, updator_seq, upd_dt) values (152,68,103,'paper',1,'Y','N',100,now(),100,now());
insert into td_quiz_user_map(quiz_user_seq, quiz_seq, user_seq, user_answer, answer_cnt, suces_yn, del_yn, creator_seq, cre_dt, updator_seq, upd_dt) values (153,69,104,'newspaper',1,'Y','N',100,now(),100,now());
insert into td_quiz_user_map(quiz_user_seq, quiz_seq, user_seq, user_answer, answer_cnt, suces_yn, del_yn, creator_seq, cre_dt, updator_seq, upd_dt) values (154,70,103,'face',1,'Y','N',100,now(),100,now());
insert into td_quiz_user_map(quiz_user_seq, quiz_seq, user_seq, user_answer, answer_cnt, suces_yn, del_yn, creator_seq, cre_dt, updator_seq, upd_dt) values (155,71,104,'mind',1,'Y','N',100,now(),100,now());
insert into td_quiz_user_map(quiz_user_seq, quiz_seq, user_seq, user_answer, answer_cnt, suces_yn, del_yn, creator_seq, cre_dt, updator_seq, upd_dt) values (156,72,103,'volunteer',1,'Y','N',100,now(),100,now());
insert into td_quiz_user_map(quiz_user_seq, quiz_seq, user_seq, user_answer, answer_cnt, suces_yn, del_yn, creator_seq, cre_dt, updator_seq, upd_dt) values (157,73,104,'change',1,'Y','N',100,now(),100,now());
insert into td_quiz_user_map(quiz_user_seq, quiz_seq, user_seq, user_answer, answer_cnt, suces_yn, del_yn, creator_seq, cre_dt, updator_seq, upd_dt) values (158,74,103,'visit',1,'Y','N',100,now(),100,now());
insert into td_quiz_user_map(quiz_user_seq, quiz_seq, user_seq, user_answer, answer_cnt, suces_yn, del_yn, creator_seq, cre_dt, updator_seq, upd_dt) values (159,75,104,'start',1,'Y','N',100,now(),100,now());
insert into td_quiz_user_map(quiz_user_seq, quiz_seq, user_seq, user_answer, answer_cnt, suces_yn, del_yn, creator_seq, cre_dt, updator_seq, upd_dt) values (160,76,103,'watch',1,'Y','N',100,now(),100,now());
insert into td_quiz_user_map(quiz_user_seq, quiz_seq, user_seq, user_answer, answer_cnt, suces_yn, del_yn, creator_seq, cre_dt, updator_seq, upd_dt) values (161,77,104,'light',1,'Y','N',100,now(),100,now());
insert into td_quiz_user_map(quiz_user_seq, quiz_seq, user_seq, user_answer, answer_cnt, suces_yn, del_yn, creator_seq, cre_dt, updator_seq, upd_dt) values (162,78,103,'present',1,'Y','N',100,now(),100,now());
insert into td_quiz_user_map(quiz_user_seq, quiz_seq, user_seq, user_answer, answer_cnt, suces_yn, del_yn, creator_seq, cre_dt, updator_seq, upd_dt) values (163,79,104,'favorite',1,'Y','N',100,now(),100,now());


insert into td_todo_setle(todo_setle_seq, worker_seq, acount_seq, setle_desc, total_setle_point, setle_dt, del_yn, creator_seq, cre_dt, updator_seq, upd_dt) values (100,103,101,'정기 정산',19000,'2023-09-07','N',100,now(),100,now());
insert into td_todo_setle(todo_setle_seq, worker_seq, acount_seq, setle_desc, total_setle_point, setle_dt, del_yn, creator_seq, cre_dt, updator_seq, upd_dt) values (101,104,101,'정기 정산',17000,'2023-09-07','N',100,now(),100,now());
insert into td_todo_setle(todo_setle_seq, worker_seq, acount_seq, setle_desc, total_setle_point, setle_dt, del_yn, creator_seq, cre_dt, updator_seq, upd_dt) values (102,103,101,'정기 정산',26000,'2023-09-14','N',100,now(),100,now());
insert into td_todo_setle(todo_setle_seq, worker_seq, acount_seq, setle_desc, total_setle_point, setle_dt, del_yn, creator_seq, cre_dt, updator_seq, upd_dt) values (103,104,101,'정기 정산',24000,'2023-09-14','N',100,now(),100,now());
insert into td_todo_setle(todo_setle_seq, worker_seq, acount_seq, setle_desc, total_setle_point, setle_dt, del_yn, creator_seq, cre_dt, updator_seq, upd_dt) values (104,103,101,'정기 정산',27000,'2023-09-21','N',100,now(),100,now());
insert into td_todo_setle(todo_setle_seq, worker_seq, acount_seq, setle_desc, total_setle_point, setle_dt, del_yn, creator_seq, cre_dt, updator_seq, upd_dt) values (105,104,101,'정기 정산',28000,'2023-09-21','N',100,now(),100,now());
insert into td_todo_setle(todo_setle_seq, worker_seq, acount_seq, setle_desc, total_setle_point, setle_dt, del_yn, creator_seq, cre_dt, updator_seq, upd_dt) values (106,103,101,'정기 정산',27000,'2023-09-28','N',100,now(),100,now());
insert into td_todo_setle(todo_setle_seq, worker_seq, acount_seq, setle_desc, total_setle_point, setle_dt, del_yn, creator_seq, cre_dt, updator_seq, upd_dt) values (107,104,101,'정기 정산',32000,'2023-09-28','N',100,now(),100,now());

insert into td_todo_setle_dtl(todo_setle_seq, work_seq, del_yn, creator_seq, cre_dt, updator_seq, upd_dt) values (100,100,'N',100,now(),100,now());
insert into td_todo_setle_dtl(todo_setle_seq, work_seq, del_yn, creator_seq, cre_dt, updator_seq, upd_dt) values (100,102,'N',100,now(),100,now());
insert into td_todo_setle_dtl(todo_setle_seq, work_seq, del_yn, creator_seq, cre_dt, updator_seq, upd_dt) values (100,104,'N',100,now(),100,now());
insert into td_todo_setle_dtl(todo_setle_seq, work_seq, del_yn, creator_seq, cre_dt, updator_seq, upd_dt) values (100,106,'N',100,now(),100,now());
insert into td_todo_setle_dtl(todo_setle_seq, work_seq, del_yn, creator_seq, cre_dt, updator_seq, upd_dt) values (100,108,'N',100,now(),100,now());
insert into td_todo_setle_dtl(todo_setle_seq, work_seq, del_yn, creator_seq, cre_dt, updator_seq, upd_dt) values (100,110,'N',100,now(),100,now());
insert into td_todo_setle_dtl(todo_setle_seq, work_seq, del_yn, creator_seq, cre_dt, updator_seq, upd_dt) values (100,112,'N',100,now(),100,now());
insert into td_todo_setle_dtl(todo_setle_seq, work_seq, del_yn, creator_seq, cre_dt, updator_seq, upd_dt) values (100,114,'N',100,now(),100,now());
insert into td_todo_setle_dtl(todo_setle_seq, work_seq, del_yn, creator_seq, cre_dt, updator_seq, upd_dt) values (100,116,'N',100,now(),100,now());
insert into td_todo_setle_dtl(todo_setle_seq, work_seq, del_yn, creator_seq, cre_dt, updator_seq, upd_dt) values (100,118,'N',100,now(),100,now());
insert into td_todo_setle_dtl(todo_setle_seq, work_seq, del_yn, creator_seq, cre_dt, updator_seq, upd_dt) values (100,120,'N',100,now(),100,now());
insert into td_todo_setle_dtl(todo_setle_seq, work_seq, del_yn, creator_seq, cre_dt, updator_seq, upd_dt) values (100,122,'N',100,now(),100,now());
insert into td_todo_setle_dtl(todo_setle_seq, work_seq, del_yn, creator_seq, cre_dt, updator_seq, upd_dt) values (100,124,'N',100,now(),100,now());
insert into td_todo_setle_dtl(todo_setle_seq, work_seq, del_yn, creator_seq, cre_dt, updator_seq, upd_dt) values (100,126,'N',100,now(),100,now());
insert into td_todo_setle_dtl(todo_setle_seq, work_seq, del_yn, creator_seq, cre_dt, updator_seq, upd_dt) values (100,127,'N',100,now(),100,now());
insert into td_todo_setle_dtl(todo_setle_seq, work_seq, del_yn, creator_seq, cre_dt, updator_seq, upd_dt) values (100,129,'N',100,now(),100,now());
insert into td_todo_setle_dtl(todo_setle_seq, work_seq, del_yn, creator_seq, cre_dt, updator_seq, upd_dt) values (100,131,'N',100,now(),100,now());
insert into td_todo_setle_dtl(todo_setle_seq, work_seq, del_yn, creator_seq, cre_dt, updator_seq, upd_dt) values (100,133,'N',100,now(),100,now());
insert into td_todo_setle_dtl(todo_setle_seq, work_seq, del_yn, creator_seq, cre_dt, updator_seq, upd_dt) values (100,135,'N',100,now(),100,now());
insert into td_todo_setle_dtl(todo_setle_seq, work_seq, del_yn, creator_seq, cre_dt, updator_seq, upd_dt) values (100,137,'N',100,now(),100,now());
insert into td_todo_setle_dtl(todo_setle_seq, work_seq, del_yn, creator_seq, cre_dt, updator_seq, upd_dt) values (100,139,'N',100,now(),100,now());
insert into td_todo_setle_dtl(todo_setle_seq, work_seq, del_yn, creator_seq, cre_dt, updator_seq, upd_dt) values (100,141,'N',100,now(),100,now());
insert into td_todo_setle_dtl(todo_setle_seq, work_seq, del_yn, creator_seq, cre_dt, updator_seq, upd_dt) values (100,143,'N',100,now(),100,now());
insert into td_todo_setle_dtl(todo_setle_seq, work_seq, del_yn, creator_seq, cre_dt, updator_seq, upd_dt) values (100,145,'N',100,now(),100,now());
insert into td_todo_setle_dtl(todo_setle_seq, work_seq, del_yn, creator_seq, cre_dt, updator_seq, upd_dt) values (100,147,'N',100,now(),100,now());
insert into td_todo_setle_dtl(todo_setle_seq, work_seq, del_yn, creator_seq, cre_dt, updator_seq, upd_dt) values (100,149,'N',100,now(),100,now());
insert into td_todo_setle_dtl(todo_setle_seq, work_seq, del_yn, creator_seq, cre_dt, updator_seq, upd_dt) values (101,101,'N',100,now(),100,now());
insert into td_todo_setle_dtl(todo_setle_seq, work_seq, del_yn, creator_seq, cre_dt, updator_seq, upd_dt) values (101,103,'N',100,now(),100,now());
insert into td_todo_setle_dtl(todo_setle_seq, work_seq, del_yn, creator_seq, cre_dt, updator_seq, upd_dt) values (101,105,'N',100,now(),100,now());
insert into td_todo_setle_dtl(todo_setle_seq, work_seq, del_yn, creator_seq, cre_dt, updator_seq, upd_dt) values (101,107,'N',100,now(),100,now());
insert into td_todo_setle_dtl(todo_setle_seq, work_seq, del_yn, creator_seq, cre_dt, updator_seq, upd_dt) values (101,109,'N',100,now(),100,now());
insert into td_todo_setle_dtl(todo_setle_seq, work_seq, del_yn, creator_seq, cre_dt, updator_seq, upd_dt) values (101,111,'N',100,now(),100,now());
insert into td_todo_setle_dtl(todo_setle_seq, work_seq, del_yn, creator_seq, cre_dt, updator_seq, upd_dt) values (101,113,'N',100,now(),100,now());
insert into td_todo_setle_dtl(todo_setle_seq, work_seq, del_yn, creator_seq, cre_dt, updator_seq, upd_dt) values (101,115,'N',100,now(),100,now());
insert into td_todo_setle_dtl(todo_setle_seq, work_seq, del_yn, creator_seq, cre_dt, updator_seq, upd_dt) values (101,117,'N',100,now(),100,now());
insert into td_todo_setle_dtl(todo_setle_seq, work_seq, del_yn, creator_seq, cre_dt, updator_seq, upd_dt) values (101,119,'N',100,now(),100,now());
insert into td_todo_setle_dtl(todo_setle_seq, work_seq, del_yn, creator_seq, cre_dt, updator_seq, upd_dt) values (101,121,'N',100,now(),100,now());
insert into td_todo_setle_dtl(todo_setle_seq, work_seq, del_yn, creator_seq, cre_dt, updator_seq, upd_dt) values (101,123,'N',100,now(),100,now());
insert into td_todo_setle_dtl(todo_setle_seq, work_seq, del_yn, creator_seq, cre_dt, updator_seq, upd_dt) values (101,125,'N',100,now(),100,now());
insert into td_todo_setle_dtl(todo_setle_seq, work_seq, del_yn, creator_seq, cre_dt, updator_seq, upd_dt) values (101,128,'N',100,now(),100,now());
insert into td_todo_setle_dtl(todo_setle_seq, work_seq, del_yn, creator_seq, cre_dt, updator_seq, upd_dt) values (101,130,'N',100,now(),100,now());
insert into td_todo_setle_dtl(todo_setle_seq, work_seq, del_yn, creator_seq, cre_dt, updator_seq, upd_dt) values (101,132,'N',100,now(),100,now());
insert into td_todo_setle_dtl(todo_setle_seq, work_seq, del_yn, creator_seq, cre_dt, updator_seq, upd_dt) values (101,134,'N',100,now(),100,now());
insert into td_todo_setle_dtl(todo_setle_seq, work_seq, del_yn, creator_seq, cre_dt, updator_seq, upd_dt) values (101,136,'N',100,now(),100,now());
insert into td_todo_setle_dtl(todo_setle_seq, work_seq, del_yn, creator_seq, cre_dt, updator_seq, upd_dt) values (101,138,'N',100,now(),100,now());
insert into td_todo_setle_dtl(todo_setle_seq, work_seq, del_yn, creator_seq, cre_dt, updator_seq, upd_dt) values (101,140,'N',100,now(),100,now());
insert into td_todo_setle_dtl(todo_setle_seq, work_seq, del_yn, creator_seq, cre_dt, updator_seq, upd_dt) values (101,142,'N',100,now(),100,now());
insert into td_todo_setle_dtl(todo_setle_seq, work_seq, del_yn, creator_seq, cre_dt, updator_seq, upd_dt) values (101,144,'N',100,now(),100,now());
insert into td_todo_setle_dtl(todo_setle_seq, work_seq, del_yn, creator_seq, cre_dt, updator_seq, upd_dt) values (101,146,'N',100,now(),100,now());
insert into td_todo_setle_dtl(todo_setle_seq, work_seq, del_yn, creator_seq, cre_dt, updator_seq, upd_dt) values (101,148,'N',100,now(),100,now());
insert into td_todo_setle_dtl(todo_setle_seq, work_seq, del_yn, creator_seq, cre_dt, updator_seq, upd_dt) values (101,150,'N',100,now(),100,now());
insert into td_todo_setle_dtl(todo_setle_seq, work_seq, del_yn, creator_seq, cre_dt, updator_seq, upd_dt) values (102,151,'N',100,now(),100,now());
insert into td_todo_setle_dtl(todo_setle_seq, work_seq, del_yn, creator_seq, cre_dt, updator_seq, upd_dt) values (102,153,'N',100,now(),100,now());
insert into td_todo_setle_dtl(todo_setle_seq, work_seq, del_yn, creator_seq, cre_dt, updator_seq, upd_dt) values (102,155,'N',100,now(),100,now());
insert into td_todo_setle_dtl(todo_setle_seq, work_seq, del_yn, creator_seq, cre_dt, updator_seq, upd_dt) values (102,157,'N',100,now(),100,now());
insert into td_todo_setle_dtl(todo_setle_seq, work_seq, del_yn, creator_seq, cre_dt, updator_seq, upd_dt) values (102,159,'N',100,now(),100,now());
insert into td_todo_setle_dtl(todo_setle_seq, work_seq, del_yn, creator_seq, cre_dt, updator_seq, upd_dt) values (102,161,'N',100,now(),100,now());
insert into td_todo_setle_dtl(todo_setle_seq, work_seq, del_yn, creator_seq, cre_dt, updator_seq, upd_dt) values (102,163,'N',100,now(),100,now());
insert into td_todo_setle_dtl(todo_setle_seq, work_seq, del_yn, creator_seq, cre_dt, updator_seq, upd_dt) values (102,165,'N',100,now(),100,now());
insert into td_todo_setle_dtl(todo_setle_seq, work_seq, del_yn, creator_seq, cre_dt, updator_seq, upd_dt) values (102,167,'N',100,now(),100,now());
insert into td_todo_setle_dtl(todo_setle_seq, work_seq, del_yn, creator_seq, cre_dt, updator_seq, upd_dt) values (102,169,'N',100,now(),100,now());
insert into td_todo_setle_dtl(todo_setle_seq, work_seq, del_yn, creator_seq, cre_dt, updator_seq, upd_dt) values (102,171,'N',100,now(),100,now());
insert into td_todo_setle_dtl(todo_setle_seq, work_seq, del_yn, creator_seq, cre_dt, updator_seq, upd_dt) values (102,173,'N',100,now(),100,now());
insert into td_todo_setle_dtl(todo_setle_seq, work_seq, del_yn, creator_seq, cre_dt, updator_seq, upd_dt) values (102,175,'N',100,now(),100,now());
insert into td_todo_setle_dtl(todo_setle_seq, work_seq, del_yn, creator_seq, cre_dt, updator_seq, upd_dt) values (102,177,'N',100,now(),100,now());
insert into td_todo_setle_dtl(todo_setle_seq, work_seq, del_yn, creator_seq, cre_dt, updator_seq, upd_dt) values (102,179,'N',100,now(),100,now());
insert into td_todo_setle_dtl(todo_setle_seq, work_seq, del_yn, creator_seq, cre_dt, updator_seq, upd_dt) values (102,181,'N',100,now(),100,now());
insert into td_todo_setle_dtl(todo_setle_seq, work_seq, del_yn, creator_seq, cre_dt, updator_seq, upd_dt) values (102,183,'N',100,now(),100,now());
insert into td_todo_setle_dtl(todo_setle_seq, work_seq, del_yn, creator_seq, cre_dt, updator_seq, upd_dt) values (102,185,'N',100,now(),100,now());
insert into td_todo_setle_dtl(todo_setle_seq, work_seq, del_yn, creator_seq, cre_dt, updator_seq, upd_dt) values (102,187,'N',100,now(),100,now());
insert into td_todo_setle_dtl(todo_setle_seq, work_seq, del_yn, creator_seq, cre_dt, updator_seq, upd_dt) values (102,189,'N',100,now(),100,now());
insert into td_todo_setle_dtl(todo_setle_seq, work_seq, del_yn, creator_seq, cre_dt, updator_seq, upd_dt) values (102,191,'N',100,now(),100,now());
insert into td_todo_setle_dtl(todo_setle_seq, work_seq, del_yn, creator_seq, cre_dt, updator_seq, upd_dt) values (102,193,'N',100,now(),100,now());
insert into td_todo_setle_dtl(todo_setle_seq, work_seq, del_yn, creator_seq, cre_dt, updator_seq, upd_dt) values (102,195,'N',100,now(),100,now());
insert into td_todo_setle_dtl(todo_setle_seq, work_seq, del_yn, creator_seq, cre_dt, updator_seq, upd_dt) values (102,197,'N',100,now(),100,now());
insert into td_todo_setle_dtl(todo_setle_seq, work_seq, del_yn, creator_seq, cre_dt, updator_seq, upd_dt) values (102,199,'N',100,now(),100,now());
insert into td_todo_setle_dtl(todo_setle_seq, work_seq, del_yn, creator_seq, cre_dt, updator_seq, upd_dt) values (102,201,'N',100,now(),100,now());
insert into td_todo_setle_dtl(todo_setle_seq, work_seq, del_yn, creator_seq, cre_dt, updator_seq, upd_dt) values (102,203,'N',100,now(),100,now());
insert into td_todo_setle_dtl(todo_setle_seq, work_seq, del_yn, creator_seq, cre_dt, updator_seq, upd_dt) values (102,205,'N',100,now(),100,now());
insert into td_todo_setle_dtl(todo_setle_seq, work_seq, del_yn, creator_seq, cre_dt, updator_seq, upd_dt) values (103,152,'N',100,now(),100,now());
insert into td_todo_setle_dtl(todo_setle_seq, work_seq, del_yn, creator_seq, cre_dt, updator_seq, upd_dt) values (103,154,'N',100,now(),100,now());
insert into td_todo_setle_dtl(todo_setle_seq, work_seq, del_yn, creator_seq, cre_dt, updator_seq, upd_dt) values (103,156,'N',100,now(),100,now());
insert into td_todo_setle_dtl(todo_setle_seq, work_seq, del_yn, creator_seq, cre_dt, updator_seq, upd_dt) values (103,158,'N',100,now(),100,now());
insert into td_todo_setle_dtl(todo_setle_seq, work_seq, del_yn, creator_seq, cre_dt, updator_seq, upd_dt) values (103,160,'N',100,now(),100,now());
insert into td_todo_setle_dtl(todo_setle_seq, work_seq, del_yn, creator_seq, cre_dt, updator_seq, upd_dt) values (103,162,'N',100,now(),100,now());
insert into td_todo_setle_dtl(todo_setle_seq, work_seq, del_yn, creator_seq, cre_dt, updator_seq, upd_dt) values (103,164,'N',100,now(),100,now());
insert into td_todo_setle_dtl(todo_setle_seq, work_seq, del_yn, creator_seq, cre_dt, updator_seq, upd_dt) values (103,166,'N',100,now(),100,now());
insert into td_todo_setle_dtl(todo_setle_seq, work_seq, del_yn, creator_seq, cre_dt, updator_seq, upd_dt) values (103,168,'N',100,now(),100,now());
insert into td_todo_setle_dtl(todo_setle_seq, work_seq, del_yn, creator_seq, cre_dt, updator_seq, upd_dt) values (103,170,'N',100,now(),100,now());
insert into td_todo_setle_dtl(todo_setle_seq, work_seq, del_yn, creator_seq, cre_dt, updator_seq, upd_dt) values (103,172,'N',100,now(),100,now());
insert into td_todo_setle_dtl(todo_setle_seq, work_seq, del_yn, creator_seq, cre_dt, updator_seq, upd_dt) values (103,174,'N',100,now(),100,now());
insert into td_todo_setle_dtl(todo_setle_seq, work_seq, del_yn, creator_seq, cre_dt, updator_seq, upd_dt) values (103,176,'N',100,now(),100,now());
insert into td_todo_setle_dtl(todo_setle_seq, work_seq, del_yn, creator_seq, cre_dt, updator_seq, upd_dt) values (103,178,'N',100,now(),100,now());
insert into td_todo_setle_dtl(todo_setle_seq, work_seq, del_yn, creator_seq, cre_dt, updator_seq, upd_dt) values (103,180,'N',100,now(),100,now());
insert into td_todo_setle_dtl(todo_setle_seq, work_seq, del_yn, creator_seq, cre_dt, updator_seq, upd_dt) values (103,182,'N',100,now(),100,now());
insert into td_todo_setle_dtl(todo_setle_seq, work_seq, del_yn, creator_seq, cre_dt, updator_seq, upd_dt) values (103,184,'N',100,now(),100,now());
insert into td_todo_setle_dtl(todo_setle_seq, work_seq, del_yn, creator_seq, cre_dt, updator_seq, upd_dt) values (103,186,'N',100,now(),100,now());
insert into td_todo_setle_dtl(todo_setle_seq, work_seq, del_yn, creator_seq, cre_dt, updator_seq, upd_dt) values (103,188,'N',100,now(),100,now());
insert into td_todo_setle_dtl(todo_setle_seq, work_seq, del_yn, creator_seq, cre_dt, updator_seq, upd_dt) values (103,190,'N',100,now(),100,now());
insert into td_todo_setle_dtl(todo_setle_seq, work_seq, del_yn, creator_seq, cre_dt, updator_seq, upd_dt) values (103,192,'N',100,now(),100,now());
insert into td_todo_setle_dtl(todo_setle_seq, work_seq, del_yn, creator_seq, cre_dt, updator_seq, upd_dt) values (103,194,'N',100,now(),100,now());
insert into td_todo_setle_dtl(todo_setle_seq, work_seq, del_yn, creator_seq, cre_dt, updator_seq, upd_dt) values (103,196,'N',100,now(),100,now());
insert into td_todo_setle_dtl(todo_setle_seq, work_seq, del_yn, creator_seq, cre_dt, updator_seq, upd_dt) values (103,198,'N',100,now(),100,now());
insert into td_todo_setle_dtl(todo_setle_seq, work_seq, del_yn, creator_seq, cre_dt, updator_seq, upd_dt) values (103,200,'N',100,now(),100,now());
insert into td_todo_setle_dtl(todo_setle_seq, work_seq, del_yn, creator_seq, cre_dt, updator_seq, upd_dt) values (103,202,'N',100,now(),100,now());
insert into td_todo_setle_dtl(todo_setle_seq, work_seq, del_yn, creator_seq, cre_dt, updator_seq, upd_dt) values (103,204,'N',100,now(),100,now());
insert into td_todo_setle_dtl(todo_setle_seq, work_seq, del_yn, creator_seq, cre_dt, updator_seq, upd_dt) values (103,206,'N',100,now(),100,now());
insert into td_todo_setle_dtl(todo_setle_seq, work_seq, del_yn, creator_seq, cre_dt, updator_seq, upd_dt) values (104,207,'N',100,now(),100,now());
insert into td_todo_setle_dtl(todo_setle_seq, work_seq, del_yn, creator_seq, cre_dt, updator_seq, upd_dt) values (104,209,'N',100,now(),100,now());
insert into td_todo_setle_dtl(todo_setle_seq, work_seq, del_yn, creator_seq, cre_dt, updator_seq, upd_dt) values (104,211,'N',100,now(),100,now());
insert into td_todo_setle_dtl(todo_setle_seq, work_seq, del_yn, creator_seq, cre_dt, updator_seq, upd_dt) values (104,213,'N',100,now(),100,now());
insert into td_todo_setle_dtl(todo_setle_seq, work_seq, del_yn, creator_seq, cre_dt, updator_seq, upd_dt) values (104,215,'N',100,now(),100,now());
insert into td_todo_setle_dtl(todo_setle_seq, work_seq, del_yn, creator_seq, cre_dt, updator_seq, upd_dt) values (104,217,'N',100,now(),100,now());
insert into td_todo_setle_dtl(todo_setle_seq, work_seq, del_yn, creator_seq, cre_dt, updator_seq, upd_dt) values (104,219,'N',100,now(),100,now());
insert into td_todo_setle_dtl(todo_setle_seq, work_seq, del_yn, creator_seq, cre_dt, updator_seq, upd_dt) values (104,221,'N',100,now(),100,now());
insert into td_todo_setle_dtl(todo_setle_seq, work_seq, del_yn, creator_seq, cre_dt, updator_seq, upd_dt) values (104,223,'N',100,now(),100,now());
insert into td_todo_setle_dtl(todo_setle_seq, work_seq, del_yn, creator_seq, cre_dt, updator_seq, upd_dt) values (104,226,'N',100,now(),100,now());
insert into td_todo_setle_dtl(todo_setle_seq, work_seq, del_yn, creator_seq, cre_dt, updator_seq, upd_dt) values (104,228,'N',100,now(),100,now());
insert into td_todo_setle_dtl(todo_setle_seq, work_seq, del_yn, creator_seq, cre_dt, updator_seq, upd_dt) values (104,230,'N',100,now(),100,now());
insert into td_todo_setle_dtl(todo_setle_seq, work_seq, del_yn, creator_seq, cre_dt, updator_seq, upd_dt) values (104,232,'N',100,now(),100,now());
insert into td_todo_setle_dtl(todo_setle_seq, work_seq, del_yn, creator_seq, cre_dt, updator_seq, upd_dt) values (104,234,'N',100,now(),100,now());
insert into td_todo_setle_dtl(todo_setle_seq, work_seq, del_yn, creator_seq, cre_dt, updator_seq, upd_dt) values (104,236,'N',100,now(),100,now());
insert into td_todo_setle_dtl(todo_setle_seq, work_seq, del_yn, creator_seq, cre_dt, updator_seq, upd_dt) values (104,238,'N',100,now(),100,now());
insert into td_todo_setle_dtl(todo_setle_seq, work_seq, del_yn, creator_seq, cre_dt, updator_seq, upd_dt) values (104,240,'N',100,now(),100,now());
insert into td_todo_setle_dtl(todo_setle_seq, work_seq, del_yn, creator_seq, cre_dt, updator_seq, upd_dt) values (104,242,'N',100,now(),100,now());
insert into td_todo_setle_dtl(todo_setle_seq, work_seq, del_yn, creator_seq, cre_dt, updator_seq, upd_dt) values (104,243,'N',100,now(),100,now());
insert into td_todo_setle_dtl(todo_setle_seq, work_seq, del_yn, creator_seq, cre_dt, updator_seq, upd_dt) values (104,245,'N',100,now(),100,now());
insert into td_todo_setle_dtl(todo_setle_seq, work_seq, del_yn, creator_seq, cre_dt, updator_seq, upd_dt) values (104,247,'N',100,now(),100,now());
insert into td_todo_setle_dtl(todo_setle_seq, work_seq, del_yn, creator_seq, cre_dt, updator_seq, upd_dt) values (104,249,'N',100,now(),100,now());
insert into td_todo_setle_dtl(todo_setle_seq, work_seq, del_yn, creator_seq, cre_dt, updator_seq, upd_dt) values (104,251,'N',100,now(),100,now());
insert into td_todo_setle_dtl(todo_setle_seq, work_seq, del_yn, creator_seq, cre_dt, updator_seq, upd_dt) values (104,253,'N',100,now(),100,now());
insert into td_todo_setle_dtl(todo_setle_seq, work_seq, del_yn, creator_seq, cre_dt, updator_seq, upd_dt) values (104,255,'N',100,now(),100,now());
insert into td_todo_setle_dtl(todo_setle_seq, work_seq, del_yn, creator_seq, cre_dt, updator_seq, upd_dt) values (104,257,'N',100,now(),100,now());
insert into td_todo_setle_dtl(todo_setle_seq, work_seq, del_yn, creator_seq, cre_dt, updator_seq, upd_dt) values (104,259,'N',100,now(),100,now());
insert into td_todo_setle_dtl(todo_setle_seq, work_seq, del_yn, creator_seq, cre_dt, updator_seq, upd_dt) values (104,261,'N',100,now(),100,now());
insert into td_todo_setle_dtl(todo_setle_seq, work_seq, del_yn, creator_seq, cre_dt, updator_seq, upd_dt) values (104,263,'N',100,now(),100,now());
insert into td_todo_setle_dtl(todo_setle_seq, work_seq, del_yn, creator_seq, cre_dt, updator_seq, upd_dt) values (104,265,'N',100,now(),100,now());
insert into td_todo_setle_dtl(todo_setle_seq, work_seq, del_yn, creator_seq, cre_dt, updator_seq, upd_dt) values (105,208,'N',100,now(),100,now());
insert into td_todo_setle_dtl(todo_setle_seq, work_seq, del_yn, creator_seq, cre_dt, updator_seq, upd_dt) values (105,210,'N',100,now(),100,now());
insert into td_todo_setle_dtl(todo_setle_seq, work_seq, del_yn, creator_seq, cre_dt, updator_seq, upd_dt) values (105,212,'N',100,now(),100,now());
insert into td_todo_setle_dtl(todo_setle_seq, work_seq, del_yn, creator_seq, cre_dt, updator_seq, upd_dt) values (105,214,'N',100,now(),100,now());
insert into td_todo_setle_dtl(todo_setle_seq, work_seq, del_yn, creator_seq, cre_dt, updator_seq, upd_dt) values (105,216,'N',100,now(),100,now());
insert into td_todo_setle_dtl(todo_setle_seq, work_seq, del_yn, creator_seq, cre_dt, updator_seq, upd_dt) values (105,218,'N',100,now(),100,now());
insert into td_todo_setle_dtl(todo_setle_seq, work_seq, del_yn, creator_seq, cre_dt, updator_seq, upd_dt) values (105,220,'N',100,now(),100,now());
insert into td_todo_setle_dtl(todo_setle_seq, work_seq, del_yn, creator_seq, cre_dt, updator_seq, upd_dt) values (105,222,'N',100,now(),100,now());
insert into td_todo_setle_dtl(todo_setle_seq, work_seq, del_yn, creator_seq, cre_dt, updator_seq, upd_dt) values (105,224,'N',100,now(),100,now());
insert into td_todo_setle_dtl(todo_setle_seq, work_seq, del_yn, creator_seq, cre_dt, updator_seq, upd_dt) values (105,225,'N',100,now(),100,now());
insert into td_todo_setle_dtl(todo_setle_seq, work_seq, del_yn, creator_seq, cre_dt, updator_seq, upd_dt) values (105,227,'N',100,now(),100,now());
insert into td_todo_setle_dtl(todo_setle_seq, work_seq, del_yn, creator_seq, cre_dt, updator_seq, upd_dt) values (105,229,'N',100,now(),100,now());
insert into td_todo_setle_dtl(todo_setle_seq, work_seq, del_yn, creator_seq, cre_dt, updator_seq, upd_dt) values (105,231,'N',100,now(),100,now());
insert into td_todo_setle_dtl(todo_setle_seq, work_seq, del_yn, creator_seq, cre_dt, updator_seq, upd_dt) values (105,233,'N',100,now(),100,now());
insert into td_todo_setle_dtl(todo_setle_seq, work_seq, del_yn, creator_seq, cre_dt, updator_seq, upd_dt) values (105,235,'N',100,now(),100,now());
insert into td_todo_setle_dtl(todo_setle_seq, work_seq, del_yn, creator_seq, cre_dt, updator_seq, upd_dt) values (105,237,'N',100,now(),100,now());
insert into td_todo_setle_dtl(todo_setle_seq, work_seq, del_yn, creator_seq, cre_dt, updator_seq, upd_dt) values (105,239,'N',100,now(),100,now());
insert into td_todo_setle_dtl(todo_setle_seq, work_seq, del_yn, creator_seq, cre_dt, updator_seq, upd_dt) values (105,241,'N',100,now(),100,now());
insert into td_todo_setle_dtl(todo_setle_seq, work_seq, del_yn, creator_seq, cre_dt, updator_seq, upd_dt) values (105,244,'N',100,now(),100,now());
insert into td_todo_setle_dtl(todo_setle_seq, work_seq, del_yn, creator_seq, cre_dt, updator_seq, upd_dt) values (105,246,'N',100,now(),100,now());
insert into td_todo_setle_dtl(todo_setle_seq, work_seq, del_yn, creator_seq, cre_dt, updator_seq, upd_dt) values (105,248,'N',100,now(),100,now());
insert into td_todo_setle_dtl(todo_setle_seq, work_seq, del_yn, creator_seq, cre_dt, updator_seq, upd_dt) values (105,250,'N',100,now(),100,now());
insert into td_todo_setle_dtl(todo_setle_seq, work_seq, del_yn, creator_seq, cre_dt, updator_seq, upd_dt) values (105,252,'N',100,now(),100,now());
insert into td_todo_setle_dtl(todo_setle_seq, work_seq, del_yn, creator_seq, cre_dt, updator_seq, upd_dt) values (105,254,'N',100,now(),100,now());
insert into td_todo_setle_dtl(todo_setle_seq, work_seq, del_yn, creator_seq, cre_dt, updator_seq, upd_dt) values (105,256,'N',100,now(),100,now());
insert into td_todo_setle_dtl(todo_setle_seq, work_seq, del_yn, creator_seq, cre_dt, updator_seq, upd_dt) values (105,258,'N',100,now(),100,now());
insert into td_todo_setle_dtl(todo_setle_seq, work_seq, del_yn, creator_seq, cre_dt, updator_seq, upd_dt) values (105,260,'N',100,now(),100,now());
insert into td_todo_setle_dtl(todo_setle_seq, work_seq, del_yn, creator_seq, cre_dt, updator_seq, upd_dt) values (105,262,'N',100,now(),100,now());
insert into td_todo_setle_dtl(todo_setle_seq, work_seq, del_yn, creator_seq, cre_dt, updator_seq, upd_dt) values (105,264,'N',100,now(),100,now());
insert into td_todo_setle_dtl(todo_setle_seq, work_seq, del_yn, creator_seq, cre_dt, updator_seq, upd_dt) values (105,266,'N',100,now(),100,now());
insert into td_todo_setle_dtl(todo_setle_seq, work_seq, del_yn, creator_seq, cre_dt, updator_seq, upd_dt) values (106,267,'N',100,now(),100,now());
insert into td_todo_setle_dtl(todo_setle_seq, work_seq, del_yn, creator_seq, cre_dt, updator_seq, upd_dt) values (106,269,'N',100,now(),100,now());
insert into td_todo_setle_dtl(todo_setle_seq, work_seq, del_yn, creator_seq, cre_dt, updator_seq, upd_dt) values (106,271,'N',100,now(),100,now());
insert into td_todo_setle_dtl(todo_setle_seq, work_seq, del_yn, creator_seq, cre_dt, updator_seq, upd_dt) values (106,273,'N',100,now(),100,now());
insert into td_todo_setle_dtl(todo_setle_seq, work_seq, del_yn, creator_seq, cre_dt, updator_seq, upd_dt) values (106,277,'N',100,now(),100,now());
insert into td_todo_setle_dtl(todo_setle_seq, work_seq, del_yn, creator_seq, cre_dt, updator_seq, upd_dt) values (106,279,'N',100,now(),100,now());
insert into td_todo_setle_dtl(todo_setle_seq, work_seq, del_yn, creator_seq, cre_dt, updator_seq, upd_dt) values (106,281,'N',100,now(),100,now());
insert into td_todo_setle_dtl(todo_setle_seq, work_seq, del_yn, creator_seq, cre_dt, updator_seq, upd_dt) values (106,283,'N',100,now(),100,now());
insert into td_todo_setle_dtl(todo_setle_seq, work_seq, del_yn, creator_seq, cre_dt, updator_seq, upd_dt) values (106,285,'N',100,now(),100,now());
insert into td_todo_setle_dtl(todo_setle_seq, work_seq, del_yn, creator_seq, cre_dt, updator_seq, upd_dt) values (106,287,'N',100,now(),100,now());
insert into td_todo_setle_dtl(todo_setle_seq, work_seq, del_yn, creator_seq, cre_dt, updator_seq, upd_dt) values (106,289,'N',100,now(),100,now());
insert into td_todo_setle_dtl(todo_setle_seq, work_seq, del_yn, creator_seq, cre_dt, updator_seq, upd_dt) values (106,291,'N',100,now(),100,now());
insert into td_todo_setle_dtl(todo_setle_seq, work_seq, del_yn, creator_seq, cre_dt, updator_seq, upd_dt) values (106,293,'N',100,now(),100,now());
insert into td_todo_setle_dtl(todo_setle_seq, work_seq, del_yn, creator_seq, cre_dt, updator_seq, upd_dt) values (106,295,'N',100,now(),100,now());
insert into td_todo_setle_dtl(todo_setle_seq, work_seq, del_yn, creator_seq, cre_dt, updator_seq, upd_dt) values (106,297,'N',100,now(),100,now());
insert into td_todo_setle_dtl(todo_setle_seq, work_seq, del_yn, creator_seq, cre_dt, updator_seq, upd_dt) values (106,299,'N',100,now(),100,now());
insert into td_todo_setle_dtl(todo_setle_seq, work_seq, del_yn, creator_seq, cre_dt, updator_seq, upd_dt) values (106,301,'N',100,now(),100,now());
insert into td_todo_setle_dtl(todo_setle_seq, work_seq, del_yn, creator_seq, cre_dt, updator_seq, upd_dt) values (106,303,'N',100,now(),100,now());
insert into td_todo_setle_dtl(todo_setle_seq, work_seq, del_yn, creator_seq, cre_dt, updator_seq, upd_dt) values (106,305,'N',100,now(),100,now());
insert into td_todo_setle_dtl(todo_setle_seq, work_seq, del_yn, creator_seq, cre_dt, updator_seq, upd_dt) values (106,307,'N',100,now(),100,now());
insert into td_todo_setle_dtl(todo_setle_seq, work_seq, del_yn, creator_seq, cre_dt, updator_seq, upd_dt) values (106,309,'N',100,now(),100,now());
insert into td_todo_setle_dtl(todo_setle_seq, work_seq, del_yn, creator_seq, cre_dt, updator_seq, upd_dt) values (106,311,'N',100,now(),100,now());
insert into td_todo_setle_dtl(todo_setle_seq, work_seq, del_yn, creator_seq, cre_dt, updator_seq, upd_dt) values (106,313,'N',100,now(),100,now());
insert into td_todo_setle_dtl(todo_setle_seq, work_seq, del_yn, creator_seq, cre_dt, updator_seq, upd_dt) values (106,315,'N',100,now(),100,now());
insert into td_todo_setle_dtl(todo_setle_seq, work_seq, del_yn, creator_seq, cre_dt, updator_seq, upd_dt) values (106,317,'N',100,now(),100,now());
insert into td_todo_setle_dtl(todo_setle_seq, work_seq, del_yn, creator_seq, cre_dt, updator_seq, upd_dt) values (106,319,'N',100,now(),100,now());
insert into td_todo_setle_dtl(todo_setle_seq, work_seq, del_yn, creator_seq, cre_dt, updator_seq, upd_dt) values (106,321,'N',100,now(),100,now());
insert into td_todo_setle_dtl(todo_setle_seq, work_seq, del_yn, creator_seq, cre_dt, updator_seq, upd_dt) values (106,323,'N',100,now(),100,now());
insert into td_todo_setle_dtl(todo_setle_seq, work_seq, del_yn, creator_seq, cre_dt, updator_seq, upd_dt) values (107,268,'N',100,now(),100,now());
insert into td_todo_setle_dtl(todo_setle_seq, work_seq, del_yn, creator_seq, cre_dt, updator_seq, upd_dt) values (107,270,'N',100,now(),100,now());
insert into td_todo_setle_dtl(todo_setle_seq, work_seq, del_yn, creator_seq, cre_dt, updator_seq, upd_dt) values (107,272,'N',100,now(),100,now());
insert into td_todo_setle_dtl(todo_setle_seq, work_seq, del_yn, creator_seq, cre_dt, updator_seq, upd_dt) values (107,274,'N',100,now(),100,now());
insert into td_todo_setle_dtl(todo_setle_seq, work_seq, del_yn, creator_seq, cre_dt, updator_seq, upd_dt) values (107,275,'N',100,now(),100,now());
insert into td_todo_setle_dtl(todo_setle_seq, work_seq, del_yn, creator_seq, cre_dt, updator_seq, upd_dt) values (107,276,'N',100,now(),100,now());
insert into td_todo_setle_dtl(todo_setle_seq, work_seq, del_yn, creator_seq, cre_dt, updator_seq, upd_dt) values (107,278,'N',100,now(),100,now());
insert into td_todo_setle_dtl(todo_setle_seq, work_seq, del_yn, creator_seq, cre_dt, updator_seq, upd_dt) values (107,280,'N',100,now(),100,now());
insert into td_todo_setle_dtl(todo_setle_seq, work_seq, del_yn, creator_seq, cre_dt, updator_seq, upd_dt) values (107,282,'N',100,now(),100,now());
insert into td_todo_setle_dtl(todo_setle_seq, work_seq, del_yn, creator_seq, cre_dt, updator_seq, upd_dt) values (107,284,'N',100,now(),100,now());
insert into td_todo_setle_dtl(todo_setle_seq, work_seq, del_yn, creator_seq, cre_dt, updator_seq, upd_dt) values (107,286,'N',100,now(),100,now());
insert into td_todo_setle_dtl(todo_setle_seq, work_seq, del_yn, creator_seq, cre_dt, updator_seq, upd_dt) values (107,288,'N',100,now(),100,now());
insert into td_todo_setle_dtl(todo_setle_seq, work_seq, del_yn, creator_seq, cre_dt, updator_seq, upd_dt) values (107,290,'N',100,now(),100,now());
insert into td_todo_setle_dtl(todo_setle_seq, work_seq, del_yn, creator_seq, cre_dt, updator_seq, upd_dt) values (107,292,'N',100,now(),100,now());
insert into td_todo_setle_dtl(todo_setle_seq, work_seq, del_yn, creator_seq, cre_dt, updator_seq, upd_dt) values (107,294,'N',100,now(),100,now());
insert into td_todo_setle_dtl(todo_setle_seq, work_seq, del_yn, creator_seq, cre_dt, updator_seq, upd_dt) values (107,296,'N',100,now(),100,now());
insert into td_todo_setle_dtl(todo_setle_seq, work_seq, del_yn, creator_seq, cre_dt, updator_seq, upd_dt) values (107,298,'N',100,now(),100,now());
insert into td_todo_setle_dtl(todo_setle_seq, work_seq, del_yn, creator_seq, cre_dt, updator_seq, upd_dt) values (107,300,'N',100,now(),100,now());
insert into td_todo_setle_dtl(todo_setle_seq, work_seq, del_yn, creator_seq, cre_dt, updator_seq, upd_dt) values (107,302,'N',100,now(),100,now());
insert into td_todo_setle_dtl(todo_setle_seq, work_seq, del_yn, creator_seq, cre_dt, updator_seq, upd_dt) values (107,304,'N',100,now(),100,now());
insert into td_todo_setle_dtl(todo_setle_seq, work_seq, del_yn, creator_seq, cre_dt, updator_seq, upd_dt) values (107,306,'N',100,now(),100,now());
insert into td_todo_setle_dtl(todo_setle_seq, work_seq, del_yn, creator_seq, cre_dt, updator_seq, upd_dt) values (107,308,'N',100,now(),100,now());
insert into td_todo_setle_dtl(todo_setle_seq, work_seq, del_yn, creator_seq, cre_dt, updator_seq, upd_dt) values (107,310,'N',100,now(),100,now());
insert into td_todo_setle_dtl(todo_setle_seq, work_seq, del_yn, creator_seq, cre_dt, updator_seq, upd_dt) values (107,312,'N',100,now(),100,now());
insert into td_todo_setle_dtl(todo_setle_seq, work_seq, del_yn, creator_seq, cre_dt, updator_seq, upd_dt) values (107,314,'N',100,now(),100,now());
insert into td_todo_setle_dtl(todo_setle_seq, work_seq, del_yn, creator_seq, cre_dt, updator_seq, upd_dt) values (107,316,'N',100,now(),100,now());
insert into td_todo_setle_dtl(todo_setle_seq, work_seq, del_yn, creator_seq, cre_dt, updator_seq, upd_dt) values (107,318,'N',100,now(),100,now());
insert into td_todo_setle_dtl(todo_setle_seq, work_seq, del_yn, creator_seq, cre_dt, updator_seq, upd_dt) values (107,320,'N',100,now(),100,now());
insert into td_todo_setle_dtl(todo_setle_seq, work_seq, del_yn, creator_seq, cre_dt, updator_seq, upd_dt) values (107,322,'N',100,now(),100,now());
insert into td_todo_setle_dtl(todo_setle_seq, work_seq, del_yn, creator_seq, cre_dt, updator_seq, upd_dt) values (107,324,'N',100,now(),100,now());

