-- 사용자 등록
INSERT INTO CM_USER(USER_SEQ, LOGIN_ID, USER_NM, USER_STAT_CD, USER_TEL_NO, ACUNT_EXP_DT, LOGIN_FAIL_CNT, DEL_YN, CRE_DT, CREATOR_SEQ, UPD_DT, UPDATOR_SEQ)
VALUES (101, 'admin@coredevice.co.kr', '어드민', 'ENABLE', '010-1234-5678', '99991231', 0, 'N', NOW(), 100, NOW(), 100);
INSERT INTO CM_USER(USER_SEQ, LOGIN_ID, USER_NM, USER_STAT_CD, USER_TEL_NO, ACUNT_EXP_DT, LOGIN_FAIL_CNT, DEL_YN, CRE_DT, CREATOR_SEQ, UPD_DT, UPDATOR_SEQ)
VALUES (102, 'manager@coredevice.co.kr', '관리자', 'ENABLE', '010-1234-5678', '99991231', 0, 'N', NOW(), 100, NOW(), 100);
INSERT INTO CM_USER(USER_SEQ, LOGIN_ID, USER_NM, USER_STAT_CD, USER_TEL_NO, ACUNT_EXP_DT, LOGIN_FAIL_CNT, DEL_YN, CRE_DT, CREATOR_SEQ, UPD_DT, UPDATOR_SEQ)
VALUES (103, 'user01@coredevice.co.kr', '사용자01', 'ENABLE', '010-1234-5678', '99991231', 0, 'N', NOW(), 100, NOW(), 100);
INSERT INTO CM_USER(USER_SEQ, LOGIN_ID, USER_NM, USER_STAT_CD, USER_TEL_NO, ACUNT_EXP_DT, LOGIN_FAIL_CNT, DEL_YN, CRE_DT, CREATOR_SEQ, UPD_DT, UPDATOR_SEQ)
VALUES (104, 'user02@coredevice.co.kr', '사용자02', 'ENABLE', '010-1234-5678', '99991231', 0, 'N', NOW(), 100, NOW(), 100);

-- 사용자 패스워드
INSERT INTO CM_USER_PWD(USER_PWD_SEQ, USER_SEQ, USER_PWD, PWD_EXP_DT, DEL_YN, CRE_DT, CREATOR_SEQ, UPD_DT, UPDATOR_SEQ)
VALUES(101, 101, '{bcrypt}$2a$10$ErKoq2mRDOVizhm8MDqRnebaDfqRwU47ixtZM58aEIMbdJX3jjxYy', NOW() + 100, 'N', NOW(), 100, NOW(), 100);
INSERT INTO CM_USER_PWD(USER_PWD_SEQ, USER_SEQ, USER_PWD, PWD_EXP_DT, DEL_YN, CRE_DT, CREATOR_SEQ, UPD_DT, UPDATOR_SEQ)
VALUES(102, 102, '{bcrypt}$2a$10$ErKoq2mRDOVizhm8MDqRnebaDfqRwU47ixtZM58aEIMbdJX3jjxYy', NOW() + 100, 'N', NOW(), 100, NOW(), 100);
INSERT INTO CM_USER_PWD(USER_PWD_SEQ, USER_SEQ, USER_PWD, PWD_EXP_DT, DEL_YN, CRE_DT, CREATOR_SEQ, UPD_DT, UPDATOR_SEQ)
VALUES(103, 103, '{bcrypt}$2a$10$ErKoq2mRDOVizhm8MDqRnebaDfqRwU47ixtZM58aEIMbdJX3jjxYy', NOW() + 100, 'N', NOW(), 100, NOW(), 100);
INSERT INTO CM_USER_PWD(USER_PWD_SEQ, USER_SEQ, USER_PWD, PWD_EXP_DT, DEL_YN, CRE_DT, CREATOR_SEQ, UPD_DT, UPDATOR_SEQ)
VALUES(104, 104, '{bcrypt}$2a$10$ErKoq2mRDOVizhm8MDqRnebaDfqRwU47ixtZM58aEIMbdJX3jjxYy', NOW() + 100, 'N', NOW(), 100, NOW(), 100);

-- 관리자
INSERT INTO CM_ROLE(ROLE_SEQ, ROLE_CD, ROLE_NM, ROLE_DESC, DEL_YN, CRE_DT, CREATOR_SEQ, UPD_DT, UPDATOR_SEQ)
VALUES(100, 'ROLE_ADMIN', '어드민', '어드민', 'N', NOW(), 100, NOW(), 100);
INSERT INTO CM_ROLE(ROLE_SEQ, ROLE_CD, ROLE_NM, ROLE_DESC, DEL_YN, CRE_DT, CREATOR_SEQ, UPD_DT, UPDATOR_SEQ)
VALUES(101, 'ROLE_MANAGER', '관리자', '관리자', 'N', NOW(), 100, NOW(), 100);
INSERT INTO CM_ROLE(ROLE_SEQ, ROLE_CD, ROLE_NM, ROLE_DESC, DEL_YN, CRE_DT, CREATOR_SEQ, UPD_DT, UPDATOR_SEQ)
VALUES(102, 'ROLE_USER', '사용자', '사용자', 'N', NOW(), 100, NOW(), 100);

-- 권한할당
INSERT INTO CM_USER_ROLE_MAP(ROLE_SEQ, USER_SEQ, DEL_YN, CRE_DT, CREATOR_SEQ, UPD_DT, UPDATOR_SEQ)
VALUES(100, 101, 'N', NOW(), 100, NOW(), 100);
INSERT INTO CM_USER_ROLE_MAP(ROLE_SEQ, USER_SEQ, DEL_YN, CRE_DT, CREATOR_SEQ, UPD_DT, UPDATOR_SEQ)
VALUES(101, 102, 'N', NOW(), 100, NOW(), 100);
INSERT INTO CM_USER_ROLE_MAP(ROLE_SEQ, USER_SEQ, DEL_YN, CRE_DT, CREATOR_SEQ, UPD_DT, UPDATOR_SEQ)
VALUES(102, 103, 'N', NOW(), 100, NOW(), 100);
INSERT INTO CM_USER_ROLE_MAP(ROLE_SEQ, USER_SEQ, DEL_YN, CRE_DT, CREATOR_SEQ, UPD_DT, UPDATOR_SEQ)
VALUES(102, 104, 'N', NOW(), 100, NOW(), 100);