insert into td_todo(todo_seq, todo_cre_cd, todo_titl, todo_tmp_cont, todo_desc, complet_condi_val, todo_point, todo_typ_cd, todo_dtl_val, date_limit_cnt, post_begin_date, post_end_date, limit_begin_tm, limit_end_tm, quiz_use_yn, quiz_typ_cd, del_yn, creator_seq, cre_dt, updator_seq, upd_dt) values (100, 'DAILY', '아침퀴즈','정답 : ','7:00~7:10 사이 문제 풀기','문제 정답 맞추기',1000,'WAKEUP',null,1,'2023-09-01','9999-12-31','7:00','7:30','Y','ENG_WORD','N',100, now(), 100, now());
insert into td_todo(todo_seq, todo_cre_cd, todo_titl, todo_tmp_cont, todo_desc, complet_condi_val, todo_point, todo_typ_cd, todo_dtl_val, date_limit_cnt, post_begin_date, post_end_date, limit_begin_tm, limit_end_tm, quiz_use_yn, quiz_typ_cd, del_yn, creator_seq, cre_dt, updator_seq, upd_dt) values (101, 'DAILY', '취침미션','확인 시간 : ','23:30분 전에 잠자기','확인자가 확인',1000,'SLEEP',null,1,'2023-09-01','9999-12-31',null,null,'N',null,'N',100, now(), 100, now());
insert into td_todo(todo_seq, todo_cre_cd, todo_titl, todo_tmp_cont, todo_desc, complet_condi_val, todo_point, todo_typ_cd, todo_dtl_val, date_limit_cnt, post_begin_date, post_end_date, limit_begin_tm, limit_end_tm, quiz_use_yn, quiz_typ_cd, del_yn, creator_seq, cre_dt, updator_seq, upd_dt) values (102, 'DAILY', '방청소','방청소','취침전 자기방 청소','확인자가 확인',1000,'CLEAN',null,1,'2023-09-01','9999-12-31',null,null,'N',null,'N',100, now(), 100, now());
insert into td_todo(todo_seq, todo_cre_cd, todo_titl, todo_tmp_cont, todo_desc, complet_condi_val, todo_point, todo_typ_cd, todo_dtl_val, date_limit_cnt, post_begin_date, post_end_date, limit_begin_tm, limit_end_tm, quiz_use_yn, quiz_typ_cd, del_yn, creator_seq, cre_dt, updator_seq, upd_dt) values (103, 'DAILY', '영어일기','Title : \nContent:','500자 이상','500이상',1000,'DIARY','500',1,'2023-09-01','9999-12-31',null,null,'N',null,'N',100, now(), 100, now());
insert into td_todo(todo_seq, todo_cre_cd, todo_titl, todo_tmp_cont, todo_desc, complet_condi_val, todo_point, todo_typ_cd, todo_dtl_val, date_limit_cnt, post_begin_date, post_end_date, limit_begin_tm, limit_end_tm, quiz_use_yn, quiz_typ_cd, del_yn, creator_seq, cre_dt, updator_seq, upd_dt) values (104, 'DAILY', '운동','운동종류:\n운동시간:\n운동내용:\n','자전거 10km, 조깅 5km, 출넘기 1000','운동기록 업로드',1000,'EXERCISE',null,1,'2023-09-01','9999-12-31',null,null,'N',null,'N',100, now(), 100, now());
insert into td_todo(todo_seq, todo_cre_cd, todo_titl, todo_tmp_cont, todo_desc, complet_condi_val, todo_point, todo_typ_cd, todo_dtl_val, date_limit_cnt, post_begin_date, post_end_date, limit_begin_tm, limit_end_tm, quiz_use_yn, quiz_typ_cd, del_yn, creator_seq, cre_dt, updator_seq, upd_dt) values (105, 'DAILY', '독서','도서명:\n읽은 페이지:\n내용정리:','100page 이상 읽기, 만화책 제외','읽은 페이지 기입과 한 줄 소감',1000,'READING',null,1,'2023-09-01','9999-12-31',null,null,'N',null,'N',100, now(), 100, now());

insert into td_todo(todo_seq, todo_cre_cd, todo_titl, todo_tmp_cont, todo_desc, complet_condi_val, todo_point, todo_typ_cd, todo_dtl_val, date_limit_cnt, post_begin_date, post_end_date, limit_begin_tm, limit_end_tm, quiz_use_yn, quiz_typ_cd, del_yn, creator_seq, cre_dt, updator_seq, upd_dt) values (99,'DIRECT', '시험','시험','중간고사, 기발고사','과목당, 점수 공개',10000,'EXAM',null,0,'2023-09-01','9999-12-31',null,null,'N',null,'N',100, now(), 100, now());
insert into td_todo(todo_seq, up_todo_seq, aplyto_ord, todo_cre_cd, todo_titl, todo_tmp_cont, todo_desc, complet_condi_val, todo_point, todo_typ_cd, todo_dtl_val, date_limit_cnt, post_begin_date, post_end_date, limit_begin_tm, limit_end_tm, quiz_use_yn, quiz_typ_cd, del_yn, creator_seq, cre_dt, updator_seq, upd_dt) values (106,99,1,'DIRECT', '시험100','시험','중간고사, 기발고사','과목당, 점수 공개',10000,'EXAM','100',0,'2023-09-01','9999-12-31',null,null,'N',null,'N',100, now(), 100, now());
insert into td_todo(todo_seq, up_todo_seq, aplyto_ord, todo_cre_cd, todo_titl, todo_tmp_cont, todo_desc, complet_condi_val, todo_point, todo_typ_cd, todo_dtl_val, date_limit_cnt, post_begin_date, post_end_date, limit_begin_tm, limit_end_tm, quiz_use_yn, quiz_typ_cd, del_yn, creator_seq, cre_dt, updator_seq, upd_dt) values (107,99,2,'DIRECT', '시험90','시험','중간고사, 기발고사','과목당, 점수 공개',3000,'EXAM','90',0,'2023-09-01','9999-12-31',null,null,'N',null,'N',100, now(), 100, now());
insert into td_todo(todo_seq, up_todo_seq, aplyto_ord, todo_cre_cd, todo_titl, todo_tmp_cont, todo_desc, complet_condi_val, todo_point, todo_typ_cd, todo_dtl_val, date_limit_cnt, post_begin_date, post_end_date, limit_begin_tm, limit_end_tm, quiz_use_yn, quiz_typ_cd, del_yn, creator_seq, cre_dt, updator_seq, upd_dt) values (98,99,3,'DIRECT', '시험80','시험','중간고사, 기발고사','과목당, 점수 공개',1000,'EXAM','80',0,'2023-09-01','9999-12-31',null,null,'N',null,'N',100, now(), 100, now());

insert into td_todo(todo_seq, todo_cre_cd, todo_titl, todo_tmp_cont, todo_desc, complet_condi_val, todo_point, todo_typ_cd, todo_dtl_val, date_limit_cnt, post_begin_date, post_end_date, limit_begin_tm, limit_end_tm, quiz_use_yn, quiz_typ_cd, del_yn, creator_seq, cre_dt, updator_seq, upd_dt) values (97,'DIRECT', '쪽지시험','시험','영어, 수학 학원 시험','증거 사진 첨부',3000,'EXAM',null,0,'2023-09-01','9999-12-31',null,null,'N',null,'N',100, now(), 100, now());
insert into td_todo(todo_seq, up_todo_seq, aplyto_ord, todo_cre_cd, todo_titl, todo_tmp_cont, todo_desc, complet_condi_val, todo_point, todo_typ_cd, todo_dtl_val, date_limit_cnt, post_begin_date, post_end_date, limit_begin_tm, limit_end_tm, quiz_use_yn, quiz_typ_cd, del_yn, creator_seq, cre_dt, updator_seq, upd_dt) values (108,97,1,'DIRECT', '쪽지시험100','시험','영어, 수학 학원 시험','증거 사진 첨부',3000,'EXAM','100',0,'2023-09-01','9999-12-31',null,null,'N',null,'N',100, now(), 100, now());
insert into td_todo(todo_seq, up_todo_seq, aplyto_ord, todo_cre_cd, todo_titl, todo_tmp_cont, todo_desc, complet_condi_val, todo_point, todo_typ_cd, todo_dtl_val, date_limit_cnt, post_begin_date, post_end_date, limit_begin_tm, limit_end_tm, quiz_use_yn, quiz_typ_cd, del_yn, creator_seq, cre_dt, updator_seq, upd_dt) values (109,97,2,'DIRECT', '쪽지시험90','시험','영어, 수학 학원 시험','증거 사진 첨부',1000,'EXAM','90',0,'2023-09-01','9999-12-31',null,null,'N',null,'N',100, now(), 100, now());
insert into td_todo(todo_seq, up_todo_seq, aplyto_ord, todo_cre_cd, todo_titl, todo_tmp_cont, todo_desc, complet_condi_val, todo_point, todo_typ_cd, todo_dtl_val, date_limit_cnt, post_begin_date, post_end_date, limit_begin_tm, limit_end_tm, quiz_use_yn, quiz_typ_cd, del_yn, creator_seq, cre_dt, updator_seq, upd_dt) values (96, 97,3,'DIRECT', '쪽지시험80','시험','영어, 수학 학원 시험','증거 사진 첨부',500,'EXAM','80',0,'2023-09-01','9999-12-31',null,null,'N',null,'N',100, now(), 100, now());


insert into td_checker_map(todo_seq, checker_seq, del_yn, creator_seq, cre_dt, updator_seq, upd_dt) values (100,102,'N',100, now(), 100, now());
insert into td_checker_map(todo_seq, checker_seq, del_yn, creator_seq, cre_dt, updator_seq, upd_dt) values (101,102,'N',100, now(), 100, now());
insert into td_checker_map(todo_seq, checker_seq, del_yn, creator_seq, cre_dt, updator_seq, upd_dt) values (102,102,'N',100, now(), 100, now());
insert into td_checker_map(todo_seq, checker_seq, del_yn, creator_seq, cre_dt, updator_seq, upd_dt) values (103,102,'N',100, now(), 100, now());
insert into td_checker_map(todo_seq, checker_seq, del_yn, creator_seq, cre_dt, updator_seq, upd_dt) values (104,102,'N',100, now(), 100, now());
insert into td_checker_map(todo_seq, checker_seq, del_yn, creator_seq, cre_dt, updator_seq, upd_dt) values (105,102,'N',100, now(), 100, now());
insert into td_checker_map(todo_seq, checker_seq, del_yn, creator_seq, cre_dt, updator_seq, upd_dt) values (106,102,'N',100, now(), 100, now());
insert into td_checker_map(todo_seq, checker_seq, del_yn, creator_seq, cre_dt, updator_seq, upd_dt) values (107,102,'N',100, now(), 100, now());
insert into td_checker_map(todo_seq, checker_seq, del_yn, creator_seq, cre_dt, updator_seq, upd_dt) values (99,102,'N',100, now(), 100, now());
insert into td_checker_map(todo_seq, checker_seq, del_yn, creator_seq, cre_dt, updator_seq, upd_dt) values (97,102,'N',100, now(), 100, now());


insert into td_worker_map(todo_seq, worker_seq, worker_agre_yn, del_yn, creator_seq, cre_dt, updator_seq, upd_dt) values (100,103, 'Y', 'N',100, now(), 100, now());
insert into td_worker_map(todo_seq, worker_seq, worker_agre_yn, del_yn, creator_seq, cre_dt, updator_seq, upd_dt) values (101,103, 'Y', 'N',100, now(), 100, now());
insert into td_worker_map(todo_seq, worker_seq, worker_agre_yn, del_yn, creator_seq, cre_dt, updator_seq, upd_dt) values (102,103, 'Y', 'N',100, now(), 100, now());
insert into td_worker_map(todo_seq, worker_seq, worker_agre_yn, del_yn, creator_seq, cre_dt, updator_seq, upd_dt) values (103,103, 'Y', 'N',100, now(), 100, now());
insert into td_worker_map(todo_seq, worker_seq, worker_agre_yn, del_yn, creator_seq, cre_dt, updator_seq, upd_dt) values (104,103, 'Y', 'N',100, now(), 100, now());
insert into td_worker_map(todo_seq, worker_seq, worker_agre_yn, del_yn, creator_seq, cre_dt, updator_seq, upd_dt) values (105,103, 'Y', 'N',100, now(), 100, now());
insert into td_worker_map(todo_seq, worker_seq, worker_agre_yn, del_yn, creator_seq, cre_dt, updator_seq, upd_dt) values (100,104, 'Y', 'N',100, now(), 100, now());
insert into td_worker_map(todo_seq, worker_seq, worker_agre_yn, del_yn, creator_seq, cre_dt, updator_seq, upd_dt) values (101,104, 'Y', 'N',100, now(), 100, now());
insert into td_worker_map(todo_seq, worker_seq, worker_agre_yn, del_yn, creator_seq, cre_dt, updator_seq, upd_dt) values (102,104, 'Y', 'N',100, now(), 100, now());
insert into td_worker_map(todo_seq, worker_seq, worker_agre_yn, del_yn, creator_seq, cre_dt, updator_seq, upd_dt) values (103,104, 'Y', 'N',100, now(), 100, now());
insert into td_worker_map(todo_seq, worker_seq, worker_agre_yn, del_yn, creator_seq, cre_dt, updator_seq, upd_dt) values (104,104, 'Y', 'N',100, now(), 100, now());
insert into td_worker_map(todo_seq, worker_seq, worker_agre_yn, del_yn, creator_seq, cre_dt, updator_seq, upd_dt) values (105,104, 'Y', 'N',100, now(), 100, now());
insert into td_worker_map(todo_seq, worker_seq, worker_agre_yn, del_yn, creator_seq, cre_dt, updator_seq, upd_dt) values (99,103, 'Y', 'N',100, now(), 100, now());
insert into td_worker_map(todo_seq, worker_seq, worker_agre_yn, del_yn, creator_seq, cre_dt, updator_seq, upd_dt) values (99,104, 'Y', 'N',100, now(), 100, now());
insert into td_worker_map(todo_seq, worker_seq, worker_agre_yn, del_yn, creator_seq, cre_dt, updator_seq, upd_dt) values (97,103, 'Y', 'N',100, now(), 100, now());
insert into td_worker_map(todo_seq, worker_seq, worker_agre_yn, del_yn, creator_seq, cre_dt, updator_seq, upd_dt) values (97,104, 'Y', 'N',100, now(), 100, now());

insert into td_work(work_poss_begin_dt, work_poss_end_dt, work_seq, todo_seq, worker_seq, work_titl, work_cont, work_dt, confm_dt, work_stat_cd, gain_point, checker_seq, setle_yn, del_yn, creator_seq, cre_dt, updator_seq, upd_dt) values (PARSEDATETIME('2023/09/01 00:00:00', 'yyyy/MM/dd HH:mm:ss'), PARSEDATETIME('2023/09/01 23:59:59', 'yyyy/MM/dd HH:mm:ss'), 100,100,103,'2023/09/01 - 기상','10.lot','2023-09-01','2023-09-01','DONE',1000,102,'Y','N',100, now(), 100, now());  
insert into td_work(work_poss_begin_dt, work_poss_end_dt, work_seq, todo_seq, worker_seq, work_titl, work_cont, work_dt, confm_dt, work_stat_cd, gain_point, checker_seq, setle_yn, del_yn, creator_seq, cre_dt, updator_seq, upd_dt) values (PARSEDATETIME('2023/09/01 00:00:00', 'yyyy/MM/dd HH:mm:ss'), PARSEDATETIME('2023/09/01 23:59:59', 'yyyy/MM/dd HH:mm:ss'), 101,100,104,'2023/09/01 - 기상 ','11.name','2023-09-01','2023-09-01','FAIL',0,102,'Y','N',100, now(), 100, now()); 
insert into td_work(work_poss_begin_dt, work_poss_end_dt, work_seq, todo_seq, worker_seq, work_titl, work_cont, work_dt, confm_dt, work_stat_cd, gain_point, checker_seq, setle_yn, del_yn, creator_seq, cre_dt, updator_seq, upd_dt) values (PARSEDATETIME('2023/09/01 00:00:00', 'yyyy/MM/dd HH:mm:ss'), PARSEDATETIME('2023/09/01 23:59:59', 'yyyy/MM/dd HH:mm:ss'), 102,101,103,'2023/09/01 - 취침 ','확인자1','2023-09-01','2023-09-01','FAIL',0,102,'Y','N',100, now(), 100, now());  
insert into td_work(work_poss_begin_dt, work_poss_end_dt, work_seq, todo_seq, worker_seq, work_titl, work_cont, work_dt, confm_dt, work_stat_cd, gain_point, checker_seq, setle_yn, del_yn, creator_seq, cre_dt, updator_seq, upd_dt) values (PARSEDATETIME('2023/09/01 00:00:00', 'yyyy/MM/dd HH:mm:ss'), PARSEDATETIME('2023/09/01 23:59:59', 'yyyy/MM/dd HH:mm:ss'), 103,101,104,'2023/09/01 - 취침','확인자1','2023-09-01','2023-09-01','DONE',1000,102,'Y','N',100, now(), 100, now());  
insert into td_work(work_poss_begin_dt, work_poss_end_dt, work_seq, todo_seq, worker_seq, work_titl, work_cont, work_dt, confm_dt, work_stat_cd, gain_point, checker_seq, setle_yn, del_yn, creator_seq, cre_dt, updator_seq, upd_dt) values (PARSEDATETIME('2023/09/01 00:00:00', 'yyyy/MM/dd HH:mm:ss'), PARSEDATETIME('2023/09/01 23:59:59', 'yyyy/MM/dd HH:mm:ss'), 104,102,103,'2023/09/01 - 영어일기','We looked up at the stars in the sky.','2023-09-01','2023-09-01','DONE',1000,102,'Y','N',100, now(), 100, now()); 
insert into td_work(work_poss_begin_dt, work_poss_end_dt, work_seq, todo_seq, worker_seq, work_titl, work_cont, work_dt, confm_dt, work_stat_cd, gain_point, checker_seq, setle_yn, del_yn, creator_seq, cre_dt, updator_seq, upd_dt) values (PARSEDATETIME('2023/09/01 00:00:00', 'yyyy/MM/dd HH:mm:ss'), PARSEDATETIME('2023/09/01 23:59:59', 'yyyy/MM/dd HH:mm:ss'), 105,102,104,'2023/09/01 - 영어일기','Emma got into the car and drove away.','2023-09-01','2023-09-01','DONE',1000,102,'Y','N',100, now(), 100, now()); 
insert into td_work(work_poss_begin_dt, work_poss_end_dt, work_seq, todo_seq, worker_seq, work_titl, work_cont, work_dt, confm_dt, work_stat_cd, gain_point, checker_seq, setle_yn, del_yn, creator_seq, cre_dt, updator_seq, upd_dt) values (PARSEDATETIME('2023/09/01 00:00:00', 'yyyy/MM/dd HH:mm:ss'), PARSEDATETIME('2023/09/01 23:59:59', 'yyyy/MM/dd HH:mm:ss'), 106,103,103,'2023/09/01 - 청소','확인자1','2023-09-01','2023-09-01','DONE',1000,102,'Y','N',100, now(), 100, now());  
insert into td_work(work_poss_begin_dt, work_poss_end_dt, work_seq, todo_seq, worker_seq, work_titl, work_cont, work_dt, confm_dt, work_stat_cd, gain_point, checker_seq, setle_yn, del_yn, creator_seq, cre_dt, updator_seq, upd_dt) values (PARSEDATETIME('2023/09/01 00:00:00', 'yyyy/MM/dd HH:mm:ss'), PARSEDATETIME('2023/09/01 23:59:59', 'yyyy/MM/dd HH:mm:ss'), 107,103,104,'2023/09/01 - 청소','확인자1','2023-09-01','2023-09-01','FAIL',0,102,'Y','N',100, now(), 100, now()); 
insert into td_work(work_poss_begin_dt, work_poss_end_dt, work_seq, todo_seq, worker_seq, work_titl, work_cont, work_dt, confm_dt, work_stat_cd, gain_point, checker_seq, setle_yn, del_yn, creator_seq, cre_dt, updator_seq, upd_dt) values (PARSEDATETIME('2023/09/02 00:00:00', 'yyyy/MM/dd HH:mm:ss'), PARSEDATETIME('2023/09/02 23:59:59', 'yyyy/MM/dd HH:mm:ss'), 108,100,103,'2023/09/02 - 기상','12.hand','2023-09-02','2023-09-02','DONE',1000,102,'Y','N',100, now(), 100, now()); 
insert into td_work(work_poss_begin_dt, work_poss_end_dt, work_seq, todo_seq, worker_seq, work_titl, work_cont, work_dt, confm_dt, work_stat_cd, gain_point, checker_seq, setle_yn, del_yn, creator_seq, cre_dt, updator_seq, upd_dt) values (PARSEDATETIME('2023/09/02 00:00:00', 'yyyy/MM/dd HH:mm:ss'), PARSEDATETIME('2023/09/02 23:59:59', 'yyyy/MM/dd HH:mm:ss'), 109,100,104,'2023/09/02 - 기상 ','13.place','2023-09-02','2023-09-02','FAIL',0,102,'Y','N',100, now(), 100, now());  
insert into td_work(work_poss_begin_dt, work_poss_end_dt, work_seq, todo_seq, worker_seq, work_titl, work_cont, work_dt, confm_dt, work_stat_cd, gain_point, checker_seq, setle_yn, del_yn, creator_seq, cre_dt, updator_seq, upd_dt) values (PARSEDATETIME('2023/09/02 00:00:00', 'yyyy/MM/dd HH:mm:ss'), PARSEDATETIME('2023/09/02 23:59:59', 'yyyy/MM/dd HH:mm:ss'), 110,101,103,'2023/09/02 - 취침 ','확인자1','2023-09-02','2023-09-02','FAIL',0,102,'Y','N',100, now(), 100, now());  
insert into td_work(work_poss_begin_dt, work_poss_end_dt, work_seq, todo_seq, worker_seq, work_titl, work_cont, work_dt, confm_dt, work_stat_cd, gain_point, checker_seq, setle_yn, del_yn, creator_seq, cre_dt, updator_seq, upd_dt) values (PARSEDATETIME('2023/09/02 00:00:00', 'yyyy/MM/dd HH:mm:ss'), PARSEDATETIME('2023/09/02 23:59:59', 'yyyy/MM/dd HH:mm:ss'), 111,101,104,'2023/09/02 - 취침','확인자1','2023-09-02','2023-09-02','DONE',1000,102,'Y','N',100, now(), 100, now());  
insert into td_work(work_poss_begin_dt, work_poss_end_dt, work_seq, todo_seq, worker_seq, work_titl, work_cont, work_dt, confm_dt, work_stat_cd, gain_point, checker_seq, setle_yn, del_yn, creator_seq, cre_dt, updator_seq, upd_dt) values (PARSEDATETIME('2023/09/02 00:00:00', 'yyyy/MM/dd HH:mm:ss'), PARSEDATETIME('2023/09/02 23:59:59', 'yyyy/MM/dd HH:mm:ss'), 112,102,103,'2023/09/02 - 영어일기','I''m cold. Can you close the window, please?','2023-09-02','2023-09-02','DONE',1000,102,'Y','N',100, now(), 100, now());  
insert into td_work(work_poss_begin_dt, work_poss_end_dt, work_seq, todo_seq, worker_seq, work_titl, work_cont, work_dt, confm_dt, work_stat_cd, gain_point, checker_seq, setle_yn, del_yn, creator_seq, cre_dt, updator_seq, upd_dt) values (PARSEDATETIME('2023/09/02 00:00:00', 'yyyy/MM/dd HH:mm:ss'), PARSEDATETIME('2023/09/02 23:59:59', 'yyyy/MM/dd HH:mm:ss'), 113,102,104,'2023/09/02 - 영어일기','My brother is afraid of dogs.','2023-09-02','2023-09-02','DONE',1000,102,'Y','N',100, now(), 100, now()); 
insert into td_work(work_poss_begin_dt, work_poss_end_dt, work_seq, todo_seq, worker_seq, work_titl, work_cont, work_dt, confm_dt, work_stat_cd, gain_point, checker_seq, setle_yn, del_yn, creator_seq, cre_dt, updator_seq, upd_dt) values (PARSEDATETIME('2023/09/02 00:00:00', 'yyyy/MM/dd HH:mm:ss'), PARSEDATETIME('2023/09/02 23:59:59', 'yyyy/MM/dd HH:mm:ss'), 114,103,103,'2023/09/02 - 청소','확인자1','2023-09-02','2023-09-02','DONE',1000,102,'Y','N',100, now(), 100, now());  
insert into td_work(work_poss_begin_dt, work_poss_end_dt, work_seq, todo_seq, worker_seq, work_titl, work_cont, work_dt, confm_dt, work_stat_cd, gain_point, checker_seq, setle_yn, del_yn, creator_seq, cre_dt, updator_seq, upd_dt) values (PARSEDATETIME('2023/09/02 00:00:00', 'yyyy/MM/dd HH:mm:ss'), PARSEDATETIME('2023/09/02 23:59:59', 'yyyy/MM/dd HH:mm:ss'), 115,103,104,'2023/09/02 - 청소','확인자1','2023-09-02','2023-09-02','FAIL',0,102,'Y','N',100, now(), 100, now()); 
insert into td_work(work_poss_begin_dt, work_poss_end_dt, work_seq, todo_seq, worker_seq, work_titl, work_cont, work_dt, confm_dt, work_stat_cd, gain_point, checker_seq, setle_yn, del_yn, creator_seq, cre_dt, updator_seq, upd_dt) values (PARSEDATETIME('2023/09/02 00:00:00', 'yyyy/MM/dd HH:mm:ss'), PARSEDATETIME('2023/09/02 23:59:59', 'yyyy/MM/dd HH:mm:ss'), 116,104,103,'2023/09/02 - 운동','행주산성','2023-09-02','2023-09-02','DONE',1000,102,'Y','N',100, now(), 100, now());  
insert into td_work(work_poss_begin_dt, work_poss_end_dt, work_seq, todo_seq, worker_seq, work_titl, work_cont, work_dt, confm_dt, work_stat_cd, gain_point, checker_seq, setle_yn, del_yn, creator_seq, cre_dt, updator_seq, upd_dt) values (PARSEDATETIME('2023/09/02 00:00:00', 'yyyy/MM/dd HH:mm:ss'), PARSEDATETIME('2023/09/02 23:59:59', 'yyyy/MM/dd HH:mm:ss'), 117,104,104,'2023/09/02 - 운동','행주산성','2023-09-02','2023-09-02','DONE',1000,102,'Y','N',100, now(), 100, now());  
insert into td_work(work_poss_begin_dt, work_poss_end_dt, work_seq, todo_seq, worker_seq, work_titl, work_cont, work_dt, confm_dt, work_stat_cd, gain_point, checker_seq, setle_yn, del_yn, creator_seq, cre_dt, updator_seq, upd_dt) values (PARSEDATETIME('2023/09/03 00:00:00', 'yyyy/MM/dd HH:mm:ss'), PARSEDATETIME('2023/09/03 23:59:59', 'yyyy/MM/dd HH:mm:ss'), 118,100,103,'2023/09/03 - 기상','14.practice','2023-09-03','2023-09-03','FAIL',0,102,'Y','N',100, now(), 100, now());  
insert into td_work(work_poss_begin_dt, work_poss_end_dt, work_seq, todo_seq, worker_seq, work_titl, work_cont, work_dt, confm_dt, work_stat_cd, gain_point, checker_seq, setle_yn, del_yn, creator_seq, cre_dt, updator_seq, upd_dt) values (PARSEDATETIME('2023/09/03 00:00:00', 'yyyy/MM/dd HH:mm:ss'), PARSEDATETIME('2023/09/03 23:59:59', 'yyyy/MM/dd HH:mm:ss'), 119,100,104,'2023/09/03 - 기상 ','15.work','2023-09-03','2023-09-03','FAIL',0,102,'Y','N',100, now(), 100, now()); 
insert into td_work(work_poss_begin_dt, work_poss_end_dt, work_seq, todo_seq, worker_seq, work_titl, work_cont, work_dt, confm_dt, work_stat_cd, gain_point, checker_seq, setle_yn, del_yn, creator_seq, cre_dt, updator_seq, upd_dt) values (PARSEDATETIME('2023/09/03 00:00:00', 'yyyy/MM/dd HH:mm:ss'), PARSEDATETIME('2023/09/03 23:59:59', 'yyyy/MM/dd HH:mm:ss'), 120,101,103,'2023/09/03 - 취침 ','확인자1','2023-09-03','2023-09-03','DONE',1000,102,'Y','N',100, now(), 100, now()); 
insert into td_work(work_poss_begin_dt, work_poss_end_dt, work_seq, todo_seq, worker_seq, work_titl, work_cont, work_dt, confm_dt, work_stat_cd, gain_point, checker_seq, setle_yn, del_yn, creator_seq, cre_dt, updator_seq, upd_dt) values (PARSEDATETIME('2023/09/03 00:00:00', 'yyyy/MM/dd HH:mm:ss'), PARSEDATETIME('2023/09/03 23:59:59', 'yyyy/MM/dd HH:mm:ss'), 121,101,104,'2023/09/03 - 취침','확인자1','2023-09-03','2023-09-03','DONE',1000,102,'Y','N',100, now(), 100, now());  
insert into td_work(work_poss_begin_dt, work_poss_end_dt, work_seq, todo_seq, worker_seq, work_titl, work_cont, work_dt, confm_dt, work_stat_cd, gain_point, checker_seq, setle_yn, del_yn, creator_seq, cre_dt, updator_seq, upd_dt) values (PARSEDATETIME('2023/09/03 00:00:00', 'yyyy/MM/dd HH:mm:ss'), PARSEDATETIME('2023/09/03 23:59:59', 'yyyy/MM/dd HH:mm:ss'), 122,102,103,'2023/09/03 - 영어일기','It''s 10:00. You''re late again.','2023-09-03','2023-09-03','DONE',1000,102,'Y','N',100, now(), 100, now());  
insert into td_work(work_poss_begin_dt, work_poss_end_dt, work_seq, todo_seq, worker_seq, work_titl, work_cont, work_dt, confm_dt, work_stat_cd, gain_point, checker_seq, setle_yn, del_yn, creator_seq, cre_dt, updator_seq, upd_dt) values (PARSEDATETIME('2023/09/03 00:00:00', 'yyyy/MM/dd HH:mm:ss'), PARSEDATETIME('2023/09/03 23:59:59', 'yyyy/MM/dd HH:mm:ss'), 123,102,104,'2023/09/03 - 영어일기','Tom isn''t interested in politics. He''s interested in music.','2023-09-03','2023-09-03','DONE',1000,102,'Y','N',100, now(), 100, now()); 
insert into td_work(work_poss_begin_dt, work_poss_end_dt, work_seq, todo_seq, worker_seq, work_titl, work_cont, work_dt, confm_dt, work_stat_cd, gain_point, checker_seq, setle_yn, del_yn, creator_seq, cre_dt, updator_seq, upd_dt) values (PARSEDATETIME('2023/09/03 00:00:00', 'yyyy/MM/dd HH:mm:ss'), PARSEDATETIME('2023/09/03 23:59:59', 'yyyy/MM/dd HH:mm:ss'), 124,103,103,'2023/09/03 - 청소','확인자1','2023-09-03','2023-09-03','FAIL',0,102,'Y','N',100, now(), 100, now()); 
insert into td_work(work_poss_begin_dt, work_poss_end_dt, work_seq, todo_seq, worker_seq, work_titl, work_cont, work_dt, confm_dt, work_stat_cd, gain_point, checker_seq, setle_yn, del_yn, creator_seq, cre_dt, updator_seq, upd_dt) values (PARSEDATETIME('2023/09/03 00:00:00', 'yyyy/MM/dd HH:mm:ss'), PARSEDATETIME('2023/09/03 23:59:59', 'yyyy/MM/dd HH:mm:ss'), 125,103,104,'2023/09/03 - 청소','확인자1','2023-09-03','2023-09-03','FAIL',0,102,'Y','N',100, now(), 100, now()); 
insert into td_work(work_poss_begin_dt, work_poss_end_dt, work_seq, todo_seq, worker_seq, work_titl, work_cont, work_dt, confm_dt, work_stat_cd, gain_point, checker_seq, setle_yn, del_yn, creator_seq, cre_dt, updator_seq, upd_dt) values (PARSEDATETIME('2023/09/03 00:00:00', 'yyyy/MM/dd HH:mm:ss'), PARSEDATETIME('2023/09/03 23:59:59', 'yyyy/MM/dd HH:mm:ss'), 126,105,103,'2023/09/03 - 독서','이기적인유전자 20~135','2023-09-03','2023-09-03','DONE',1000,102,'Y','N',100, now(), 100, now());  
insert into td_work(work_poss_begin_dt, work_poss_end_dt, work_seq, todo_seq, worker_seq, work_titl, work_cont, work_dt, confm_dt, work_stat_cd, gain_point, checker_seq, setle_yn, del_yn, creator_seq, cre_dt, updator_seq, upd_dt) values (PARSEDATETIME('2023/09/04 00:00:00', 'yyyy/MM/dd HH:mm:ss'), PARSEDATETIME('2023/09/04 23:59:59', 'yyyy/MM/dd HH:mm:ss'), 127,100,103,'2023/09/04 - 기상','16.use','2023-09-04','2023-09-04','FAIL',0,102,'Y','N',100, now(), 100, now()); 
insert into td_work(work_poss_begin_dt, work_poss_end_dt, work_seq, todo_seq, worker_seq, work_titl, work_cont, work_dt, confm_dt, work_stat_cd, gain_point, checker_seq, setle_yn, del_yn, creator_seq, cre_dt, updator_seq, upd_dt) values (PARSEDATETIME('2023/09/04 00:00:00', 'yyyy/MM/dd HH:mm:ss'), PARSEDATETIME('2023/09/04 23:59:59', 'yyyy/MM/dd HH:mm:ss'), 128,100,104,'2023/09/04 - 기상 ','17.kind','2023-09-04','2023-09-04','FAIL',0,102,'Y','N',100, now(), 100, now()); 
insert into td_work(work_poss_begin_dt, work_poss_end_dt, work_seq, todo_seq, worker_seq, work_titl, work_cont, work_dt, confm_dt, work_stat_cd, gain_point, checker_seq, setle_yn, del_yn, creator_seq, cre_dt, updator_seq, upd_dt) values (PARSEDATETIME('2023/09/04 00:00:00', 'yyyy/MM/dd HH:mm:ss'), PARSEDATETIME('2023/09/04 23:59:59', 'yyyy/MM/dd HH:mm:ss'), 129,101,103,'2023/09/04 - 취침 ','확인자1','2023-09-04','2023-09-04','FAIL',0,102,'Y','N',100, now(), 100, now());  
insert into td_work(work_poss_begin_dt, work_poss_end_dt, work_seq, todo_seq, worker_seq, work_titl, work_cont, work_dt, confm_dt, work_stat_cd, gain_point, checker_seq, setle_yn, del_yn, creator_seq, cre_dt, updator_seq, upd_dt) values (PARSEDATETIME('2023/09/04 00:00:00', 'yyyy/MM/dd HH:mm:ss'), PARSEDATETIME('2023/09/04 23:59:59', 'yyyy/MM/dd HH:mm:ss'), 130,101,104,'2023/09/04 - 취침','확인자1','2023-09-04','2023-09-04','FAIL',0,102,'Y','N',100, now(), 100, now()); 
insert into td_work(work_poss_begin_dt, work_poss_end_dt, work_seq, todo_seq, worker_seq, work_titl, work_cont, work_dt, confm_dt, work_stat_cd, gain_point, checker_seq, setle_yn, del_yn, creator_seq, cre_dt, updator_seq, upd_dt) values (PARSEDATETIME('2023/09/04 00:00:00', 'yyyy/MM/dd HH:mm:ss'), PARSEDATETIME('2023/09/04 23:59:59', 'yyyy/MM/dd HH:mm:ss'), 131,102,103,'2023/09/04 - 영어일기','Am I late? / No, you are on time.','2023-09-04','2023-09-04','DONE',1000,102,'Y','N',100, now(), 100, now()); 
insert into td_work(work_poss_begin_dt, work_poss_end_dt, work_seq, todo_seq, worker_seq, work_titl, work_cont, work_dt, confm_dt, work_stat_cd, gain_point, checker_seq, setle_yn, del_yn, creator_seq, cre_dt, updator_seq, upd_dt) values (PARSEDATETIME('2023/09/04 00:00:00', 'yyyy/MM/dd HH:mm:ss'), PARSEDATETIME('2023/09/04 23:59:59', 'yyyy/MM/dd HH:mm:ss'), 132,102,104,'2023/09/04 - 영어일기','Your shoes are nice. Are they new?','2023-09-04','2023-09-04','DONE',1000,102,'Y','N',100, now(), 100, now());  
insert into td_work(work_poss_begin_dt, work_poss_end_dt, work_seq, todo_seq, worker_seq, work_titl, work_cont, work_dt, confm_dt, work_stat_cd, gain_point, checker_seq, setle_yn, del_yn, creator_seq, cre_dt, updator_seq, upd_dt) values (PARSEDATETIME('2023/09/04 00:00:00', 'yyyy/MM/dd HH:mm:ss'), PARSEDATETIME('2023/09/04 23:59:59', 'yyyy/MM/dd HH:mm:ss'), 133,103,103,'2023/09/04 - 청소','확인자1','2023-09-04','2023-09-04','DONE',1000,102,'Y','N',100, now(), 100, now());  
insert into td_work(work_poss_begin_dt, work_poss_end_dt, work_seq, todo_seq, worker_seq, work_titl, work_cont, work_dt, confm_dt, work_stat_cd, gain_point, checker_seq, setle_yn, del_yn, creator_seq, cre_dt, updator_seq, upd_dt) values (PARSEDATETIME('2023/09/04 00:00:00', 'yyyy/MM/dd HH:mm:ss'), PARSEDATETIME('2023/09/04 23:59:59', 'yyyy/MM/dd HH:mm:ss'), 134,103,104,'2023/09/04 - 청소','확인자1','2023-09-04','2023-09-04','DONE',1000,102,'Y','N',100, now(), 100, now());  
insert into td_work(work_poss_begin_dt, work_poss_end_dt, work_seq, todo_seq, worker_seq, work_titl, work_cont, work_dt, confm_dt, work_stat_cd, gain_point, checker_seq, setle_yn, del_yn, creator_seq, cre_dt, updator_seq, upd_dt) values (PARSEDATETIME('2023/09/05 00:00:00', 'yyyy/MM/dd HH:mm:ss'), PARSEDATETIME('2023/09/05 23:59:59', 'yyyy/MM/dd HH:mm:ss'), 135,100,103,'2023/09/05 - 기상','18.have','2023-09-05','2023-09-05','FAIL',0,102,'Y','N',100, now(), 100, now());  
insert into td_work(work_poss_begin_dt, work_poss_end_dt, work_seq, todo_seq, worker_seq, work_titl, work_cont, work_dt, confm_dt, work_stat_cd, gain_point, checker_seq, setle_yn, del_yn, creator_seq, cre_dt, updator_seq, upd_dt) values (PARSEDATETIME('2023/09/05 00:00:00', 'yyyy/MM/dd HH:mm:ss'), PARSEDATETIME('2023/09/05 23:59:59', 'yyyy/MM/dd HH:mm:ss'), 136,100,104,'2023/09/05 - 기상 ','19.make','2023-09-05','2023-09-05','DONE',1000,102,'Y','N',100, now(), 100, now());  
insert into td_work(work_poss_begin_dt, work_poss_end_dt, work_seq, todo_seq, worker_seq, work_titl, work_cont, work_dt, confm_dt, work_stat_cd, gain_point, checker_seq, setle_yn, del_yn, creator_seq, cre_dt, updator_seq, upd_dt) values (PARSEDATETIME('2023/09/05 00:00:00', 'yyyy/MM/dd HH:mm:ss'), PARSEDATETIME('2023/09/05 23:59:59', 'yyyy/MM/dd HH:mm:ss'), 137,101,103,'2023/09/05 - 취침 ','확인자1','2023-09-05','2023-09-05','DONE',1000,102,'Y','N',100, now(), 100, now()); 
insert into td_work(work_poss_begin_dt, work_poss_end_dt, work_seq, todo_seq, worker_seq, work_titl, work_cont, work_dt, confm_dt, work_stat_cd, gain_point, checker_seq, setle_yn, del_yn, creator_seq, cre_dt, updator_seq, upd_dt) values (PARSEDATETIME('2023/09/05 00:00:00', 'yyyy/MM/dd HH:mm:ss'), PARSEDATETIME('2023/09/05 23:59:59', 'yyyy/MM/dd HH:mm:ss'), 138,101,104,'2023/09/05 - 취침','확인자1','2023-09-05','2023-09-05','DONE',1000,102,'Y','N',100, now(), 100, now());  
insert into td_work(work_poss_begin_dt, work_poss_end_dt, work_seq, todo_seq, worker_seq, work_titl, work_cont, work_dt, confm_dt, work_stat_cd, gain_point, checker_seq, setle_yn, del_yn, creator_seq, cre_dt, updator_seq, upd_dt) values (PARSEDATETIME('2023/09/05 00:00:00', 'yyyy/MM/dd HH:mm:ss'), PARSEDATETIME('2023/09/05 23:59:59', 'yyyy/MM/dd HH:mm:ss'), 139,102,103,'2023/09/05 - 영어일기','This hotel isn''t very good. Why is it so expensive?','2023-09-05','2023-09-05','DONE',1000,102,'Y','N',100, now(), 100, now());  
insert into td_work(work_poss_begin_dt, work_poss_end_dt, work_seq, todo_seq, worker_seq, work_titl, work_cont, work_dt, confm_dt, work_stat_cd, gain_point, checker_seq, setle_yn, del_yn, creator_seq, cre_dt, updator_seq, upd_dt) values (PARSEDATETIME('2023/09/05 00:00:00', 'yyyy/MM/dd HH:mm:ss'), PARSEDATETIME('2023/09/05 23:59:59', 'yyyy/MM/dd HH:mm:ss'), 140,102,104,'2023/09/05 - 영어일기','What''s your phone number?','2023-09-05','2023-09-05','DONE',1000,102,'Y','N',100, now(), 100, now());  
insert into td_work(work_poss_begin_dt, work_poss_end_dt, work_seq, todo_seq, worker_seq, work_titl, work_cont, work_dt, confm_dt, work_stat_cd, gain_point, checker_seq, setle_yn, del_yn, creator_seq, cre_dt, updator_seq, upd_dt) values (PARSEDATETIME('2023/09/05 00:00:00', 'yyyy/MM/dd HH:mm:ss'), PARSEDATETIME('2023/09/05 23:59:59', 'yyyy/MM/dd HH:mm:ss'), 141,103,103,'2023/09/05 - 청소','확인자1','2023-09-05','2023-09-05','DONE',1000,102,'Y','N',100, now(), 100, now());  
insert into td_work(work_poss_begin_dt, work_poss_end_dt, work_seq, todo_seq, worker_seq, work_titl, work_cont, work_dt, confm_dt, work_stat_cd, gain_point, checker_seq, setle_yn, del_yn, creator_seq, cre_dt, updator_seq, upd_dt) values (PARSEDATETIME('2023/09/05 00:00:00', 'yyyy/MM/dd HH:mm:ss'), PARSEDATETIME('2023/09/05 23:59:59', 'yyyy/MM/dd HH:mm:ss'), 142,103,104,'2023/09/05 - 청소','확인자1','2023-09-05','2023-09-05','DONE',1000,102,'Y','N',100, now(), 100, now());  
insert into td_work(work_poss_begin_dt, work_poss_end_dt, work_seq, todo_seq, worker_seq, work_titl, work_cont, work_dt, confm_dt, work_stat_cd, gain_point, checker_seq, setle_yn, del_yn, creator_seq, cre_dt, updator_seq, upd_dt) values (PARSEDATETIME('2023/09/06 00:00:00', 'yyyy/MM/dd HH:mm:ss'), PARSEDATETIME('2023/09/06 23:59:59', 'yyyy/MM/dd HH:mm:ss'), 143,100,103,'2023/09/06 - 기상','20.let','2023-09-06','2023-09-06','DONE',1000,102,'Y','N',100, now(), 100, now());  
insert into td_work(work_poss_begin_dt, work_poss_end_dt, work_seq, todo_seq, worker_seq, work_titl, work_cont, work_dt, confm_dt, work_stat_cd, gain_point, checker_seq, setle_yn, del_yn, creator_seq, cre_dt, updator_seq, upd_dt) values (PARSEDATETIME('2023/09/06 00:00:00', 'yyyy/MM/dd HH:mm:ss'), PARSEDATETIME('2023/09/06 23:59:59', 'yyyy/MM/dd HH:mm:ss'), 144,100,104,'2023/09/06 - 기상 ','21.get','2023-09-06','2023-09-06','DONE',1000,102,'Y','N',100, now(), 100, now()); 
insert into td_work(work_poss_begin_dt, work_poss_end_dt, work_seq, todo_seq, worker_seq, work_titl, work_cont, work_dt, confm_dt, work_stat_cd, gain_point, checker_seq, setle_yn, del_yn, creator_seq, cre_dt, updator_seq, upd_dt) values (PARSEDATETIME('2023/09/06 00:00:00', 'yyyy/MM/dd HH:mm:ss'), PARSEDATETIME('2023/09/06 23:59:59', 'yyyy/MM/dd HH:mm:ss'), 145,101,103,'2023/09/06 - 취침 ','확인자1','2023-09-06','2023-09-06','DONE',1000,102,'Y','N',100, now(), 100, now()); 
insert into td_work(work_poss_begin_dt, work_poss_end_dt, work_seq, todo_seq, worker_seq, work_titl, work_cont, work_dt, confm_dt, work_stat_cd, gain_point, checker_seq, setle_yn, del_yn, creator_seq, cre_dt, updator_seq, upd_dt) values (PARSEDATETIME('2023/09/06 00:00:00', 'yyyy/MM/dd HH:mm:ss'), PARSEDATETIME('2023/09/06 23:59:59', 'yyyy/MM/dd HH:mm:ss'), 146,101,104,'2023/09/06 - 취침','확인자1','2023-09-06','2023-09-06','DONE',1000,102,'Y','N',100, now(), 100, now());  
insert into td_work(work_poss_begin_dt, work_poss_end_dt, work_seq, todo_seq, worker_seq, work_titl, work_cont, work_dt, confm_dt, work_stat_cd, gain_point, checker_seq, setle_yn, del_yn, creator_seq, cre_dt, updator_seq, upd_dt) values (PARSEDATETIME('2023/09/06 00:00:00', 'yyyy/MM/dd HH:mm:ss'), PARSEDATETIME('2023/09/06 23:59:59', 'yyyy/MM/dd HH:mm:ss'), 147,102,103,'2023/09/06 - 영어일기','You''re not listening to me.','2023-09-06','2023-09-06','DONE',1000,102,'Y','N',100, now(), 100, now());  
insert into td_work(work_poss_begin_dt, work_poss_end_dt, work_seq, todo_seq, worker_seq, work_titl, work_cont, work_dt, confm_dt, work_stat_cd, gain_point, checker_seq, setle_yn, del_yn, creator_seq, cre_dt, updator_seq, upd_dt) values (PARSEDATETIME('2023/09/06 00:00:00', 'yyyy/MM/dd HH:mm:ss'), PARSEDATETIME('2023/09/06 23:59:59', 'yyyy/MM/dd HH:mm:ss'), 148,102,104,'2023/09/06 - 영어일기','Please be quiet. I''m working.','2023-09-06','2023-09-06','DONE',1000,102,'Y','N',100, now(), 100, now());  
insert into td_work(work_poss_begin_dt, work_poss_end_dt, work_seq, todo_seq, worker_seq, work_titl, work_cont, work_dt, confm_dt, work_stat_cd, gain_point, checker_seq, setle_yn, del_yn, creator_seq, cre_dt, updator_seq, upd_dt) values (PARSEDATETIME('2023/09/06 00:00:00', 'yyyy/MM/dd HH:mm:ss'), PARSEDATETIME('2023/09/06 23:59:59', 'yyyy/MM/dd HH:mm:ss'), 149,103,103,'2023/09/06 - 청소','확인자1','2023-09-06','2023-09-06','DONE',1000,102,'Y','N',100, now(), 100, now());  
insert into td_work(work_poss_begin_dt, work_poss_end_dt, work_seq, todo_seq, worker_seq, work_titl, work_cont, work_dt, confm_dt, work_stat_cd, gain_point, checker_seq, setle_yn, del_yn, creator_seq, cre_dt, updator_seq, upd_dt) values (PARSEDATETIME('2023/09/06 00:00:00', 'yyyy/MM/dd HH:mm:ss'), PARSEDATETIME('2023/09/06 23:59:59', 'yyyy/MM/dd HH:mm:ss'), 150,103,104,'2023/09/06 - 청소','확인자1','2023-09-06','2023-09-06','DONE',1000,102,'Y','N',100, now(), 100, now());  
insert into td_work(work_poss_begin_dt, work_poss_end_dt, work_seq, todo_seq, worker_seq, work_titl, work_cont, work_dt, confm_dt, work_stat_cd, gain_point, checker_seq, setle_yn, del_yn, creator_seq, cre_dt, updator_seq, upd_dt) values (PARSEDATETIME('2023/09/07 00:00:00', 'yyyy/MM/dd HH:mm:ss'), PARSEDATETIME('2023/09/07 23:59:59', 'yyyy/MM/dd HH:mm:ss'), 151,100,103,'2023/09/07 - 기상','24.different','2023-09-07','2023-09-07','DONE',1000,102,'Y','N',100, now(), 100, now());  
insert into td_work(work_poss_begin_dt, work_poss_end_dt, work_seq, todo_seq, worker_seq, work_titl, work_cont, work_dt, confm_dt, work_stat_cd, gain_point, checker_seq, setle_yn, del_yn, creator_seq, cre_dt, updator_seq, upd_dt) values (PARSEDATETIME('2023/09/07 00:00:00', 'yyyy/MM/dd HH:mm:ss'), PARSEDATETIME('2023/09/07 23:59:59', 'yyyy/MM/dd HH:mm:ss'), 152,100,104,'2023/09/07 - 기상 ','25.important','2023-09-07','2023-09-07','FAIL',0,102,'Y','N',100, now(), 100, now());  
insert into td_work(work_poss_begin_dt, work_poss_end_dt, work_seq, todo_seq, worker_seq, work_titl, work_cont, work_dt, confm_dt, work_stat_cd, gain_point, checker_seq, setle_yn, del_yn, creator_seq, cre_dt, updator_seq, upd_dt) values (PARSEDATETIME('2023/09/07 00:00:00', 'yyyy/MM/dd HH:mm:ss'), PARSEDATETIME('2023/09/07 23:59:59', 'yyyy/MM/dd HH:mm:ss'), 153,101,103,'2023/09/07 - 취침 ','확인자1','2023-09-07','2023-09-07','DONE',1000,102,'Y','N',100, now(), 100, now()); 
insert into td_work(work_poss_begin_dt, work_poss_end_dt, work_seq, todo_seq, worker_seq, work_titl, work_cont, work_dt, confm_dt, work_stat_cd, gain_point, checker_seq, setle_yn, del_yn, creator_seq, cre_dt, updator_seq, upd_dt) values (PARSEDATETIME('2023/09/07 00:00:00', 'yyyy/MM/dd HH:mm:ss'), PARSEDATETIME('2023/09/07 23:59:59', 'yyyy/MM/dd HH:mm:ss'), 154,101,104,'2023/09/07 - 취침','확인자1','2023-09-07','2023-09-07','DONE',1000,102,'Y','N',100, now(), 100, now());  
insert into td_work(work_poss_begin_dt, work_poss_end_dt, work_seq, todo_seq, worker_seq, work_titl, work_cont, work_dt, confm_dt, work_stat_cd, gain_point, checker_seq, setle_yn, del_yn, creator_seq, cre_dt, updator_seq, upd_dt) values (PARSEDATETIME('2023/09/07 00:00:00', 'yyyy/MM/dd HH:mm:ss'), PARSEDATETIME('2023/09/07 23:59:59', 'yyyy/MM/dd HH:mm:ss'), 155,102,103,'2023/09/07 - 영어일기','Look, there''s Sarah. She''s wearing a brown coat.','2023-09-07','2023-09-07','DONE',1000,102,'Y','N',100, now(), 100, now());  
insert into td_work(work_poss_begin_dt, work_poss_end_dt, work_seq, todo_seq, worker_seq, work_titl, work_cont, work_dt, confm_dt, work_stat_cd, gain_point, checker_seq, setle_yn, del_yn, creator_seq, cre_dt, updator_seq, upd_dt) values (PARSEDATETIME('2023/09/07 00:00:00', 'yyyy/MM/dd HH:mm:ss'), PARSEDATETIME('2023/09/07 23:59:59', 'yyyy/MM/dd HH:mm:ss'), 156,102,104,'2023/09/07 - 영어일기','We''re having dinner now. Can I call you later?','2023-09-07','2023-09-07','DONE',1000,102,'Y','N',100, now(), 100, now()); 
insert into td_work(work_poss_begin_dt, work_poss_end_dt, work_seq, todo_seq, worker_seq, work_titl, work_cont, work_dt, confm_dt, work_stat_cd, gain_point, checker_seq, setle_yn, del_yn, creator_seq, cre_dt, updator_seq, upd_dt) values (PARSEDATETIME('2023/09/07 00:00:00', 'yyyy/MM/dd HH:mm:ss'), PARSEDATETIME('2023/09/07 23:59:59', 'yyyy/MM/dd HH:mm:ss'), 157,103,103,'2023/09/07 - 청소','확인자1','2023-09-07','2023-09-07','DONE',1000,102,'Y','N',100, now(), 100, now());  
insert into td_work(work_poss_begin_dt, work_poss_end_dt, work_seq, todo_seq, worker_seq, work_titl, work_cont, work_dt, confm_dt, work_stat_cd, gain_point, checker_seq, setle_yn, del_yn, creator_seq, cre_dt, updator_seq, upd_dt) values (PARSEDATETIME('2023/09/07 00:00:00', 'yyyy/MM/dd HH:mm:ss'), PARSEDATETIME('2023/09/07 23:59:59', 'yyyy/MM/dd HH:mm:ss'), 158,103,104,'2023/09/07 - 청소','확인자1','2023-09-07','2023-09-07','DONE',1000,102,'Y','N',100, now(), 100, now());  
insert into td_work(work_poss_begin_dt, work_poss_end_dt, work_seq, todo_seq, worker_seq, work_titl, work_cont, work_dt, confm_dt, work_stat_cd, gain_point, checker_seq, setle_yn, del_yn, creator_seq, cre_dt, updator_seq, upd_dt) values (PARSEDATETIME('2023/09/08 00:00:00', 'yyyy/MM/dd HH:mm:ss'), PARSEDATETIME('2023/09/08 23:59:59', 'yyyy/MM/dd HH:mm:ss'), 159,100,103,'2023/09/08 - 기상','26.other','2023-09-08','2023-09-08','FAIL',0,102,'Y','N',100, now(), 100, now()); 
insert into td_work(work_poss_begin_dt, work_poss_end_dt, work_seq, todo_seq, worker_seq, work_titl, work_cont, work_dt, confm_dt, work_stat_cd, gain_point, checker_seq, setle_yn, del_yn, creator_seq, cre_dt, updator_seq, upd_dt) values (PARSEDATETIME('2023/09/08 00:00:00', 'yyyy/MM/dd HH:mm:ss'), PARSEDATETIME('2023/09/08 23:59:59', 'yyyy/MM/dd HH:mm:ss'), 160,100,104,'2023/09/08 - 기상 ','27.right','2023-09-08','2023-09-08','FAIL',0,102,'Y','N',100, now(), 100, now());  
insert into td_work(work_poss_begin_dt, work_poss_end_dt, work_seq, todo_seq, worker_seq, work_titl, work_cont, work_dt, confm_dt, work_stat_cd, gain_point, checker_seq, setle_yn, del_yn, creator_seq, cre_dt, updator_seq, upd_dt) values (PARSEDATETIME('2023/09/08 00:00:00', 'yyyy/MM/dd HH:mm:ss'), PARSEDATETIME('2023/09/08 23:59:59', 'yyyy/MM/dd HH:mm:ss'), 161,101,103,'2023/09/08 - 취침 ','확인자1','2023-09-08','2023-09-08','DONE',1000,102,'Y','N',100, now(), 100, now()); 
insert into td_work(work_poss_begin_dt, work_poss_end_dt, work_seq, todo_seq, worker_seq, work_titl, work_cont, work_dt, confm_dt, work_stat_cd, gain_point, checker_seq, setle_yn, del_yn, creator_seq, cre_dt, updator_seq, upd_dt) values (PARSEDATETIME('2023/09/08 00:00:00', 'yyyy/MM/dd HH:mm:ss'), PARSEDATETIME('2023/09/08 23:59:59', 'yyyy/MM/dd HH:mm:ss'), 162,101,104,'2023/09/08 - 취침','확인자1','2023-09-08','2023-09-08','DONE',1000,102,'Y','N',100, now(), 100, now());  
insert into td_work(work_poss_begin_dt, work_poss_end_dt, work_seq, todo_seq, worker_seq, work_titl, work_cont, work_dt, confm_dt, work_stat_cd, gain_point, checker_seq, setle_yn, del_yn, creator_seq, cre_dt, updator_seq, upd_dt) values (PARSEDATETIME('2023/09/08 00:00:00', 'yyyy/MM/dd HH:mm:ss'), PARSEDATETIME('2023/09/08 23:59:59', 'yyyy/MM/dd HH:mm:ss'), 163,102,103,'2023/09/08 - 영어일기','Why are you wearing a coat? It''s not cold.','2023-09-08','2023-09-08','DONE',1000,102,'Y','N',100, now(), 100, now()); 
insert into td_work(work_poss_begin_dt, work_poss_end_dt, work_seq, todo_seq, worker_seq, work_titl, work_cont, work_dt, confm_dt, work_stat_cd, gain_point, checker_seq, setle_yn, del_yn, creator_seq, cre_dt, updator_seq, upd_dt) values (PARSEDATETIME('2023/09/08 00:00:00', 'yyyy/MM/dd HH:mm:ss'), PARSEDATETIME('2023/09/08 23:59:59', 'yyyy/MM/dd HH:mm:ss'), 164,102,104,'2023/09/08 - 영어일기','Who are you waiting for? Are you waiting for Sue?','2023-09-08','2023-09-08','DONE',1000,102,'Y','N',100, now(), 100, now()); 
insert into td_work(work_poss_begin_dt, work_poss_end_dt, work_seq, todo_seq, worker_seq, work_titl, work_cont, work_dt, confm_dt, work_stat_cd, gain_point, checker_seq, setle_yn, del_yn, creator_seq, cre_dt, updator_seq, upd_dt) values (PARSEDATETIME('2023/09/08 00:00:00', 'yyyy/MM/dd HH:mm:ss'), PARSEDATETIME('2023/09/08 23:59:59', 'yyyy/MM/dd HH:mm:ss'), 165,103,103,'2023/09/08 - 청소','확인자1','2023-09-08','2023-09-08','DONE',1000,102,'Y','N',100, now(), 100, now());  
insert into td_work(work_poss_begin_dt, work_poss_end_dt, work_seq, todo_seq, worker_seq, work_titl, work_cont, work_dt, confm_dt, work_stat_cd, gain_point, checker_seq, setle_yn, del_yn, creator_seq, cre_dt, updator_seq, upd_dt) values (PARSEDATETIME('2023/09/08 00:00:00', 'yyyy/MM/dd HH:mm:ss'), PARSEDATETIME('2023/09/08 23:59:59', 'yyyy/MM/dd HH:mm:ss'), 166,103,104,'2023/09/08 - 청소','확인자1','2023-09-08','2023-09-08','FAIL',0,102,'Y','N',100, now(), 100, now()); 
insert into td_work(work_poss_begin_dt, work_poss_end_dt, work_seq, todo_seq, worker_seq, work_titl, work_cont, work_dt, confm_dt, work_stat_cd, gain_point, checker_seq, setle_yn, del_yn, creator_seq, cre_dt, updator_seq, upd_dt) values (PARSEDATETIME('2023/09/09 00:00:00', 'yyyy/MM/dd HH:mm:ss'), PARSEDATETIME('2023/09/09 23:59:59', 'yyyy/MM/dd HH:mm:ss'), 167,100,103,'2023/09/09 - 기상','30.well','2023-09-09','2023-09-09','FAIL',0,102,'Y','N',100, now(), 100, now());  
insert into td_work(work_poss_begin_dt, work_poss_end_dt, work_seq, todo_seq, worker_seq, work_titl, work_cont, work_dt, confm_dt, work_stat_cd, gain_point, checker_seq, setle_yn, del_yn, creator_seq, cre_dt, updator_seq, upd_dt) values (PARSEDATETIME('2023/09/09 00:00:00', 'yyyy/MM/dd HH:mm:ss'), PARSEDATETIME('2023/09/09 23:59:59', 'yyyy/MM/dd HH:mm:ss'), 168,100,104,'2023/09/09 - 기상 ','31.person','2023-09-09','2023-09-09','DONE',1000,102,'Y','N',100, now(), 100, now());  
insert into td_work(work_poss_begin_dt, work_poss_end_dt, work_seq, todo_seq, worker_seq, work_titl, work_cont, work_dt, confm_dt, work_stat_cd, gain_point, checker_seq, setle_yn, del_yn, creator_seq, cre_dt, updator_seq, upd_dt) values (PARSEDATETIME('2023/09/09 00:00:00', 'yyyy/MM/dd HH:mm:ss'), PARSEDATETIME('2023/09/09 23:59:59', 'yyyy/MM/dd HH:mm:ss'), 169,101,103,'2023/09/09 - 취침 ','확인자1','2023-09-09','2023-09-09','DONE',1000,102,'Y','N',100, now(), 100, now()); 
insert into td_work(work_poss_begin_dt, work_poss_end_dt, work_seq, todo_seq, worker_seq, work_titl, work_cont, work_dt, confm_dt, work_stat_cd, gain_point, checker_seq, setle_yn, del_yn, creator_seq, cre_dt, updator_seq, upd_dt) values (PARSEDATETIME('2023/09/09 00:00:00', 'yyyy/MM/dd HH:mm:ss'), PARSEDATETIME('2023/09/09 23:59:59', 'yyyy/MM/dd HH:mm:ss'), 170,101,104,'2023/09/09 - 취침','확인자1','2023-09-09','2023-09-09','DONE',1000,102,'Y','N',100, now(), 100, now());  
insert into td_work(work_poss_begin_dt, work_poss_end_dt, work_seq, todo_seq, worker_seq, work_titl, work_cont, work_dt, confm_dt, work_stat_cd, gain_point, checker_seq, setle_yn, del_yn, creator_seq, cre_dt, updator_seq, upd_dt) values (PARSEDATETIME('2023/09/09 00:00:00', 'yyyy/MM/dd HH:mm:ss'), PARSEDATETIME('2023/09/09 23:59:59', 'yyyy/MM/dd HH:mm:ss'), 171,102,103,'2023/09/09 - 영어일기','Are you leaving now? / Yes, I am.','2023-09-09','2023-09-09','DONE',1000,102,'Y','N',100, now(), 100, now()); 
insert into td_work(work_poss_begin_dt, work_poss_end_dt, work_seq, todo_seq, worker_seq, work_titl, work_cont, work_dt, confm_dt, work_stat_cd, gain_point, checker_seq, setle_yn, del_yn, creator_seq, cre_dt, updator_seq, upd_dt) values (PARSEDATETIME('2023/09/09 00:00:00', 'yyyy/MM/dd HH:mm:ss'), PARSEDATETIME('2023/09/09 23:59:59', 'yyyy/MM/dd HH:mm:ss'), 172,102,104,'2023/09/09 - 영어일기','Are your friends staying at a hotel?','2023-09-09','2023-09-09','DONE',1000,102,'Y','N',100, now(), 100, now());  
insert into td_work(work_poss_begin_dt, work_poss_end_dt, work_seq, todo_seq, worker_seq, work_titl, work_cont, work_dt, confm_dt, work_stat_cd, gain_point, checker_seq, setle_yn, del_yn, creator_seq, cre_dt, updator_seq, upd_dt) values (PARSEDATETIME('2023/09/09 00:00:00', 'yyyy/MM/dd HH:mm:ss'), PARSEDATETIME('2023/09/09 23:59:59', 'yyyy/MM/dd HH:mm:ss'), 173,103,103,'2023/09/09 - 청소','확인자1','2023-09-09','2023-09-09','DONE',1000,102,'Y','N',100, now(), 100, now());  
insert into td_work(work_poss_begin_dt, work_poss_end_dt, work_seq, todo_seq, worker_seq, work_titl, work_cont, work_dt, confm_dt, work_stat_cd, gain_point, checker_seq, setle_yn, del_yn, creator_seq, cre_dt, updator_seq, upd_dt) values (PARSEDATETIME('2023/09/09 00:00:00', 'yyyy/MM/dd HH:mm:ss'), PARSEDATETIME('2023/09/09 23:59:59', 'yyyy/MM/dd HH:mm:ss'), 174,103,104,'2023/09/09 - 청소','확인자1','2023-09-09','2023-09-09','FAIL',0,102,'Y','N',100, now(), 100, now()); 
insert into td_work(work_poss_begin_dt, work_poss_end_dt, work_seq, todo_seq, worker_seq, work_titl, work_cont, work_dt, confm_dt, work_stat_cd, gain_point, checker_seq, setle_yn, del_yn, creator_seq, cre_dt, updator_seq, upd_dt) values (PARSEDATETIME('2023/09/10 00:00:00', 'yyyy/MM/dd HH:mm:ss'), PARSEDATETIME('2023/09/10 23:59:59', 'yyyy/MM/dd HH:mm:ss'), 175,100,103,'2023/09/10 - 기상','32.clothes','2023-09-10','2023-09-10','DONE',1000,102,'Y','N',100, now(), 100, now());  
insert into td_work(work_poss_begin_dt, work_poss_end_dt, work_seq, todo_seq, worker_seq, work_titl, work_cont, work_dt, confm_dt, work_stat_cd, gain_point, checker_seq, setle_yn, del_yn, creator_seq, cre_dt, updator_seq, upd_dt) values (PARSEDATETIME('2023/09/10 00:00:00', 'yyyy/MM/dd HH:mm:ss'), PARSEDATETIME('2023/09/10 23:59:59', 'yyyy/MM/dd HH:mm:ss'), 176,100,104,'2023/09/10 - 기상 ','33.movie','2023-09-10','2023-09-10','DONE',1000,102,'Y','N',100, now(), 100, now()); 
insert into td_work(work_poss_begin_dt, work_poss_end_dt, work_seq, todo_seq, worker_seq, work_titl, work_cont, work_dt, confm_dt, work_stat_cd, gain_point, checker_seq, setle_yn, del_yn, creator_seq, cre_dt, updator_seq, upd_dt) values (PARSEDATETIME('2023/09/10 00:00:00', 'yyyy/MM/dd HH:mm:ss'), PARSEDATETIME('2023/09/10 23:59:59', 'yyyy/MM/dd HH:mm:ss'), 177,101,103,'2023/09/10 - 취침 ','확인자1','2023-09-10','2023-09-10','DONE',1000,102,'Y','N',100, now(), 100, now()); 
insert into td_work(work_poss_begin_dt, work_poss_end_dt, work_seq, todo_seq, worker_seq, work_titl, work_cont, work_dt, confm_dt, work_stat_cd, gain_point, checker_seq, setle_yn, del_yn, creator_seq, cre_dt, updator_seq, upd_dt) values (PARSEDATETIME('2023/09/10 00:00:00', 'yyyy/MM/dd HH:mm:ss'), PARSEDATETIME('2023/09/10 23:59:59', 'yyyy/MM/dd HH:mm:ss'), 178,101,104,'2023/09/10 - 취침','확인자1','2023-09-10','2023-09-10','DONE',1000,102,'Y','N',100, now(), 100, now());  
insert into td_work(work_poss_begin_dt, work_poss_end_dt, work_seq, todo_seq, worker_seq, work_titl, work_cont, work_dt, confm_dt, work_stat_cd, gain_point, checker_seq, setle_yn, del_yn, creator_seq, cre_dt, updator_seq, upd_dt) values (PARSEDATETIME('2023/09/10 00:00:00', 'yyyy/MM/dd HH:mm:ss'), PARSEDATETIME('2023/09/10 23:59:59', 'yyyy/MM/dd HH:mm:ss'), 179,102,103,'2023/09/10 - 영어일기','I work in an office. My brother works in a bank.','2023-09-10','2023-09-10','DONE',1000,102,'Y','N',100, now(), 100, now());  
insert into td_work(work_poss_begin_dt, work_poss_end_dt, work_seq, todo_seq, worker_seq, work_titl, work_cont, work_dt, confm_dt, work_stat_cd, gain_point, checker_seq, setle_yn, del_yn, creator_seq, cre_dt, updator_seq, upd_dt) values (PARSEDATETIME('2023/09/10 00:00:00', 'yyyy/MM/dd HH:mm:ss'), PARSEDATETIME('2023/09/10 23:59:59', 'yyyy/MM/dd HH:mm:ss'), 180,102,104,'2023/09/10 - 영어일기','Lucy lives in Houston. Her parents live in Chicago.','2023-09-10','2023-09-10','DONE',1000,102,'Y','N',100, now(), 100, now()); 
insert into td_work(work_poss_begin_dt, work_poss_end_dt, work_seq, todo_seq, worker_seq, work_titl, work_cont, work_dt, confm_dt, work_stat_cd, gain_point, checker_seq, setle_yn, del_yn, creator_seq, cre_dt, updator_seq, upd_dt) values (PARSEDATETIME('2023/09/10 00:00:00', 'yyyy/MM/dd HH:mm:ss'), PARSEDATETIME('2023/09/10 23:59:59', 'yyyy/MM/dd HH:mm:ss'), 181,103,103,'2023/09/10 - 청소','확인자1','2023-09-10','2023-09-10','DONE',1000,102,'Y','N',100, now(), 100, now());  
insert into td_work(work_poss_begin_dt, work_poss_end_dt, work_seq, todo_seq, worker_seq, work_titl, work_cont, work_dt, confm_dt, work_stat_cd, gain_point, checker_seq, setle_yn, del_yn, creator_seq, cre_dt, updator_seq, upd_dt) values (PARSEDATETIME('2023/09/10 00:00:00', 'yyyy/MM/dd HH:mm:ss'), PARSEDATETIME('2023/09/10 23:59:59', 'yyyy/MM/dd HH:mm:ss'), 182,103,104,'2023/09/10 - 청소','확인자1','2023-09-10','2023-09-10','DONE',1000,102,'Y','N',100, now(), 100, now());  
insert into td_work(work_poss_begin_dt, work_poss_end_dt, work_seq, todo_seq, worker_seq, work_titl, work_cont, work_dt, confm_dt, work_stat_cd, gain_point, checker_seq, setle_yn, del_yn, creator_seq, cre_dt, updator_seq, upd_dt) values (PARSEDATETIME('2023/09/11 00:00:00', 'yyyy/MM/dd HH:mm:ss'), PARSEDATETIME('2023/09/11 23:59:59', 'yyyy/MM/dd HH:mm:ss'), 183,100,103,'2023/09/11 - 기상','36.letter','2023-09-11','2023-09-11','DONE',1000,102,'Y','N',100, now(), 100, now()); 
insert into td_work(work_poss_begin_dt, work_poss_end_dt, work_seq, todo_seq, worker_seq, work_titl, work_cont, work_dt, confm_dt, work_stat_cd, gain_point, checker_seq, setle_yn, del_yn, creator_seq, cre_dt, updator_seq, upd_dt) values (PARSEDATETIME('2023/09/11 00:00:00', 'yyyy/MM/dd HH:mm:ss'), PARSEDATETIME('2023/09/11 23:59:59', 'yyyy/MM/dd HH:mm:ss'), 184,100,104,'2023/09/11 - 기상 ','37.fire','2023-09-11','2023-09-11','DONE',1000,102,'Y','N',100, now(), 100, now());  
insert into td_work(work_poss_begin_dt, work_poss_end_dt, work_seq, todo_seq, worker_seq, work_titl, work_cont, work_dt, confm_dt, work_stat_cd, gain_point, checker_seq, setle_yn, del_yn, creator_seq, cre_dt, updator_seq, upd_dt) values (PARSEDATETIME('2023/09/11 00:00:00', 'yyyy/MM/dd HH:mm:ss'), PARSEDATETIME('2023/09/11 23:59:59', 'yyyy/MM/dd HH:mm:ss'), 185,101,103,'2023/09/11 - 취침 ','확인자1','2023-09-11','2023-09-11','DONE',1000,102,'Y','N',100, now(), 100, now()); 
insert into td_work(work_poss_begin_dt, work_poss_end_dt, work_seq, todo_seq, worker_seq, work_titl, work_cont, work_dt, confm_dt, work_stat_cd, gain_point, checker_seq, setle_yn, del_yn, creator_seq, cre_dt, updator_seq, upd_dt) values (PARSEDATETIME('2023/09/11 00:00:00', 'yyyy/MM/dd HH:mm:ss'), PARSEDATETIME('2023/09/11 23:59:59', 'yyyy/MM/dd HH:mm:ss'), 186,101,104,'2023/09/11 - 취침','확인자1','2023-09-11','2023-09-11','DONE',1000,102,'Y','N',100, now(), 100, now());  
insert into td_work(work_poss_begin_dt, work_poss_end_dt, work_seq, todo_seq, worker_seq, work_titl, work_cont, work_dt, confm_dt, work_stat_cd, gain_point, checker_seq, setle_yn, del_yn, creator_seq, cre_dt, updator_seq, upd_dt) values (PARSEDATETIME('2023/09/11 00:00:00', 'yyyy/MM/dd HH:mm:ss'), PARSEDATETIME('2023/09/11 23:59:59', 'yyyy/MM/dd HH:mm:ss'), 187,102,103,'2023/09/11 - 영어일기','We looked up at the stars in the sky.','2023-09-11','2023-09-11','DONE',1000,102,'Y','N',100, now(), 100, now()); 
insert into td_work(work_poss_begin_dt, work_poss_end_dt, work_seq, todo_seq, worker_seq, work_titl, work_cont, work_dt, confm_dt, work_stat_cd, gain_point, checker_seq, setle_yn, del_yn, creator_seq, cre_dt, updator_seq, upd_dt) values (PARSEDATETIME('2023/09/11 00:00:00', 'yyyy/MM/dd HH:mm:ss'), PARSEDATETIME('2023/09/11 23:59:59', 'yyyy/MM/dd HH:mm:ss'), 188,102,104,'2023/09/11 - 영어일기','Emma got into the car and drove away.','2023-09-11','2023-09-11','DONE',1000,102,'Y','N',100, now(), 100, now()); 
insert into td_work(work_poss_begin_dt, work_poss_end_dt, work_seq, todo_seq, worker_seq, work_titl, work_cont, work_dt, confm_dt, work_stat_cd, gain_point, checker_seq, setle_yn, del_yn, creator_seq, cre_dt, updator_seq, upd_dt) values (PARSEDATETIME('2023/09/11 00:00:00', 'yyyy/MM/dd HH:mm:ss'), PARSEDATETIME('2023/09/11 23:59:59', 'yyyy/MM/dd HH:mm:ss'), 189,103,103,'2023/09/11 - 청소','확인자1','2023-09-11','2023-09-11','DONE',1000,102,'Y','N',100, now(), 100, now());  
insert into td_work(work_poss_begin_dt, work_poss_end_dt, work_seq, todo_seq, worker_seq, work_titl, work_cont, work_dt, confm_dt, work_stat_cd, gain_point, checker_seq, setle_yn, del_yn, creator_seq, cre_dt, updator_seq, upd_dt) values (PARSEDATETIME('2023/09/11 00:00:00', 'yyyy/MM/dd HH:mm:ss'), PARSEDATETIME('2023/09/11 23:59:59', 'yyyy/MM/dd HH:mm:ss'), 190,103,104,'2023/09/11 - 청소','확인자1','2023-09-11','2023-09-11','DONE',1000,102,'Y','N',100, now(), 100, now());  
insert into td_work(work_poss_begin_dt, work_poss_end_dt, work_seq, todo_seq, worker_seq, work_titl, work_cont, work_dt, confm_dt, work_stat_cd, gain_point, checker_seq, setle_yn, del_yn, creator_seq, cre_dt, updator_seq, upd_dt) values (PARSEDATETIME('2023/09/12 00:00:00', 'yyyy/MM/dd HH:mm:ss'), PARSEDATETIME('2023/09/12 23:59:59', 'yyyy/MM/dd HH:mm:ss'), 191,100,103,'2023/09/12 - 기상','38.minute','2023-09-12','2023-09-12','DONE',1000,102,'Y','N',100, now(), 100, now()); 
insert into td_work(work_poss_begin_dt, work_poss_end_dt, work_seq, todo_seq, worker_seq, work_titl, work_cont, work_dt, confm_dt, work_stat_cd, gain_point, checker_seq, setle_yn, del_yn, creator_seq, cre_dt, updator_seq, upd_dt) values (PARSEDATETIME('2023/09/12 00:00:00', 'yyyy/MM/dd HH:mm:ss'), PARSEDATETIME('2023/09/12 23:59:59', 'yyyy/MM/dd HH:mm:ss'), 192,100,104,'2023/09/12 - 기상 ','39.part','2023-09-12','2023-09-12','DONE',1000,102,'Y','N',100, now(), 100, now());  
insert into td_work(work_poss_begin_dt, work_poss_end_dt, work_seq, todo_seq, worker_seq, work_titl, work_cont, work_dt, confm_dt, work_stat_cd, gain_point, checker_seq, setle_yn, del_yn, creator_seq, cre_dt, updator_seq, upd_dt) values (PARSEDATETIME('2023/09/12 00:00:00', 'yyyy/MM/dd HH:mm:ss'), PARSEDATETIME('2023/09/12 23:59:59', 'yyyy/MM/dd HH:mm:ss'), 193,101,103,'2023/09/12 - 취침 ','확인자1','2023-09-12','2023-09-12','DONE',1000,102,'Y','N',100, now(), 100, now()); 
insert into td_work(work_poss_begin_dt, work_poss_end_dt, work_seq, todo_seq, worker_seq, work_titl, work_cont, work_dt, confm_dt, work_stat_cd, gain_point, checker_seq, setle_yn, del_yn, creator_seq, cre_dt, updator_seq, upd_dt) values (PARSEDATETIME('2023/09/12 00:00:00', 'yyyy/MM/dd HH:mm:ss'), PARSEDATETIME('2023/09/12 23:59:59', 'yyyy/MM/dd HH:mm:ss'), 194,101,104,'2023/09/12 - 취침','확인자1','2023-09-12','2023-09-12','DONE',1000,102,'Y','N',100, now(), 100, now());  
insert into td_work(work_poss_begin_dt, work_poss_end_dt, work_seq, todo_seq, worker_seq, work_titl, work_cont, work_dt, confm_dt, work_stat_cd, gain_point, checker_seq, setle_yn, del_yn, creator_seq, cre_dt, updator_seq, upd_dt) values (PARSEDATETIME('2023/09/12 00:00:00', 'yyyy/MM/dd HH:mm:ss'), PARSEDATETIME('2023/09/12 23:59:59', 'yyyy/MM/dd HH:mm:ss'), 195,102,103,'2023/09/12 - 영어일기','It rains a lot in the winter.','2023-09-12','2023-09-12','DONE',1000,102,'Y','N',100, now(), 100, now()); 
insert into td_work(work_poss_begin_dt, work_poss_end_dt, work_seq, todo_seq, worker_seq, work_titl, work_cont, work_dt, confm_dt, work_stat_cd, gain_point, checker_seq, setle_yn, del_yn, creator_seq, cre_dt, updator_seq, upd_dt) values (PARSEDATETIME('2023/09/12 00:00:00', 'yyyy/MM/dd HH:mm:ss'), PARSEDATETIME('2023/09/12 23:59:59', 'yyyy/MM/dd HH:mm:ss'), 196,102,104,'2023/09/12 - 영어일기','It costs a lot of money to build a hospital.','2023-09-12','2023-09-12','DONE',1000,102,'Y','N',100, now(), 100, now());  
insert into td_work(work_poss_begin_dt, work_poss_end_dt, work_seq, todo_seq, worker_seq, work_titl, work_cont, work_dt, confm_dt, work_stat_cd, gain_point, checker_seq, setle_yn, del_yn, creator_seq, cre_dt, updator_seq, upd_dt) values (PARSEDATETIME('2023/09/12 00:00:00', 'yyyy/MM/dd HH:mm:ss'), PARSEDATETIME('2023/09/12 23:59:59', 'yyyy/MM/dd HH:mm:ss'), 197,103,103,'2023/09/12 - 청소','확인자1','2023-09-12','2023-09-12','DONE',1000,102,'Y','N',100, now(), 100, now());  
insert into td_work(work_poss_begin_dt, work_poss_end_dt, work_seq, todo_seq, worker_seq, work_titl, work_cont, work_dt, confm_dt, work_stat_cd, gain_point, checker_seq, setle_yn, del_yn, creator_seq, cre_dt, updator_seq, upd_dt) values (PARSEDATETIME('2023/09/12 00:00:00', 'yyyy/MM/dd HH:mm:ss'), PARSEDATETIME('2023/09/12 23:59:59', 'yyyy/MM/dd HH:mm:ss'), 198,103,104,'2023/09/12 - 청소','확인자1','2023-09-12','2023-09-12','DONE',1000,102,'Y','N',100, now(), 100, now());  
insert into td_work(work_poss_begin_dt, work_poss_end_dt, work_seq, todo_seq, worker_seq, work_titl, work_cont, work_dt, confm_dt, work_stat_cd, gain_point, checker_seq, setle_yn, del_yn, creator_seq, cre_dt, updator_seq, upd_dt) values (PARSEDATETIME('2023/09/13 00:00:00', 'yyyy/MM/dd HH:mm:ss'), PARSEDATETIME('2023/09/13 23:59:59', 'yyyy/MM/dd HH:mm:ss'), 199,100,103,'2023/09/13 - 기상','42.park','2023-09-13','2023-09-13','DONE',1000,102,'Y','N',100, now(), 100, now()); 
insert into td_work(work_poss_begin_dt, work_poss_end_dt, work_seq, todo_seq, worker_seq, work_titl, work_cont, work_dt, confm_dt, work_stat_cd, gain_point, checker_seq, setle_yn, del_yn, creator_seq, cre_dt, updator_seq, upd_dt) values (PARSEDATETIME('2023/09/13 00:00:00', 'yyyy/MM/dd HH:mm:ss'), PARSEDATETIME('2023/09/13 23:59:59', 'yyyy/MM/dd HH:mm:ss'), 200,100,104,'2023/09/13 - 기상 ','43.call','2023-09-13','2023-09-13','DONE',1000,102,'Y','N',100, now(), 100, now());  
insert into td_work(work_poss_begin_dt, work_poss_end_dt, work_seq, todo_seq, worker_seq, work_titl, work_cont, work_dt, confm_dt, work_stat_cd, gain_point, checker_seq, setle_yn, del_yn, creator_seq, cre_dt, updator_seq, upd_dt) values (PARSEDATETIME('2023/09/13 00:00:00', 'yyyy/MM/dd HH:mm:ss'), PARSEDATETIME('2023/09/13 23:59:59', 'yyyy/MM/dd HH:mm:ss'), 201,101,103,'2023/09/13 - 취침 ','확인자1','2023-09-13','2023-09-13','DONE',1000,102,'Y','N',100, now(), 100, now()); 
insert into td_work(work_poss_begin_dt, work_poss_end_dt, work_seq, todo_seq, worker_seq, work_titl, work_cont, work_dt, confm_dt, work_stat_cd, gain_point, checker_seq, setle_yn, del_yn, creator_seq, cre_dt, updator_seq, upd_dt) values (PARSEDATETIME('2023/09/13 00:00:00', 'yyyy/MM/dd HH:mm:ss'), PARSEDATETIME('2023/09/13 23:59:59', 'yyyy/MM/dd HH:mm:ss'), 202,101,104,'2023/09/13 - 취침','확인자1','2023-09-13','2023-09-13','DONE',1000,102,'Y','N',100, now(), 100, now());  
insert into td_work(work_poss_begin_dt, work_poss_end_dt, work_seq, todo_seq, worker_seq, work_titl, work_cont, work_dt, confm_dt, work_stat_cd, gain_point, checker_seq, setle_yn, del_yn, creator_seq, cre_dt, updator_seq, upd_dt) values (PARSEDATETIME('2023/09/13 00:00:00', 'yyyy/MM/dd HH:mm:ss'), PARSEDATETIME('2023/09/13 23:59:59', 'yyyy/MM/dd HH:mm:ss'), 203,102,103,'2023/09/13 - 영어일기','We looked up at the stars in the sky.','2023-09-13','2023-09-13','DONE',1000,102,'Y','N',100, now(), 100, now()); 
insert into td_work(work_poss_begin_dt, work_poss_end_dt, work_seq, todo_seq, worker_seq, work_titl, work_cont, work_dt, confm_dt, work_stat_cd, gain_point, checker_seq, setle_yn, del_yn, creator_seq, cre_dt, updator_seq, upd_dt) values (PARSEDATETIME('2023/09/13 00:00:00', 'yyyy/MM/dd HH:mm:ss'), PARSEDATETIME('2023/09/13 23:59:59', 'yyyy/MM/dd HH:mm:ss'), 204,102,104,'2023/09/13 - 영어일기','Emma got into the car and drove away.','2023-09-13','2023-09-13','DONE',1000,102,'Y','N',100, now(), 100, now()); 
insert into td_work(work_poss_begin_dt, work_poss_end_dt, work_seq, todo_seq, worker_seq, work_titl, work_cont, work_dt, confm_dt, work_stat_cd, gain_point, checker_seq, setle_yn, del_yn, creator_seq, cre_dt, updator_seq, upd_dt) values (PARSEDATETIME('2023/09/13 00:00:00', 'yyyy/MM/dd HH:mm:ss'), PARSEDATETIME('2023/09/13 23:59:59', 'yyyy/MM/dd HH:mm:ss'), 205,103,103,'2023/09/13 - 청소','확인자1','2023-09-13','2023-09-13','DONE',1000,102,'Y','N',100, now(), 100, now());  
insert into td_work(work_poss_begin_dt, work_poss_end_dt, work_seq, todo_seq, worker_seq, work_titl, work_cont, work_dt, confm_dt, work_stat_cd, gain_point, checker_seq, setle_yn, del_yn, creator_seq, cre_dt, updator_seq, upd_dt) values (PARSEDATETIME('2023/09/13 00:00:00', 'yyyy/MM/dd HH:mm:ss'), PARSEDATETIME('2023/09/13 23:59:59', 'yyyy/MM/dd HH:mm:ss'), 206,103,104,'2023/09/13 - 청소','확인자1','2023-09-13','2023-09-13','DONE',1000,102,'Y','N',100, now(), 100, now());  
insert into td_work(work_poss_begin_dt, work_poss_end_dt, work_seq, todo_seq, worker_seq, work_titl, work_cont, work_dt, confm_dt, work_stat_cd, gain_point, checker_seq, setle_yn, del_yn, creator_seq, cre_dt, updator_seq, upd_dt) values (PARSEDATETIME('2023/09/14 00:00:00', 'yyyy/MM/dd HH:mm:ss'), PARSEDATETIME('2023/09/14 23:59:59', 'yyyy/MM/dd HH:mm:ss'), 207,100,103,'2023/09/14 - 기상','40.plan','2023-09-14','2023-09-14','DONE',1000,102,'Y','N',100, now(), 100, now()); 
insert into td_work(work_poss_begin_dt, work_poss_end_dt, work_seq, todo_seq, worker_seq, work_titl, work_cont, work_dt, confm_dt, work_stat_cd, gain_point, checker_seq, setle_yn, del_yn, creator_seq, cre_dt, updator_seq, upd_dt) values (PARSEDATETIME('2023/09/14 00:00:00', 'yyyy/MM/dd HH:mm:ss'), PARSEDATETIME('2023/09/14 23:59:59', 'yyyy/MM/dd HH:mm:ss'), 208,100,104,'2023/09/14 - 기상 ','41.plant','2023-09-14','2023-09-14','DONE',1000,102,'Y','N',100, now(), 100, now()); 
insert into td_work(work_poss_begin_dt, work_poss_end_dt, work_seq, todo_seq, worker_seq, work_titl, work_cont, work_dt, confm_dt, work_stat_cd, gain_point, checker_seq, setle_yn, del_yn, creator_seq, cre_dt, updator_seq, upd_dt) values (PARSEDATETIME('2023/09/14 00:00:00', 'yyyy/MM/dd HH:mm:ss'), PARSEDATETIME('2023/09/14 23:59:59', 'yyyy/MM/dd HH:mm:ss'), 209,101,103,'2023/09/14 - 취침 ','확인자1','2023-09-14','2023-09-14','FAIL',0,102,'Y','N',100, now(), 100, now());  
insert into td_work(work_poss_begin_dt, work_poss_end_dt, work_seq, todo_seq, worker_seq, work_titl, work_cont, work_dt, confm_dt, work_stat_cd, gain_point, checker_seq, setle_yn, del_yn, creator_seq, cre_dt, updator_seq, upd_dt) values (PARSEDATETIME('2023/09/14 00:00:00', 'yyyy/MM/dd HH:mm:ss'), PARSEDATETIME('2023/09/14 23:59:59', 'yyyy/MM/dd HH:mm:ss'), 210,101,104,'2023/09/14 - 취침','확인자1','2023-09-14','2023-09-14','FAIL',0,102,'Y','N',100, now(), 100, now()); 
insert into td_work(work_poss_begin_dt, work_poss_end_dt, work_seq, todo_seq, worker_seq, work_titl, work_cont, work_dt, confm_dt, work_stat_cd, gain_point, checker_seq, setle_yn, del_yn, creator_seq, cre_dt, updator_seq, upd_dt) values (PARSEDATETIME('2023/09/14 00:00:00', 'yyyy/MM/dd HH:mm:ss'), PARSEDATETIME('2023/09/14 23:59:59', 'yyyy/MM/dd HH:mm:ss'), 211,102,103,'2023/09/14 - 영어일기','Sue drinks tea, but she doesn''t drink coffee.','2023-09-14','2023-09-14','DONE',1000,102,'Y','N',100, now(), 100, now());  
insert into td_work(work_poss_begin_dt, work_poss_end_dt, work_seq, todo_seq, worker_seq, work_titl, work_cont, work_dt, confm_dt, work_stat_cd, gain_point, checker_seq, setle_yn, del_yn, creator_seq, cre_dt, updator_seq, upd_dt) values (PARSEDATETIME('2023/09/14 00:00:00', 'yyyy/MM/dd HH:mm:ss'), PARSEDATETIME('2023/09/14 23:59:59', 'yyyy/MM/dd HH:mm:ss'), 212,102,104,'2023/09/14 - 영어일기','The weather is usually nice. It doesn''t rain very often.','2023-09-14','2023-09-14','DONE',1000,102,'Y','N',100, now(), 100, now()); 
insert into td_work(work_poss_begin_dt, work_poss_end_dt, work_seq, todo_seq, worker_seq, work_titl, work_cont, work_dt, confm_dt, work_stat_cd, gain_point, checker_seq, setle_yn, del_yn, creator_seq, cre_dt, updator_seq, upd_dt) values (PARSEDATETIME('2023/09/14 00:00:00', 'yyyy/MM/dd HH:mm:ss'), PARSEDATETIME('2023/09/14 23:59:59', 'yyyy/MM/dd HH:mm:ss'), 213,103,103,'2023/09/14 - 청소','확인자1','2023-09-14','2023-09-14','DONE',1000,102,'Y','N',100, now(), 100, now());  
insert into td_work(work_poss_begin_dt, work_poss_end_dt, work_seq, todo_seq, worker_seq, work_titl, work_cont, work_dt, confm_dt, work_stat_cd, gain_point, checker_seq, setle_yn, del_yn, creator_seq, cre_dt, updator_seq, upd_dt) values (PARSEDATETIME('2023/09/14 00:00:00', 'yyyy/MM/dd HH:mm:ss'), PARSEDATETIME('2023/09/14 23:59:59', 'yyyy/MM/dd HH:mm:ss'), 214,103,104,'2023/09/14 - 청소','확인자1','2023-09-14','2023-09-14','DONE',1000,102,'Y','N',100, now(), 100, now());  
insert into td_work(work_poss_begin_dt, work_poss_end_dt, work_seq, todo_seq, worker_seq, work_titl, work_cont, work_dt, confm_dt, work_stat_cd, gain_point, checker_seq, setle_yn, del_yn, creator_seq, cre_dt, updator_seq, upd_dt) values (PARSEDATETIME('2023/09/15 00:00:00', 'yyyy/MM/dd HH:mm:ss'), PARSEDATETIME('2023/09/15 23:59:59', 'yyyy/MM/dd HH:mm:ss'), 215,100,103,'2023/09/15 - 기상','34.activity','2023-09-15','2023-09-15','DONE',1000,102,'Y','N',100, now(), 100, now()); 
insert into td_work(work_poss_begin_dt, work_poss_end_dt, work_seq, todo_seq, worker_seq, work_titl, work_cont, work_dt, confm_dt, work_stat_cd, gain_point, checker_seq, setle_yn, del_yn, creator_seq, cre_dt, updator_seq, upd_dt) values (PARSEDATETIME('2023/09/15 00:00:00', 'yyyy/MM/dd HH:mm:ss'), PARSEDATETIME('2023/09/15 23:59:59', 'yyyy/MM/dd HH:mm:ss'), 216,100,104,'2023/09/15 - 기상 ','35.example','2023-09-15','2023-09-15','DONE',1000,102,'Y','N',100, now(), 100, now()); 
insert into td_work(work_poss_begin_dt, work_poss_end_dt, work_seq, todo_seq, worker_seq, work_titl, work_cont, work_dt, confm_dt, work_stat_cd, gain_point, checker_seq, setle_yn, del_yn, creator_seq, cre_dt, updator_seq, upd_dt) values (PARSEDATETIME('2023/09/15 00:00:00', 'yyyy/MM/dd HH:mm:ss'), PARSEDATETIME('2023/09/15 23:59:59', 'yyyy/MM/dd HH:mm:ss'), 217,101,103,'2023/09/15 - 취침 ','확인자1','2023-09-15','2023-09-15','DONE',1000,102,'Y','N',100, now(), 100, now()); 
insert into td_work(work_poss_begin_dt, work_poss_end_dt, work_seq, todo_seq, worker_seq, work_titl, work_cont, work_dt, confm_dt, work_stat_cd, gain_point, checker_seq, setle_yn, del_yn, creator_seq, cre_dt, updator_seq, upd_dt) values (PARSEDATETIME('2023/09/15 00:00:00', 'yyyy/MM/dd HH:mm:ss'), PARSEDATETIME('2023/09/15 23:59:59', 'yyyy/MM/dd HH:mm:ss'), 218,101,104,'2023/09/15 - 취침','확인자1','2023-09-15','2023-09-15','DONE',1000,102,'Y','N',100, now(), 100, now());  
insert into td_work(work_poss_begin_dt, work_poss_end_dt, work_seq, todo_seq, worker_seq, work_titl, work_cont, work_dt, confm_dt, work_stat_cd, gain_point, checker_seq, setle_yn, del_yn, creator_seq, cre_dt, updator_seq, upd_dt) values (PARSEDATETIME('2023/09/15 00:00:00', 'yyyy/MM/dd HH:mm:ss'), PARSEDATETIME('2023/09/15 23:59:59', 'yyyy/MM/dd HH:mm:ss'), 219,102,103,'2023/09/15 - 영어일기','Sometimes he is late, but it doesn''t happen very often.','2023-09-15','2023-09-15','DONE',1000,102,'Y','N',100, now(), 100, now());  
insert into td_work(work_poss_begin_dt, work_poss_end_dt, work_seq, todo_seq, worker_seq, work_titl, work_cont, work_dt, confm_dt, work_stat_cd, gain_point, checker_seq, setle_yn, del_yn, creator_seq, cre_dt, updator_seq, upd_dt) values (PARSEDATETIME('2023/09/15 00:00:00', 'yyyy/MM/dd HH:mm:ss'), PARSEDATETIME('2023/09/15 23:59:59', 'yyyy/MM/dd HH:mm:ss'), 220,102,104,'2023/09/15 - 영어일기','Bill doesn''t do his job very well.','2023-09-15','2023-09-15','DONE',1000,102,'Y','N',100, now(), 100, now()); 
insert into td_work(work_poss_begin_dt, work_poss_end_dt, work_seq, todo_seq, worker_seq, work_titl, work_cont, work_dt, confm_dt, work_stat_cd, gain_point, checker_seq, setle_yn, del_yn, creator_seq, cre_dt, updator_seq, upd_dt) values (PARSEDATETIME('2023/09/15 00:00:00', 'yyyy/MM/dd HH:mm:ss'), PARSEDATETIME('2023/09/15 23:59:59', 'yyyy/MM/dd HH:mm:ss'), 221,103,103,'2023/09/15 - 청소','확인자1','2023-09-15','2023-09-15','DONE',1000,102,'Y','N',100, now(), 100, now());  
insert into td_work(work_poss_begin_dt, work_poss_end_dt, work_seq, todo_seq, worker_seq, work_titl, work_cont, work_dt, confm_dt, work_stat_cd, gain_point, checker_seq, setle_yn, del_yn, creator_seq, cre_dt, updator_seq, upd_dt) values (PARSEDATETIME('2023/09/15 00:00:00', 'yyyy/MM/dd HH:mm:ss'), PARSEDATETIME('2023/09/15 23:59:59', 'yyyy/MM/dd HH:mm:ss'), 222,103,104,'2023/09/15 - 청소','확인자1','2023-09-15','2023-09-15','DONE',1000,102,'Y','N',100, now(), 100, now());  
insert into td_work(work_poss_begin_dt, work_poss_end_dt, work_seq, todo_seq, worker_seq, work_titl, work_cont, work_dt, confm_dt, work_stat_cd, gain_point, checker_seq, setle_yn, del_yn, creator_seq, cre_dt, updator_seq, upd_dt) values (PARSEDATETIME('2023/09/15 00:00:00', 'yyyy/MM/dd HH:mm:ss'), PARSEDATETIME('2023/09/15 23:59:59', 'yyyy/MM/dd HH:mm:ss'), 223,104,103,'2023/09/15 - 운동','잠수교','2023-09-15','2023-09-15','DONE',1000,102,'Y','N',100, now(), 100, now()); 
insert into td_work(work_poss_begin_dt, work_poss_end_dt, work_seq, todo_seq, worker_seq, work_titl, work_cont, work_dt, confm_dt, work_stat_cd, gain_point, checker_seq, setle_yn, del_yn, creator_seq, cre_dt, updator_seq, upd_dt) values (PARSEDATETIME('2023/09/15 00:00:00', 'yyyy/MM/dd HH:mm:ss'), PARSEDATETIME('2023/09/15 23:59:59', 'yyyy/MM/dd HH:mm:ss'), 224,104,104,'2023/09/15 - 운동','잠수교','2023-09-15','2023-09-15','DONE',1000,102,'Y','N',100, now(), 100, now()); 
insert into td_work(work_poss_begin_dt, work_poss_end_dt, work_seq, todo_seq, worker_seq, work_titl, work_cont, work_dt, confm_dt, work_stat_cd, gain_point, checker_seq, setle_yn, del_yn, creator_seq, cre_dt, updator_seq, upd_dt) values (PARSEDATETIME('2023/09/15 00:00:00', 'yyyy/MM/dd HH:mm:ss'), PARSEDATETIME('2023/09/15 23:59:59', 'yyyy/MM/dd HH:mm:ss'), 225,105,104,'2023/09/15 - 독서','셜록홈즈 10~103 page','2023-09-15','2023-09-15','DONE',1000,102,'Y','N',100, now(), 100, now());  
insert into td_work(work_poss_begin_dt, work_poss_end_dt, work_seq, todo_seq, worker_seq, work_titl, work_cont, work_dt, confm_dt, work_stat_cd, gain_point, checker_seq, setle_yn, del_yn, creator_seq, cre_dt, updator_seq, upd_dt) values (PARSEDATETIME('2023/09/16 00:00:00', 'yyyy/MM/dd HH:mm:ss'), PARSEDATETIME('2023/09/16 23:59:59', 'yyyy/MM/dd HH:mm:ss'), 226,100,103,'2023/09/16 - 기상','28.sure','2023-09-16','2023-09-16','DONE',1000,102,'Y','N',100, now(), 100, now()); 
insert into td_work(work_poss_begin_dt, work_poss_end_dt, work_seq, todo_seq, worker_seq, work_titl, work_cont, work_dt, confm_dt, work_stat_cd, gain_point, checker_seq, setle_yn, del_yn, creator_seq, cre_dt, updator_seq, upd_dt) values (PARSEDATETIME('2023/09/16 00:00:00', 'yyyy/MM/dd HH:mm:ss'), PARSEDATETIME('2023/09/16 23:59:59', 'yyyy/MM/dd HH:mm:ss'), 227,100,104,'2023/09/16 - 기상 ','29.too','2023-09-16','2023-09-16','DONE',1000,102,'Y','N',100, now(), 100, now()); 
insert into td_work(work_poss_begin_dt, work_poss_end_dt, work_seq, todo_seq, worker_seq, work_titl, work_cont, work_dt, confm_dt, work_stat_cd, gain_point, checker_seq, setle_yn, del_yn, creator_seq, cre_dt, updator_seq, upd_dt) values (PARSEDATETIME('2023/09/16 00:00:00', 'yyyy/MM/dd HH:mm:ss'), PARSEDATETIME('2023/09/16 23:59:59', 'yyyy/MM/dd HH:mm:ss'), 228,101,103,'2023/09/16 - 취침 ','확인자1','2023-09-16','2023-09-16','FAIL',0,102,'Y','N',100, now(), 100, now());  
insert into td_work(work_poss_begin_dt, work_poss_end_dt, work_seq, todo_seq, worker_seq, work_titl, work_cont, work_dt, confm_dt, work_stat_cd, gain_point, checker_seq, setle_yn, del_yn, creator_seq, cre_dt, updator_seq, upd_dt) values (PARSEDATETIME('2023/09/16 00:00:00', 'yyyy/MM/dd HH:mm:ss'), PARSEDATETIME('2023/09/16 23:59:59', 'yyyy/MM/dd HH:mm:ss'), 229,101,104,'2023/09/16 - 취침','확인자1','2023-09-16','2023-09-16','DONE',1000,102,'Y','N',100, now(), 100, now());  
insert into td_work(work_poss_begin_dt, work_poss_end_dt, work_seq, todo_seq, worker_seq, work_titl, work_cont, work_dt, confm_dt, work_stat_cd, gain_point, checker_seq, setle_yn, del_yn, creator_seq, cre_dt, updator_seq, upd_dt) values (PARSEDATETIME('2023/09/16 00:00:00', 'yyyy/MM/dd HH:mm:ss'), PARSEDATETIME('2023/09/16 23:59:59', 'yyyy/MM/dd HH:mm:ss'), 230,102,103,'2023/09/16 - 영어일기','Do you play tennis? / No, I don''t.','2023-09-16','2023-09-16','DONE',1000,102,'Y','N',100, now(), 100, now()); 
insert into td_work(work_poss_begin_dt, work_poss_end_dt, work_seq, todo_seq, worker_seq, work_titl, work_cont, work_dt, confm_dt, work_stat_cd, gain_point, checker_seq, setle_yn, del_yn, creator_seq, cre_dt, updator_seq, upd_dt) values (PARSEDATETIME('2023/09/16 00:00:00', 'yyyy/MM/dd HH:mm:ss'), PARSEDATETIME('2023/09/16 23:59:59', 'yyyy/MM/dd HH:mm:ss'), 231,102,104,'2023/09/16 - 영어일기','Do your parents speak English? / Yes, they do.','2023-09-16','2023-09-16','DONE',1000,102,'Y','N',100, now(), 100, now());  
insert into td_work(work_poss_begin_dt, work_poss_end_dt, work_seq, todo_seq, worker_seq, work_titl, work_cont, work_dt, confm_dt, work_stat_cd, gain_point, checker_seq, setle_yn, del_yn, creator_seq, cre_dt, updator_seq, upd_dt) values (PARSEDATETIME('2023/09/16 00:00:00', 'yyyy/MM/dd HH:mm:ss'), PARSEDATETIME('2023/09/16 23:59:59', 'yyyy/MM/dd HH:mm:ss'), 232,103,103,'2023/09/16 - 청소','확인자1','2023-09-16','2023-09-16','DONE',1000,102,'Y','N',100, now(), 100, now());  
insert into td_work(work_poss_begin_dt, work_poss_end_dt, work_seq, todo_seq, worker_seq, work_titl, work_cont, work_dt, confm_dt, work_stat_cd, gain_point, checker_seq, setle_yn, del_yn, creator_seq, cre_dt, updator_seq, upd_dt) values (PARSEDATETIME('2023/09/16 00:00:00', 'yyyy/MM/dd HH:mm:ss'), PARSEDATETIME('2023/09/16 23:59:59', 'yyyy/MM/dd HH:mm:ss'), 233,103,104,'2023/09/16 - 청소','확인자1','2023-09-16','2023-09-16','DONE',1000,102,'Y','N',100, now(), 100, now());  
insert into td_work(work_poss_begin_dt, work_poss_end_dt, work_seq, todo_seq, worker_seq, work_titl, work_cont, work_dt, confm_dt, work_stat_cd, gain_point, checker_seq, setle_yn, del_yn, creator_seq, cre_dt, updator_seq, upd_dt) values (PARSEDATETIME('2023/09/17 00:00:00', 'yyyy/MM/dd HH:mm:ss'), PARSEDATETIME('2023/09/17 23:59:59', 'yyyy/MM/dd HH:mm:ss'), 234,100,103,'2023/09/17 - 기상','22.take','2023-09-17','2023-09-17','DONE',1000,102,'Y','N',100, now(), 100, now()); 
insert into td_work(work_poss_begin_dt, work_poss_end_dt, work_seq, todo_seq, worker_seq, work_titl, work_cont, work_dt, confm_dt, work_stat_cd, gain_point, checker_seq, setle_yn, del_yn, creator_seq, cre_dt, updator_seq, upd_dt) values (PARSEDATETIME('2023/09/17 00:00:00', 'yyyy/MM/dd HH:mm:ss'), PARSEDATETIME('2023/09/17 23:59:59', 'yyyy/MM/dd HH:mm:ss'), 235,100,104,'2023/09/17 - 기상 ','23.live','2023-09-17','2023-09-17','DONE',1000,102,'Y','N',100, now(), 100, now());  
insert into td_work(work_poss_begin_dt, work_poss_end_dt, work_seq, todo_seq, worker_seq, work_titl, work_cont, work_dt, confm_dt, work_stat_cd, gain_point, checker_seq, setle_yn, del_yn, creator_seq, cre_dt, updator_seq, upd_dt) values (PARSEDATETIME('2023/09/17 00:00:00', 'yyyy/MM/dd HH:mm:ss'), PARSEDATETIME('2023/09/17 23:59:59', 'yyyy/MM/dd HH:mm:ss'), 236,101,103,'2023/09/17 - 취침 ','확인자1','2023-09-17','2023-09-17','DONE',1000,102,'Y','N',100, now(), 100, now()); 
insert into td_work(work_poss_begin_dt, work_poss_end_dt, work_seq, todo_seq, worker_seq, work_titl, work_cont, work_dt, confm_dt, work_stat_cd, gain_point, checker_seq, setle_yn, del_yn, creator_seq, cre_dt, updator_seq, upd_dt) values (PARSEDATETIME('2023/09/17 00:00:00', 'yyyy/MM/dd HH:mm:ss'), PARSEDATETIME('2023/09/17 23:59:59', 'yyyy/MM/dd HH:mm:ss'), 237,101,104,'2023/09/17 - 취침','확인자1','2023-09-17','2023-09-17','DONE',1000,102,'Y','N',100, now(), 100, now());  
insert into td_work(work_poss_begin_dt, work_poss_end_dt, work_seq, todo_seq, worker_seq, work_titl, work_cont, work_dt, confm_dt, work_stat_cd, gain_point, checker_seq, setle_yn, del_yn, creator_seq, cre_dt, updator_seq, upd_dt) values (PARSEDATETIME('2023/09/17 00:00:00', 'yyyy/MM/dd HH:mm:ss'), PARSEDATETIME('2023/09/17 23:59:59', 'yyyy/MM/dd HH:mm:ss'), 238,102,103,'2023/09/17 - 영어일기','Does Gray work hard? / Yes, he does.','2023-09-17','2023-09-17','DONE',1000,102,'Y','N',100, now(), 100, now());  
insert into td_work(work_poss_begin_dt, work_poss_end_dt, work_seq, todo_seq, worker_seq, work_titl, work_cont, work_dt, confm_dt, work_stat_cd, gain_point, checker_seq, setle_yn, del_yn, creator_seq, cre_dt, updator_seq, upd_dt) values (PARSEDATETIME('2023/09/17 00:00:00', 'yyyy/MM/dd HH:mm:ss'), PARSEDATETIME('2023/09/17 23:59:59', 'yyyy/MM/dd HH:mm:ss'), 239,102,104,'2023/09/17 - 영어일기','Does your sister live in Vancouver? / No, she doesn''t.','2023-09-17','2023-09-17','DONE',1000,102,'Y','N',100, now(), 100, now()); 
insert into td_work(work_poss_begin_dt, work_poss_end_dt, work_seq, todo_seq, worker_seq, work_titl, work_cont, work_dt, confm_dt, work_stat_cd, gain_point, checker_seq, setle_yn, del_yn, creator_seq, cre_dt, updator_seq, upd_dt) values (PARSEDATETIME('2023/09/17 00:00:00', 'yyyy/MM/dd HH:mm:ss'), PARSEDATETIME('2023/09/17 23:59:59', 'yyyy/MM/dd HH:mm:ss'), 240,103,103,'2023/09/17 - 청소','확인자1','2023-09-17','2023-09-17','DONE',1000,102,'Y','N',100, now(), 100, now());  
insert into td_work(work_poss_begin_dt, work_poss_end_dt, work_seq, todo_seq, worker_seq, work_titl, work_cont, work_dt, confm_dt, work_stat_cd, gain_point, checker_seq, setle_yn, del_yn, creator_seq, cre_dt, updator_seq, upd_dt) values (PARSEDATETIME('2023/09/17 00:00:00', 'yyyy/MM/dd HH:mm:ss'), PARSEDATETIME('2023/09/17 23:59:59', 'yyyy/MM/dd HH:mm:ss'), 241,103,104,'2023/09/17 - 청소','확인자1','2023-09-17','2023-09-17','DONE',1000,102,'Y','N',100, now(), 100, now());  
insert into td_work(work_poss_begin_dt, work_poss_end_dt, work_seq, todo_seq, worker_seq, work_titl, work_cont, work_dt, confm_dt, work_stat_cd, gain_point, checker_seq, setle_yn, del_yn, creator_seq, cre_dt, updator_seq, upd_dt) values (PARSEDATETIME('2023/09/17 00:00:00', 'yyyy/MM/dd HH:mm:ss'), PARSEDATETIME('2023/09/17 23:59:59', 'yyyy/MM/dd HH:mm:ss'), 242,105,103,'2023/09/17 - 독서','이기적인유전자 137~255 page','2023-09-17','2023-09-17','DONE',1000,102,'Y','N',100, now(), 100, now());  
insert into td_work(work_poss_begin_dt, work_poss_end_dt, work_seq, todo_seq, worker_seq, work_titl, work_cont, work_dt, confm_dt, work_stat_cd, gain_point, checker_seq, setle_yn, del_yn, creator_seq, cre_dt, updator_seq, upd_dt) values (PARSEDATETIME('2023/09/18 00:00:00', 'yyyy/MM/dd HH:mm:ss'), PARSEDATETIME('2023/09/18 23:59:59', 'yyyy/MM/dd HH:mm:ss'), 243,100,103,'2023/09/18 - 기상','46.fun','2023-09-18','2023-09-18','DONE',1000,102,'Y','N',100, now(), 100, now());  
insert into td_work(work_poss_begin_dt, work_poss_end_dt, work_seq, todo_seq, worker_seq, work_titl, work_cont, work_dt, confm_dt, work_stat_cd, gain_point, checker_seq, setle_yn, del_yn, creator_seq, cre_dt, updator_seq, upd_dt) values (PARSEDATETIME('2023/09/18 00:00:00', 'yyyy/MM/dd HH:mm:ss'), PARSEDATETIME('2023/09/18 23:59:59', 'yyyy/MM/dd HH:mm:ss'), 244,100,104,'2023/09/18 - 기상 ','47.future','2023-09-18','2023-09-18','DONE',1000,102,'Y','N',100, now(), 100, now());  
insert into td_work(work_poss_begin_dt, work_poss_end_dt, work_seq, todo_seq, worker_seq, work_titl, work_cont, work_dt, confm_dt, work_stat_cd, gain_point, checker_seq, setle_yn, del_yn, creator_seq, cre_dt, updator_seq, upd_dt) values (PARSEDATETIME('2023/09/18 00:00:00', 'yyyy/MM/dd HH:mm:ss'), PARSEDATETIME('2023/09/18 23:59:59', 'yyyy/MM/dd HH:mm:ss'), 245,101,103,'2023/09/18 - 취침 ','확인자1','2023-09-18','2023-09-18','FAIL',0,102,'Y','N',100, now(), 100, now());  
insert into td_work(work_poss_begin_dt, work_poss_end_dt, work_seq, todo_seq, worker_seq, work_titl, work_cont, work_dt, confm_dt, work_stat_cd, gain_point, checker_seq, setle_yn, del_yn, creator_seq, cre_dt, updator_seq, upd_dt) values (PARSEDATETIME('2023/09/18 00:00:00', 'yyyy/MM/dd HH:mm:ss'), PARSEDATETIME('2023/09/18 23:59:59', 'yyyy/MM/dd HH:mm:ss'), 246,101,104,'2023/09/18 - 취침','확인자1','2023-09-18','2023-09-18','DONE',1000,102,'Y','N',100, now(), 100, now());  
insert into td_work(work_poss_begin_dt, work_poss_end_dt, work_seq, todo_seq, worker_seq, work_titl, work_cont, work_dt, confm_dt, work_stat_cd, gain_point, checker_seq, setle_yn, del_yn, creator_seq, cre_dt, updator_seq, upd_dt) values (PARSEDATETIME('2023/09/18 00:00:00', 'yyyy/MM/dd HH:mm:ss'), PARSEDATETIME('2023/09/18 23:59:59', 'yyyy/MM/dd HH:mm:ss'), 247,102,103,'2023/09/18 - 영어일기','Why are you under the table? What are you doing?','2023-09-18','2023-09-18','DONE',1000,102,'Y','N',100, now(), 100, now());  
insert into td_work(work_poss_begin_dt, work_poss_end_dt, work_seq, todo_seq, worker_seq, work_titl, work_cont, work_dt, confm_dt, work_stat_cd, gain_point, checker_seq, setle_yn, del_yn, creator_seq, cre_dt, updator_seq, upd_dt) values (PARSEDATETIME('2023/09/18 00:00:00', 'yyyy/MM/dd HH:mm:ss'), PARSEDATETIME('2023/09/18 23:59:59', 'yyyy/MM/dd HH:mm:ss'), 248,102,104,'2023/09/18 - 영어일기','I''m tired. I want to go home.','2023-09-18','2023-09-18','DONE',1000,102,'Y','N',100, now(), 100, now());  
insert into td_work(work_poss_begin_dt, work_poss_end_dt, work_seq, todo_seq, worker_seq, work_titl, work_cont, work_dt, confm_dt, work_stat_cd, gain_point, checker_seq, setle_yn, del_yn, creator_seq, cre_dt, updator_seq, upd_dt) values (PARSEDATETIME('2023/09/18 00:00:00', 'yyyy/MM/dd HH:mm:ss'), PARSEDATETIME('2023/09/18 23:59:59', 'yyyy/MM/dd HH:mm:ss'), 249,103,103,'2023/09/18 - 청소','확인자1','2023-09-18','2023-09-18','DONE',1000,102,'Y','N',100, now(), 100, now());  
insert into td_work(work_poss_begin_dt, work_poss_end_dt, work_seq, todo_seq, worker_seq, work_titl, work_cont, work_dt, confm_dt, work_stat_cd, gain_point, checker_seq, setle_yn, del_yn, creator_seq, cre_dt, updator_seq, upd_dt) values (PARSEDATETIME('2023/09/18 00:00:00', 'yyyy/MM/dd HH:mm:ss'), PARSEDATETIME('2023/09/18 23:59:59', 'yyyy/MM/dd HH:mm:ss'), 250,103,104,'2023/09/18 - 청소','확인자1','2023-09-18','2023-09-18','DONE',1000,102,'Y','N',100, now(), 100, now());  
insert into td_work(work_poss_begin_dt, work_poss_end_dt, work_seq, todo_seq, worker_seq, work_titl, work_cont, work_dt, confm_dt, work_stat_cd, gain_point, checker_seq, setle_yn, del_yn, creator_seq, cre_dt, updator_seq, upd_dt) values (PARSEDATETIME('2023/09/19 00:00:00', 'yyyy/MM/dd HH:mm:ss'), PARSEDATETIME('2023/09/19 23:59:59', 'yyyy/MM/dd HH:mm:ss'), 251,100,103,'2023/09/19 - 기상','48.keep','2023-09-19','2023-09-19','DONE',1000,102,'Y','N',100, now(), 100, now()); 
insert into td_work(work_poss_begin_dt, work_poss_end_dt, work_seq, todo_seq, worker_seq, work_titl, work_cont, work_dt, confm_dt, work_stat_cd, gain_point, checker_seq, setle_yn, del_yn, creator_seq, cre_dt, updator_seq, upd_dt) values (PARSEDATETIME('2023/09/19 00:00:00', 'yyyy/MM/dd HH:mm:ss'), PARSEDATETIME('2023/09/19 23:59:59', 'yyyy/MM/dd HH:mm:ss'), 252,100,104,'2023/09/19 - 기상 ','49.listen','2023-09-19','2023-09-19','DONE',1000,102,'Y','N',100, now(), 100, now());  
insert into td_work(work_poss_begin_dt, work_poss_end_dt, work_seq, todo_seq, worker_seq, work_titl, work_cont, work_dt, confm_dt, work_stat_cd, gain_point, checker_seq, setle_yn, del_yn, creator_seq, cre_dt, updator_seq, upd_dt) values (PARSEDATETIME('2023/09/19 00:00:00', 'yyyy/MM/dd HH:mm:ss'), PARSEDATETIME('2023/09/19 23:59:59', 'yyyy/MM/dd HH:mm:ss'), 253,101,103,'2023/09/19 - 취침 ','확인자1','2023-09-19','2023-09-19','DONE',1000,102,'Y','N',100, now(), 100, now()); 
insert into td_work(work_poss_begin_dt, work_poss_end_dt, work_seq, todo_seq, worker_seq, work_titl, work_cont, work_dt, confm_dt, work_stat_cd, gain_point, checker_seq, setle_yn, del_yn, creator_seq, cre_dt, updator_seq, upd_dt) values (PARSEDATETIME('2023/09/19 00:00:00', 'yyyy/MM/dd HH:mm:ss'), PARSEDATETIME('2023/09/19 23:59:59', 'yyyy/MM/dd HH:mm:ss'), 254,101,104,'2023/09/19 - 취침','확인자1','2023-09-19','2023-09-19','FAIL',0,102,'Y','N',100, now(), 100, now()); 
insert into td_work(work_poss_begin_dt, work_poss_end_dt, work_seq, todo_seq, worker_seq, work_titl, work_cont, work_dt, confm_dt, work_stat_cd, gain_point, checker_seq, setle_yn, del_yn, creator_seq, cre_dt, updator_seq, upd_dt) values (PARSEDATETIME('2023/09/19 00:00:00', 'yyyy/MM/dd HH:mm:ss'), PARSEDATETIME('2023/09/19 23:59:59', 'yyyy/MM/dd HH:mm:ss'), 255,102,103,'2023/09/19 - 영어일기','I don''t understand. What do you mean?','2023-09-19','2023-09-19','DONE',1000,102,'Y','N',100, now(), 100, now());  
insert into td_work(work_poss_begin_dt, work_poss_end_dt, work_seq, todo_seq, worker_seq, work_titl, work_cont, work_dt, confm_dt, work_stat_cd, gain_point, checker_seq, setle_yn, del_yn, creator_seq, cre_dt, updator_seq, upd_dt) values (PARSEDATETIME('2023/09/19 00:00:00', 'yyyy/MM/dd HH:mm:ss'), PARSEDATETIME('2023/09/19 23:59:59', 'yyyy/MM/dd HH:mm:ss'), 256,102,104,'2023/09/19 - 영어일기','Do you know that girl? / Yes, but I don''t remember her name.','2023-09-19','2023-09-19','DONE',1000,102,'Y','N',100, now(), 100, now()); 
insert into td_work(work_poss_begin_dt, work_poss_end_dt, work_seq, todo_seq, worker_seq, work_titl, work_cont, work_dt, confm_dt, work_stat_cd, gain_point, checker_seq, setle_yn, del_yn, creator_seq, cre_dt, updator_seq, upd_dt) values (PARSEDATETIME('2023/09/19 00:00:00', 'yyyy/MM/dd HH:mm:ss'), PARSEDATETIME('2023/09/19 23:59:59', 'yyyy/MM/dd HH:mm:ss'), 257,103,103,'2023/09/19 - 청소','확인자1','2023-09-19','2023-09-19','DONE',1000,102,'Y','N',100, now(), 100, now());  
insert into td_work(work_poss_begin_dt, work_poss_end_dt, work_seq, todo_seq, worker_seq, work_titl, work_cont, work_dt, confm_dt, work_stat_cd, gain_point, checker_seq, setle_yn, del_yn, creator_seq, cre_dt, updator_seq, upd_dt) values (PARSEDATETIME('2023/09/19 00:00:00', 'yyyy/MM/dd HH:mm:ss'), PARSEDATETIME('2023/09/19 23:59:59', 'yyyy/MM/dd HH:mm:ss'), 258,103,104,'2023/09/19 - 청소','확인자1','2023-09-19','2023-09-19','DONE',1000,102,'Y','N',100, now(), 100, now());  
insert into td_work(work_poss_begin_dt, work_poss_end_dt, work_seq, todo_seq, worker_seq, work_titl, work_cont, work_dt, confm_dt, work_stat_cd, gain_point, checker_seq, setle_yn, del_yn, creator_seq, cre_dt, updator_seq, upd_dt) values (PARSEDATETIME('2023/09/20 00:00:00', 'yyyy/MM/dd HH:mm:ss'), PARSEDATETIME('2023/09/20 23:59:59', 'yyyy/MM/dd HH:mm:ss'), 259,100,103,'2023/09/20 - 기상','50.find','2023-09-20','2023-09-20','DONE',1000,102,'Y','N',100, now(), 100, now()); 
insert into td_work(work_poss_begin_dt, work_poss_end_dt, work_seq, todo_seq, worker_seq, work_titl, work_cont, work_dt, confm_dt, work_stat_cd, gain_point, checker_seq, setle_yn, del_yn, creator_seq, cre_dt, updator_seq, upd_dt) values (PARSEDATETIME('2023/09/20 00:00:00', 'yyyy/MM/dd HH:mm:ss'), PARSEDATETIME('2023/09/20 23:59:59', 'yyyy/MM/dd HH:mm:ss'), 260,100,104,'2023/09/20 - 기상 ','51.learn','2023-09-20','2023-09-20','DONE',1000,102,'Y','N',100, now(), 100, now()); 
insert into td_work(work_poss_begin_dt, work_poss_end_dt, work_seq, todo_seq, worker_seq, work_titl, work_cont, work_dt, confm_dt, work_stat_cd, gain_point, checker_seq, setle_yn, del_yn, creator_seq, cre_dt, updator_seq, upd_dt) values (PARSEDATETIME('2023/09/20 00:00:00', 'yyyy/MM/dd HH:mm:ss'), PARSEDATETIME('2023/09/20 23:59:59', 'yyyy/MM/dd HH:mm:ss'), 261,101,103,'2023/09/20 - 취침 ','확인자1','2023-09-20','2023-09-20','DONE',1000,102,'Y','N',100, now(), 100, now()); 
insert into td_work(work_poss_begin_dt, work_poss_end_dt, work_seq, todo_seq, worker_seq, work_titl, work_cont, work_dt, confm_dt, work_stat_cd, gain_point, checker_seq, setle_yn, del_yn, creator_seq, cre_dt, updator_seq, upd_dt) values (PARSEDATETIME('2023/09/20 00:00:00', 'yyyy/MM/dd HH:mm:ss'), PARSEDATETIME('2023/09/20 23:59:59', 'yyyy/MM/dd HH:mm:ss'), 262,101,104,'2023/09/20 - 취침','확인자1','2023-09-20','2023-09-20','DONE',1000,102,'Y','N',100, now(), 100, now());  
insert into td_work(work_poss_begin_dt, work_poss_end_dt, work_seq, todo_seq, worker_seq, work_titl, work_cont, work_dt, confm_dt, work_stat_cd, gain_point, checker_seq, setle_yn, del_yn, creator_seq, cre_dt, updator_seq, upd_dt) values (PARSEDATETIME('2023/09/20 00:00:00', 'yyyy/MM/dd HH:mm:ss'), PARSEDATETIME('2023/09/20 23:59:59', 'yyyy/MM/dd HH:mm:ss'), 263,102,103,'2023/09/20 - 영어일기','I have blue eyes.(or) I''ve got blue eyes.','2023-09-20','2023-09-20','DONE',1000,102,'Y','N',100, now(), 100, now());  
insert into td_work(work_poss_begin_dt, work_poss_end_dt, work_seq, todo_seq, worker_seq, work_titl, work_cont, work_dt, confm_dt, work_stat_cd, gain_point, checker_seq, setle_yn, del_yn, creator_seq, cre_dt, updator_seq, upd_dt) values (PARSEDATETIME('2023/09/20 00:00:00', 'yyyy/MM/dd HH:mm:ss'), PARSEDATETIME('2023/09/20 23:59:59', 'yyyy/MM/dd HH:mm:ss'), 264,102,104,'2023/09/20 - 영어일기','Our car has four doors.(or) Our car has got four doors.','2023-09-20','2023-09-20','DONE',1000,102,'Y','N',100, now(), 100, now()); 
insert into td_work(work_poss_begin_dt, work_poss_end_dt, work_seq, todo_seq, worker_seq, work_titl, work_cont, work_dt, confm_dt, work_stat_cd, gain_point, checker_seq, setle_yn, del_yn, creator_seq, cre_dt, updator_seq, upd_dt) values (PARSEDATETIME('2023/09/20 00:00:00', 'yyyy/MM/dd HH:mm:ss'), PARSEDATETIME('2023/09/20 23:59:59', 'yyyy/MM/dd HH:mm:ss'), 265,103,103,'2023/09/20 - 청소','확인자1','2023-09-20','2023-09-20','DONE',1000,102,'Y','N',100, now(), 100, now());  
insert into td_work(work_poss_begin_dt, work_poss_end_dt, work_seq, todo_seq, worker_seq, work_titl, work_cont, work_dt, confm_dt, work_stat_cd, gain_point, checker_seq, setle_yn, del_yn, creator_seq, cre_dt, updator_seq, upd_dt) values (PARSEDATETIME('2023/09/20 00:00:00', 'yyyy/MM/dd HH:mm:ss'), PARSEDATETIME('2023/09/20 23:59:59', 'yyyy/MM/dd HH:mm:ss'), 266,103,104,'2023/09/20 - 청소','확인자1','2023-09-20','2023-09-20','DONE',1000,102,'Y','N',100, now(), 100, now());  
insert into td_work(work_poss_begin_dt, work_poss_end_dt, work_seq, todo_seq, worker_seq, work_titl, work_cont, work_dt, confm_dt, work_stat_cd, gain_point, checker_seq, setle_yn, del_yn, creator_seq, cre_dt, updator_seq, upd_dt) values (PARSEDATETIME('2023/09/21 00:00:00', 'yyyy/MM/dd HH:mm:ss'), PARSEDATETIME('2023/09/21 23:59:59', 'yyyy/MM/dd HH:mm:ss'), 267,100,103,'2023/09/21 - 기상','55.each','2023-09-21','2023-09-21','FAIL',0,102,'Y','N',100, now(), 100, now());  
insert into td_work(work_poss_begin_dt, work_poss_end_dt, work_seq, todo_seq, worker_seq, work_titl, work_cont, work_dt, confm_dt, work_stat_cd, gain_point, checker_seq, setle_yn, del_yn, creator_seq, cre_dt, updator_seq, upd_dt) values (PARSEDATETIME('2023/09/21 00:00:00', 'yyyy/MM/dd HH:mm:ss'), PARSEDATETIME('2023/09/21 23:59:59', 'yyyy/MM/dd HH:mm:ss'), 268,100,104,'2023/09/21 - 기상 ','56.another','2023-09-21','2023-09-21','FAIL',0,102,'Y','N',100, now(), 100, now());  
insert into td_work(work_poss_begin_dt, work_poss_end_dt, work_seq, todo_seq, worker_seq, work_titl, work_cont, work_dt, confm_dt, work_stat_cd, gain_point, checker_seq, setle_yn, del_yn, creator_seq, cre_dt, updator_seq, upd_dt) values (PARSEDATETIME('2023/09/21 00:00:00', 'yyyy/MM/dd HH:mm:ss'), PARSEDATETIME('2023/09/21 23:59:59', 'yyyy/MM/dd HH:mm:ss'), 269,101,103,'2023/09/21 - 취침 ','확인자1','2023-09-21','2023-09-21','DONE',1000,102,'Y','N',100, now(), 100, now()); 
insert into td_work(work_poss_begin_dt, work_poss_end_dt, work_seq, todo_seq, worker_seq, work_titl, work_cont, work_dt, confm_dt, work_stat_cd, gain_point, checker_seq, setle_yn, del_yn, creator_seq, cre_dt, updator_seq, upd_dt) values (PARSEDATETIME('2023/09/21 00:00:00', 'yyyy/MM/dd HH:mm:ss'), PARSEDATETIME('2023/09/21 23:59:59', 'yyyy/MM/dd HH:mm:ss'), 270,101,104,'2023/09/21 - 취침','확인자1','2023-09-21','2023-09-21','DONE',1000,102,'Y','N',100, now(), 100, now());  
insert into td_work(work_poss_begin_dt, work_poss_end_dt, work_seq, todo_seq, worker_seq, work_titl, work_cont, work_dt, confm_dt, work_stat_cd, gain_point, checker_seq, setle_yn, del_yn, creator_seq, cre_dt, updator_seq, upd_dt) values (PARSEDATETIME('2023/09/21 00:00:00', 'yyyy/MM/dd HH:mm:ss'), PARSEDATETIME('2023/09/21 23:59:59', 'yyyy/MM/dd HH:mm:ss'), 271,102,103,'2023/09/21 - 영어일기','It''s a nice house, but it doesn''t have a garage.','2023-09-21','2023-09-21','DONE',1000,102,'Y','N',100, now(), 100, now());  
insert into td_work(work_poss_begin_dt, work_poss_end_dt, work_seq, todo_seq, worker_seq, work_titl, work_cont, work_dt, confm_dt, work_stat_cd, gain_point, checker_seq, setle_yn, del_yn, creator_seq, cre_dt, updator_seq, upd_dt) values (PARSEDATETIME('2023/09/21 00:00:00', 'yyyy/MM/dd HH:mm:ss'), PARSEDATETIME('2023/09/21 23:59:59', 'yyyy/MM/dd HH:mm:ss'), 272,102,104,'2023/09/21 - 영어일기','What kind of car does she have?','2023-09-21','2023-09-21','DONE',1000,102,'Y','N',100, now(), 100, now()); 
insert into td_work(work_poss_begin_dt, work_poss_end_dt, work_seq, todo_seq, worker_seq, work_titl, work_cont, work_dt, confm_dt, work_stat_cd, gain_point, checker_seq, setle_yn, del_yn, creator_seq, cre_dt, updator_seq, upd_dt) values (PARSEDATETIME('2023/09/21 00:00:00', 'yyyy/MM/dd HH:mm:ss'), PARSEDATETIME('2023/09/21 23:59:59', 'yyyy/MM/dd HH:mm:ss'), 273,103,103,'2023/09/21 - 청소','확인자1','2023-09-21','2023-09-21','DONE',1000,102,'Y','N',100, now(), 100, now());  
insert into td_work(work_poss_begin_dt, work_poss_end_dt, work_seq, todo_seq, worker_seq, work_titl, work_cont, work_dt, confm_dt, work_stat_cd, gain_point, checker_seq, setle_yn, del_yn, creator_seq, cre_dt, updator_seq, upd_dt) values (PARSEDATETIME('2023/09/21 00:00:00', 'yyyy/MM/dd HH:mm:ss'), PARSEDATETIME('2023/09/21 23:59:59', 'yyyy/MM/dd HH:mm:ss'), 274,103,104,'2023/09/21 - 청소','확인자1','2023-09-21','2023-09-21','DONE',1000,102,'Y','N',100, now(), 100, now());  
insert into td_work(work_poss_begin_dt, work_poss_end_dt, work_seq, todo_seq, worker_seq, work_titl, work_cont, work_dt, confm_dt, work_stat_cd, gain_point, checker_seq, setle_yn, del_yn, creator_seq, cre_dt, updator_seq, upd_dt) values (PARSEDATETIME('2023/09/21 00:00:00', 'yyyy/MM/dd HH:mm:ss'), PARSEDATETIME('2023/09/21 23:59:59', 'yyyy/MM/dd HH:mm:ss'), 275,108,104,'2023/09/21 - 쪽지시험','영어학원 100점','2023-09-21','2023-09-21','DONE',1000,102,'Y','N',100, now(), 100, now()); 
insert into td_work(work_poss_begin_dt, work_poss_end_dt, work_seq, todo_seq, worker_seq, work_titl, work_cont, work_dt, confm_dt, work_stat_cd, gain_point, checker_seq, setle_yn, del_yn, creator_seq, cre_dt, updator_seq, upd_dt) values (PARSEDATETIME('2023/09/21 00:00:00', 'yyyy/MM/dd HH:mm:ss'), PARSEDATETIME('2023/09/21 23:59:59', 'yyyy/MM/dd HH:mm:ss'), 276,109,104,'2023/09/21 - 쪽지시험','영어학원 100점','2023-09-21','2023-09-21','DONE',4000,102,'Y','N',100, now(), 100, now()); 
insert into td_work(work_poss_begin_dt, work_poss_end_dt, work_seq, todo_seq, worker_seq, work_titl, work_cont, work_dt, confm_dt, work_stat_cd, gain_point, checker_seq, setle_yn, del_yn, creator_seq, cre_dt, updator_seq, upd_dt) values (PARSEDATETIME('2023/09/22 00:00:00', 'yyyy/MM/dd HH:mm:ss'), PARSEDATETIME('2023/09/22 23:59:59', 'yyyy/MM/dd HH:mm:ss'), 277,100,103,'2023/09/22 - 기상','57.same','2023-09-22','2023-09-22','DONE',1000,102,'Y','N',100, now(), 100, now()); 
insert into td_work(work_poss_begin_dt, work_poss_end_dt, work_seq, todo_seq, worker_seq, work_titl, work_cont, work_dt, confm_dt, work_stat_cd, gain_point, checker_seq, setle_yn, del_yn, creator_seq, cre_dt, updator_seq, upd_dt) values (PARSEDATETIME('2023/09/22 00:00:00', 'yyyy/MM/dd HH:mm:ss'), PARSEDATETIME('2023/09/22 23:59:59', 'yyyy/MM/dd HH:mm:ss'), 278,100,104,'2023/09/22 - 기상 ','58.hard','2023-09-22','2023-09-22','DONE',1000,102,'Y','N',100, now(), 100, now());  
insert into td_work(work_poss_begin_dt, work_poss_end_dt, work_seq, todo_seq, worker_seq, work_titl, work_cont, work_dt, confm_dt, work_stat_cd, gain_point, checker_seq, setle_yn, del_yn, creator_seq, cre_dt, updator_seq, upd_dt) values (PARSEDATETIME('2023/09/22 00:00:00', 'yyyy/MM/dd HH:mm:ss'), PARSEDATETIME('2023/09/22 23:59:59', 'yyyy/MM/dd HH:mm:ss'), 279,101,103,'2023/09/22 - 취침 ','확인자1','2023-09-22','2023-09-22','DONE',1000,102,'Y','N',100, now(), 100, now()); 
insert into td_work(work_poss_begin_dt, work_poss_end_dt, work_seq, todo_seq, worker_seq, work_titl, work_cont, work_dt, confm_dt, work_stat_cd, gain_point, checker_seq, setle_yn, del_yn, creator_seq, cre_dt, updator_seq, upd_dt) values (PARSEDATETIME('2023/09/22 00:00:00', 'yyyy/MM/dd HH:mm:ss'), PARSEDATETIME('2023/09/22 23:59:59', 'yyyy/MM/dd HH:mm:ss'), 280,101,104,'2023/09/22 - 취침','확인자1','2023-09-22','2023-09-22','DONE',1000,102,'Y','N',100, now(), 100, now());  
insert into td_work(work_poss_begin_dt, work_poss_end_dt, work_seq, todo_seq, worker_seq, work_titl, work_cont, work_dt, confm_dt, work_stat_cd, gain_point, checker_seq, setle_yn, del_yn, creator_seq, cre_dt, updator_seq, upd_dt) values (PARSEDATETIME('2023/09/22 00:00:00', 'yyyy/MM/dd HH:mm:ss'), PARSEDATETIME('2023/09/22 23:59:59', 'yyyy/MM/dd HH:mm:ss'), 281,102,103,'2023/09/22 - 영어일기','What do you have in your bag? (or) What have you got in your bag?','2023-09-22','2023-09-22','DONE',1000,102,'Y','N',100, now(), 100, now()); 
insert into td_work(work_poss_begin_dt, work_poss_end_dt, work_seq, todo_seq, worker_seq, work_titl, work_cont, work_dt, confm_dt, work_stat_cd, gain_point, checker_seq, setle_yn, del_yn, creator_seq, cre_dt, updator_seq, upd_dt) values (PARSEDATETIME('2023/09/22 00:00:00', 'yyyy/MM/dd HH:mm:ss'), PARSEDATETIME('2023/09/22 23:59:59', 'yyyy/MM/dd HH:mm:ss'), 282,102,104,'2023/09/22 - 영어일기','Where was Kate yesterday?','2023-09-22','2023-09-22','DONE',1000,102,'Y','N',100, now(), 100, now()); 
insert into td_work(work_poss_begin_dt, work_poss_end_dt, work_seq, todo_seq, worker_seq, work_titl, work_cont, work_dt, confm_dt, work_stat_cd, gain_point, checker_seq, setle_yn, del_yn, creator_seq, cre_dt, updator_seq, upd_dt) values (PARSEDATETIME('2023/09/22 00:00:00', 'yyyy/MM/dd HH:mm:ss'), PARSEDATETIME('2023/09/22 23:59:59', 'yyyy/MM/dd HH:mm:ss'), 283,103,103,'2023/09/22 - 청소','확인자1','2023-09-22','2023-09-22','DONE',1000,102,'Y','N',100, now(), 100, now());  
insert into td_work(work_poss_begin_dt, work_poss_end_dt, work_seq, todo_seq, worker_seq, work_titl, work_cont, work_dt, confm_dt, work_stat_cd, gain_point, checker_seq, setle_yn, del_yn, creator_seq, cre_dt, updator_seq, upd_dt) values (PARSEDATETIME('2023/09/22 00:00:00', 'yyyy/MM/dd HH:mm:ss'), PARSEDATETIME('2023/09/22 23:59:59', 'yyyy/MM/dd HH:mm:ss'), 284,103,104,'2023/09/22 - 청소','확인자1','2023-09-22','2023-09-22','DONE',1000,102,'Y','N',100, now(), 100, now());  
insert into td_work(work_poss_begin_dt, work_poss_end_dt, work_seq, todo_seq, worker_seq, work_titl, work_cont, work_dt, confm_dt, work_stat_cd, gain_point, checker_seq, setle_yn, del_yn, creator_seq, cre_dt, updator_seq, upd_dt) values (PARSEDATETIME('2023/09/23 00:00:00', 'yyyy/MM/dd HH:mm:ss'), PARSEDATETIME('2023/09/23 23:59:59', 'yyyy/MM/dd HH:mm:ss'), 285,100,103,'2023/09/23 - 기상','60.really','2023-09-23','2023-09-23','DONE',1000,102,'Y','N',100, now(), 100, now()); 
insert into td_work(work_poss_begin_dt, work_poss_end_dt, work_seq, todo_seq, worker_seq, work_titl, work_cont, work_dt, confm_dt, work_stat_cd, gain_point, checker_seq, setle_yn, del_yn, creator_seq, cre_dt, updator_seq, upd_dt) values (PARSEDATETIME('2023/09/23 00:00:00', 'yyyy/MM/dd HH:mm:ss'), PARSEDATETIME('2023/09/23 23:59:59', 'yyyy/MM/dd HH:mm:ss'), 286,100,104,'2023/09/23 - 기상 ','61.bird','2023-09-23','2023-09-23','DONE',1000,102,'Y','N',100, now(), 100, now());  
insert into td_work(work_poss_begin_dt, work_poss_end_dt, work_seq, todo_seq, worker_seq, work_titl, work_cont, work_dt, confm_dt, work_stat_cd, gain_point, checker_seq, setle_yn, del_yn, creator_seq, cre_dt, updator_seq, upd_dt) values (PARSEDATETIME('2023/09/23 00:00:00', 'yyyy/MM/dd HH:mm:ss'), PARSEDATETIME('2023/09/23 23:59:59', 'yyyy/MM/dd HH:mm:ss'), 287,101,103,'2023/09/23 - 취침 ','확인자1','2023-09-23','2023-09-23','DONE',1000,102,'Y','N',100, now(), 100, now()); 
insert into td_work(work_poss_begin_dt, work_poss_end_dt, work_seq, todo_seq, worker_seq, work_titl, work_cont, work_dt, confm_dt, work_stat_cd, gain_point, checker_seq, setle_yn, del_yn, creator_seq, cre_dt, updator_seq, upd_dt) values (PARSEDATETIME('2023/09/23 00:00:00', 'yyyy/MM/dd HH:mm:ss'), PARSEDATETIME('2023/09/23 23:59:59', 'yyyy/MM/dd HH:mm:ss'), 288,101,104,'2023/09/23 - 취침','확인자1','2023-09-23','2023-09-23','DONE',1000,102,'Y','N',100, now(), 100, now());  
insert into td_work(work_poss_begin_dt, work_poss_end_dt, work_seq, todo_seq, worker_seq, work_titl, work_cont, work_dt, confm_dt, work_stat_cd, gain_point, checker_seq, setle_yn, del_yn, creator_seq, cre_dt, updator_seq, upd_dt) values (PARSEDATETIME('2023/09/23 00:00:00', 'yyyy/MM/dd HH:mm:ss'), PARSEDATETIME('2023/09/23 23:59:59', 'yyyy/MM/dd HH:mm:ss'), 289,102,103,'2023/09/23 - 영어일기','They weren''t here last Sunday.','2023-09-23','2023-09-23','DONE',1000,102,'Y','N',100, now(), 100, now()); 
insert into td_work(work_poss_begin_dt, work_poss_end_dt, work_seq, todo_seq, worker_seq, work_titl, work_cont, work_dt, confm_dt, work_stat_cd, gain_point, checker_seq, setle_yn, del_yn, creator_seq, cre_dt, updator_seq, upd_dt) values (PARSEDATETIME('2023/09/23 00:00:00', 'yyyy/MM/dd HH:mm:ss'), PARSEDATETIME('2023/09/23 23:59:59', 'yyyy/MM/dd HH:mm:ss'), 290,102,104,'2023/09/23 - 영어일기','We were hungry after the trip, but we weren''t tired.','2023-09-23','2023-09-23','DONE',1000,102,'Y','N',100, now(), 100, now()); 
insert into td_work(work_poss_begin_dt, work_poss_end_dt, work_seq, todo_seq, worker_seq, work_titl, work_cont, work_dt, confm_dt, work_stat_cd, gain_point, checker_seq, setle_yn, del_yn, creator_seq, cre_dt, updator_seq, upd_dt) values (PARSEDATETIME('2023/09/23 00:00:00', 'yyyy/MM/dd HH:mm:ss'), PARSEDATETIME('2023/09/23 23:59:59', 'yyyy/MM/dd HH:mm:ss'), 291,103,103,'2023/09/23 - 청소','확인자1','2023-09-23','2023-09-23','DONE',1000,102,'Y','N',100, now(), 100, now());  
insert into td_work(work_poss_begin_dt, work_poss_end_dt, work_seq, todo_seq, worker_seq, work_titl, work_cont, work_dt, confm_dt, work_stat_cd, gain_point, checker_seq, setle_yn, del_yn, creator_seq, cre_dt, updator_seq, upd_dt) values (PARSEDATETIME('2023/09/23 00:00:00', 'yyyy/MM/dd HH:mm:ss'), PARSEDATETIME('2023/09/23 23:59:59', 'yyyy/MM/dd HH:mm:ss'), 292,103,104,'2023/09/23 - 청소','확인자1','2023-09-23','2023-09-23','DONE',1000,102,'Y','N',100, now(), 100, now());  
insert into td_work(work_poss_begin_dt, work_poss_end_dt, work_seq, todo_seq, worker_seq, work_titl, work_cont, work_dt, confm_dt, work_stat_cd, gain_point, checker_seq, setle_yn, del_yn, creator_seq, cre_dt, updator_seq, upd_dt) values (PARSEDATETIME('2023/09/24 00:00:00', 'yyyy/MM/dd HH:mm:ss'), PARSEDATETIME('2023/09/24 23:59:59', 'yyyy/MM/dd HH:mm:ss'), 293,100,103,'2023/09/24 - 기상','62.trip','2023-09-24','2023-09-24','DONE',1000,102,'Y','N',100, now(), 100, now()); 
insert into td_work(work_poss_begin_dt, work_poss_end_dt, work_seq, todo_seq, worker_seq, work_titl, work_cont, work_dt, confm_dt, work_stat_cd, gain_point, checker_seq, setle_yn, del_yn, creator_seq, cre_dt, updator_seq, upd_dt) values (PARSEDATETIME('2023/09/24 00:00:00', 'yyyy/MM/dd HH:mm:ss'), PARSEDATETIME('2023/09/24 23:59:59', 'yyyy/MM/dd HH:mm:ss'), 294,100,104,'2023/09/24 - 기상 ','63.vacation','2023-09-24','2023-09-24','DONE',1000,102,'Y','N',100, now(), 100, now());  
insert into td_work(work_poss_begin_dt, work_poss_end_dt, work_seq, todo_seq, worker_seq, work_titl, work_cont, work_dt, confm_dt, work_stat_cd, gain_point, checker_seq, setle_yn, del_yn, creator_seq, cre_dt, updator_seq, upd_dt) values (PARSEDATETIME('2023/09/24 00:00:00', 'yyyy/MM/dd HH:mm:ss'), PARSEDATETIME('2023/09/24 23:59:59', 'yyyy/MM/dd HH:mm:ss'), 295,101,103,'2023/09/24 - 취침 ','확인자1','2023-09-24','2023-09-24','DONE',1000,102,'Y','N',100, now(), 100, now()); 
insert into td_work(work_poss_begin_dt, work_poss_end_dt, work_seq, todo_seq, worker_seq, work_titl, work_cont, work_dt, confm_dt, work_stat_cd, gain_point, checker_seq, setle_yn, del_yn, creator_seq, cre_dt, updator_seq, upd_dt) values (PARSEDATETIME('2023/09/24 00:00:00', 'yyyy/MM/dd HH:mm:ss'), PARSEDATETIME('2023/09/24 23:59:59', 'yyyy/MM/dd HH:mm:ss'), 296,101,104,'2023/09/24 - 취침','확인자1','2023-09-24','2023-09-24','DONE',1000,102,'Y','N',100, now(), 100, now());  
insert into td_work(work_poss_begin_dt, work_poss_end_dt, work_seq, todo_seq, worker_seq, work_titl, work_cont, work_dt, confm_dt, work_stat_cd, gain_point, checker_seq, setle_yn, del_yn, creator_seq, cre_dt, updator_seq, upd_dt) values (PARSEDATETIME('2023/09/24 00:00:00', 'yyyy/MM/dd HH:mm:ss'), PARSEDATETIME('2023/09/24 23:59:59', 'yyyy/MM/dd HH:mm:ss'), 297,102,103,'2023/09/24 - 영어일기','Was the weather nice when you were on vacation?','2023-09-24','2023-09-24','DONE',1000,102,'Y','N',100, now(), 100, now()); 
insert into td_work(work_poss_begin_dt, work_poss_end_dt, work_seq, todo_seq, worker_seq, work_titl, work_cont, work_dt, confm_dt, work_stat_cd, gain_point, checker_seq, setle_yn, del_yn, creator_seq, cre_dt, updator_seq, upd_dt) values (PARSEDATETIME('2023/09/24 00:00:00', 'yyyy/MM/dd HH:mm:ss'), PARSEDATETIME('2023/09/24 23:59:59', 'yyyy/MM/dd HH:mm:ss'), 298,102,104,'2023/09/24 - 영어일기','I brush my teeth every morning.','2023-09-24','2023-09-24','DONE',1000,102,'Y','N',100, now(), 100, now()); 
insert into td_work(work_poss_begin_dt, work_poss_end_dt, work_seq, todo_seq, worker_seq, work_titl, work_cont, work_dt, confm_dt, work_stat_cd, gain_point, checker_seq, setle_yn, del_yn, creator_seq, cre_dt, updator_seq, upd_dt) values (PARSEDATETIME('2023/09/24 00:00:00', 'yyyy/MM/dd HH:mm:ss'), PARSEDATETIME('2023/09/24 23:59:59', 'yyyy/MM/dd HH:mm:ss'), 299,103,103,'2023/09/24 - 청소','확인자1','2023-09-24','2023-09-24','DONE',1000,102,'Y','N',100, now(), 100, now());  
insert into td_work(work_poss_begin_dt, work_poss_end_dt, work_seq, todo_seq, worker_seq, work_titl, work_cont, work_dt, confm_dt, work_stat_cd, gain_point, checker_seq, setle_yn, del_yn, creator_seq, cre_dt, updator_seq, upd_dt) values (PARSEDATETIME('2023/09/24 00:00:00', 'yyyy/MM/dd HH:mm:ss'), PARSEDATETIME('2023/09/24 23:59:59', 'yyyy/MM/dd HH:mm:ss'), 300,103,104,'2023/09/24 - 청소','확인자1','2023-09-24','2023-09-24','DONE',1000,102,'Y','N',100, now(), 100, now());  
insert into td_work(work_poss_begin_dt, work_poss_end_dt, work_seq, todo_seq, worker_seq, work_titl, work_cont, work_dt, confm_dt, work_stat_cd, gain_point, checker_seq, setle_yn, del_yn, creator_seq, cre_dt, updator_seq, upd_dt) values (PARSEDATETIME('2023/09/25 00:00:00', 'yyyy/MM/dd HH:mm:ss'), PARSEDATETIME('2023/09/25 23:59:59', 'yyyy/MM/dd HH:mm:ss'), 301,100,103,'2023/09/25 - 기상','64.course','2023-09-25','2023-09-25','DONE',1000,102,'Y','N',100, now(), 100, now()); 
insert into td_work(work_poss_begin_dt, work_poss_end_dt, work_seq, todo_seq, worker_seq, work_titl, work_cont, work_dt, confm_dt, work_stat_cd, gain_point, checker_seq, setle_yn, del_yn, creator_seq, cre_dt, updator_seq, upd_dt) values (PARSEDATETIME('2023/09/25 00:00:00', 'yyyy/MM/dd HH:mm:ss'), PARSEDATETIME('2023/09/25 23:59:59', 'yyyy/MM/dd HH:mm:ss'), 302,100,104,'2023/09/25 - 기상 ','65.space','2023-09-25','2023-09-25','DONE',1000,102,'Y','N',100, now(), 100, now()); 
insert into td_work(work_poss_begin_dt, work_poss_end_dt, work_seq, todo_seq, worker_seq, work_titl, work_cont, work_dt, confm_dt, work_stat_cd, gain_point, checker_seq, setle_yn, del_yn, creator_seq, cre_dt, updator_seq, upd_dt) values (PARSEDATETIME('2023/09/25 00:00:00', 'yyyy/MM/dd HH:mm:ss'), PARSEDATETIME('2023/09/25 23:59:59', 'yyyy/MM/dd HH:mm:ss'), 303,101,103,'2023/09/25 - 취침 ','확인자1','2023-09-25','2023-09-25','DONE',1000,102,'Y','N',100, now(), 100, now()); 
insert into td_work(work_poss_begin_dt, work_poss_end_dt, work_seq, todo_seq, worker_seq, work_titl, work_cont, work_dt, confm_dt, work_stat_cd, gain_point, checker_seq, setle_yn, del_yn, creator_seq, cre_dt, updator_seq, upd_dt) values (PARSEDATETIME('2023/09/25 00:00:00', 'yyyy/MM/dd HH:mm:ss'), PARSEDATETIME('2023/09/25 23:59:59', 'yyyy/MM/dd HH:mm:ss'), 304,101,104,'2023/09/25 - 취침','확인자1','2023-09-25','2023-09-25','DONE',1000,102,'Y','N',100, now(), 100, now());  
insert into td_work(work_poss_begin_dt, work_poss_end_dt, work_seq, todo_seq, worker_seq, work_titl, work_cont, work_dt, confm_dt, work_stat_cd, gain_point, checker_seq, setle_yn, del_yn, creator_seq, cre_dt, updator_seq, upd_dt) values (PARSEDATETIME('2023/09/25 00:00:00', 'yyyy/MM/dd HH:mm:ss'), PARSEDATETIME('2023/09/25 23:59:59', 'yyyy/MM/dd HH:mm:ss'), 305,102,103,'2023/09/25 - 영어일기','Caroline went to the movies three times last week.','2023-09-25','2023-09-25','DONE',1000,102,'Y','N',100, now(), 100, now());  
insert into td_work(work_poss_begin_dt, work_poss_end_dt, work_seq, todo_seq, worker_seq, work_titl, work_cont, work_dt, confm_dt, work_stat_cd, gain_point, checker_seq, setle_yn, del_yn, creator_seq, cre_dt, updator_seq, upd_dt) values (PARSEDATETIME('2023/09/25 00:00:00', 'yyyy/MM/dd HH:mm:ss'), PARSEDATETIME('2023/09/25 23:59:59', 'yyyy/MM/dd HH:mm:ss'), 306,102,104,'2023/09/25 - 영어일기','James came into the room, took off his coat, and sat down.','2023-09-25','2023-09-25','DONE',1000,102,'Y','N',100, now(), 100, now());  
insert into td_work(work_poss_begin_dt, work_poss_end_dt, work_seq, todo_seq, worker_seq, work_titl, work_cont, work_dt, confm_dt, work_stat_cd, gain_point, checker_seq, setle_yn, del_yn, creator_seq, cre_dt, updator_seq, upd_dt) values (PARSEDATETIME('2023/09/25 00:00:00', 'yyyy/MM/dd HH:mm:ss'), PARSEDATETIME('2023/09/25 23:59:59', 'yyyy/MM/dd HH:mm:ss'), 307,103,103,'2023/09/25 - 청소','확인자1','2023-09-25','2023-09-25','DONE',1000,102,'Y','N',100, now(), 100, now());  
insert into td_work(work_poss_begin_dt, work_poss_end_dt, work_seq, todo_seq, worker_seq, work_titl, work_cont, work_dt, confm_dt, work_stat_cd, gain_point, checker_seq, setle_yn, del_yn, creator_seq, cre_dt, updator_seq, upd_dt) values (PARSEDATETIME('2023/09/25 00:00:00', 'yyyy/MM/dd HH:mm:ss'), PARSEDATETIME('2023/09/25 23:59:59', 'yyyy/MM/dd HH:mm:ss'), 308,103,104,'2023/09/25 - 청소','확인자1','2023-09-25','2023-09-25','DONE',1000,102,'Y','N',100, now(), 100, now());  
insert into td_work(work_poss_begin_dt, work_poss_end_dt, work_seq, todo_seq, worker_seq, work_titl, work_cont, work_dt, confm_dt, work_stat_cd, gain_point, checker_seq, setle_yn, del_yn, creator_seq, cre_dt, updator_seq, upd_dt) values (PARSEDATETIME('2023/09/26 00:00:00', 'yyyy/MM/dd HH:mm:ss'), PARSEDATETIME('2023/09/26 23:59:59', 'yyyy/MM/dd HH:mm:ss'), 309,100,103,'2023/09/26 - 기상','66.street','2023-09-26','2023-09-26','DONE',1000,102,'Y','N',100, now(), 100, now()); 
insert into td_work(work_poss_begin_dt, work_poss_end_dt, work_seq, todo_seq, worker_seq, work_titl, work_cont, work_dt, confm_dt, work_stat_cd, gain_point, checker_seq, setle_yn, del_yn, creator_seq, cre_dt, updator_seq, upd_dt) values (PARSEDATETIME('2023/09/26 00:00:00', 'yyyy/MM/dd HH:mm:ss'), PARSEDATETIME('2023/09/26 23:59:59', 'yyyy/MM/dd HH:mm:ss'), 310,100,104,'2023/09/26 - 기상 ','67.side','2023-09-26','2023-09-26','DONE',1000,102,'Y','N',100, now(), 100, now());  
insert into td_work(work_poss_begin_dt, work_poss_end_dt, work_seq, todo_seq, worker_seq, work_titl, work_cont, work_dt, confm_dt, work_stat_cd, gain_point, checker_seq, setle_yn, del_yn, creator_seq, cre_dt, updator_seq, upd_dt) values (PARSEDATETIME('2023/09/26 00:00:00', 'yyyy/MM/dd HH:mm:ss'), PARSEDATETIME('2023/09/26 23:59:59', 'yyyy/MM/dd HH:mm:ss'), 311,101,103,'2023/09/26 - 취침 ','확인자1','2023-09-26','2023-09-26','DONE',1000,102,'Y','N',100, now(), 100, now()); 
insert into td_work(work_poss_begin_dt, work_poss_end_dt, work_seq, todo_seq, worker_seq, work_titl, work_cont, work_dt, confm_dt, work_stat_cd, gain_point, checker_seq, setle_yn, del_yn, creator_seq, cre_dt, updator_seq, upd_dt) values (PARSEDATETIME('2023/09/26 00:00:00', 'yyyy/MM/dd HH:mm:ss'), PARSEDATETIME('2023/09/26 23:59:59', 'yyyy/MM/dd HH:mm:ss'), 312,101,104,'2023/09/26 - 취침','확인자1','2023-09-26','2023-09-26','DONE',1000,102,'Y','N',100, now(), 100, now());  
insert into td_work(work_poss_begin_dt, work_poss_end_dt, work_seq, todo_seq, worker_seq, work_titl, work_cont, work_dt, confm_dt, work_stat_cd, gain_point, checker_seq, setle_yn, del_yn, creator_seq, cre_dt, updator_seq, upd_dt) values (PARSEDATETIME('2023/09/26 00:00:00', 'yyyy/MM/dd HH:mm:ss'), PARSEDATETIME('2023/09/26 23:59:59', 'yyyy/MM/dd HH:mm:ss'), 313,102,103,'2023/09/26 - 영어일기','Terry worked in a bank from 1996 to 2003.','2023-09-26','2023-09-26','DONE',1000,102,'Y','N',100, now(), 100, now()); 
insert into td_work(work_poss_begin_dt, work_poss_end_dt, work_seq, todo_seq, worker_seq, work_titl, work_cont, work_dt, confm_dt, work_stat_cd, gain_point, checker_seq, setle_yn, del_yn, creator_seq, cre_dt, updator_seq, upd_dt) values (PARSEDATETIME('2023/09/26 00:00:00', 'yyyy/MM/dd HH:mm:ss'), PARSEDATETIME('2023/09/26 23:59:59', 'yyyy/MM/dd HH:mm:ss'), 314,102,104,'2023/09/26 - 영어일기','Yesterday it rained all morning. It stopped at lunchtime.','2023-09-26','2023-09-26','DONE',1000,102,'Y','N',100, now(), 100, now()); 
insert into td_work(work_poss_begin_dt, work_poss_end_dt, work_seq, todo_seq, worker_seq, work_titl, work_cont, work_dt, confm_dt, work_stat_cd, gain_point, checker_seq, setle_yn, del_yn, creator_seq, cre_dt, updator_seq, upd_dt) values (PARSEDATETIME('2023/09/26 00:00:00', 'yyyy/MM/dd HH:mm:ss'), PARSEDATETIME('2023/09/26 23:59:59', 'yyyy/MM/dd HH:mm:ss'), 315,103,103,'2023/09/26 - 청소','확인자1','2023-09-26','2023-09-26','DONE',1000,102,'Y','N',100, now(), 100, now());  
insert into td_work(work_poss_begin_dt, work_poss_end_dt, work_seq, todo_seq, worker_seq, work_titl, work_cont, work_dt, confm_dt, work_stat_cd, gain_point, checker_seq, setle_yn, del_yn, creator_seq, cre_dt, updator_seq, upd_dt) values (PARSEDATETIME('2023/09/26 00:00:00', 'yyyy/MM/dd HH:mm:ss'), PARSEDATETIME('2023/09/26 23:59:59', 'yyyy/MM/dd HH:mm:ss'), 316,103,104,'2023/09/26 - 청소','확인자1','2023-09-26','2023-09-26','DONE',1000,102,'Y','N',100, now(), 100, now());  
insert into td_work(work_poss_begin_dt, work_poss_end_dt, work_seq, todo_seq, worker_seq, work_titl, work_cont, work_dt, confm_dt, work_stat_cd, gain_point, checker_seq, setle_yn, del_yn, creator_seq, cre_dt, updator_seq, upd_dt) values (PARSEDATETIME('2023/09/27 00:00:00', 'yyyy/MM/dd HH:mm:ss'), PARSEDATETIME('2023/09/27 23:59:59', 'yyyy/MM/dd HH:mm:ss'), 317,100,103,'2023/09/27 - 기상','68.paper','2023-09-27','2023-09-27','DONE',1000,102,'Y','N',100, now(), 100, now());  
insert into td_work(work_poss_begin_dt, work_poss_end_dt, work_seq, todo_seq, worker_seq, work_titl, work_cont, work_dt, confm_dt, work_stat_cd, gain_point, checker_seq, setle_yn, del_yn, creator_seq, cre_dt, updator_seq, upd_dt) values (PARSEDATETIME('2023/09/27 00:00:00', 'yyyy/MM/dd HH:mm:ss'), PARSEDATETIME('2023/09/27 23:59:59', 'yyyy/MM/dd HH:mm:ss'), 318,100,104,'2023/09/27 - 기상 ','69.newspaper','2023-09-27','2023-09-27','DONE',1000,102,'Y','N',100, now(), 100, now()); 
insert into td_work(work_poss_begin_dt, work_poss_end_dt, work_seq, todo_seq, worker_seq, work_titl, work_cont, work_dt, confm_dt, work_stat_cd, gain_point, checker_seq, setle_yn, del_yn, creator_seq, cre_dt, updator_seq, upd_dt) values (PARSEDATETIME('2023/09/27 00:00:00', 'yyyy/MM/dd HH:mm:ss'), PARSEDATETIME('2023/09/27 23:59:59', 'yyyy/MM/dd HH:mm:ss'), 319,101,103,'2023/09/27 - 취침 ','확인자1','2023-09-27','2023-09-27','DONE',1000,102,'Y','N',100, now(), 100, now()); 
insert into td_work(work_poss_begin_dt, work_poss_end_dt, work_seq, todo_seq, worker_seq, work_titl, work_cont, work_dt, confm_dt, work_stat_cd, gain_point, checker_seq, setle_yn, del_yn, creator_seq, cre_dt, updator_seq, upd_dt) values (PARSEDATETIME('2023/09/27 00:00:00', 'yyyy/MM/dd HH:mm:ss'), PARSEDATETIME('2023/09/27 23:59:59', 'yyyy/MM/dd HH:mm:ss'), 320,101,104,'2023/09/27 - 취침','확인자1','2023-09-27','2023-09-27','DONE',1000,102,'Y','N',100, now(), 100, now());  
insert into td_work(work_poss_begin_dt, work_poss_end_dt, work_seq, todo_seq, worker_seq, work_titl, work_cont, work_dt, confm_dt, work_stat_cd, gain_point, checker_seq, setle_yn, del_yn, creator_seq, cre_dt, updator_seq, upd_dt) values (PARSEDATETIME('2023/09/27 00:00:00', 'yyyy/MM/dd HH:mm:ss'), PARSEDATETIME('2023/09/27 23:59:59', 'yyyy/MM/dd HH:mm:ss'), 321,102,103,'2023/09/27 - 영어일기','Does she go out often?','2023-09-27','2023-09-27','DONE',1000,102,'Y','N',100, now(), 100, now());  
insert into td_work(work_poss_begin_dt, work_poss_end_dt, work_seq, todo_seq, worker_seq, work_titl, work_cont, work_dt, confm_dt, work_stat_cd, gain_point, checker_seq, setle_yn, del_yn, creator_seq, cre_dt, updator_seq, upd_dt) values (PARSEDATETIME('2023/09/27 00:00:00', 'yyyy/MM/dd HH:mm:ss'), PARSEDATETIME('2023/09/27 23:59:59', 'yyyy/MM/dd HH:mm:ss'), 322,102,104,'2023/09/27 - 영어일기','Did your parents have a good trip? / Yes, they did.','2023-09-27','2023-09-27','DONE',1000,102,'Y','N',100, now(), 100, now()); 
insert into td_work(work_poss_begin_dt, work_poss_end_dt, work_seq, todo_seq, worker_seq, work_titl, work_cont, work_dt, confm_dt, work_stat_cd, gain_point, checker_seq, setle_yn, del_yn, creator_seq, cre_dt, updator_seq, upd_dt) values (PARSEDATETIME('2023/09/27 00:00:00', 'yyyy/MM/dd HH:mm:ss'), PARSEDATETIME('2023/09/27 23:59:59', 'yyyy/MM/dd HH:mm:ss'), 323,103,103,'2023/09/27 - 청소','확인자1','2023-09-27','2023-09-27','DONE',1000,102,'Y','N',100, now(), 100, now());  
insert into td_work(work_poss_begin_dt, work_poss_end_dt, work_seq, todo_seq, worker_seq, work_titl, work_cont, work_dt, confm_dt, work_stat_cd, gain_point, checker_seq, setle_yn, del_yn, creator_seq, cre_dt, updator_seq, upd_dt) values (PARSEDATETIME('2023/09/27 00:00:00', 'yyyy/MM/dd HH:mm:ss'), PARSEDATETIME('2023/09/27 23:59:59', 'yyyy/MM/dd HH:mm:ss'), 324,103,104,'2023/09/27 - 청소','확인자1','2023-09-27','2023-09-27','DONE',1000,102,'Y','N',100, now(), 100, now());  
insert into td_work(work_poss_begin_dt, work_poss_end_dt, work_seq, todo_seq, worker_seq, work_titl, work_cont, work_dt, confm_dt, work_stat_cd, gain_point, checker_seq, setle_yn, del_yn, creator_seq, cre_dt, updator_seq, upd_dt) values (PARSEDATETIME('2023/09/28 00:00:00', 'yyyy/MM/dd HH:mm:ss'), PARSEDATETIME('2023/09/28 23:59:59', 'yyyy/MM/dd HH:mm:ss'), 325,100,103,'2023/09/28 - 기상','70.face','2023-09-28','2023-09-28','DONE',1000,102,'N','N',100, now(), 100, now()); 
insert into td_work(work_poss_begin_dt, work_poss_end_dt, work_seq, todo_seq, worker_seq, work_titl, work_cont, work_dt, confm_dt, work_stat_cd, gain_point, checker_seq, setle_yn, del_yn, creator_seq, cre_dt, updator_seq, upd_dt) values (PARSEDATETIME('2023/09/28 00:00:00', 'yyyy/MM/dd HH:mm:ss'), PARSEDATETIME('2023/09/28 23:59:59', 'yyyy/MM/dd HH:mm:ss'), 326,100,104,'2023/09/28 - 기상 ','71.mind','2023-09-28','2023-09-28','DONE',1000,102,'N','N',100, now(), 100, now());  
insert into td_work(work_poss_begin_dt, work_poss_end_dt, work_seq, todo_seq, worker_seq, work_titl, work_cont, work_dt, confm_dt, work_stat_cd, gain_point, checker_seq, setle_yn, del_yn, creator_seq, cre_dt, updator_seq, upd_dt) values (PARSEDATETIME('2023/09/28 00:00:00', 'yyyy/MM/dd HH:mm:ss'), PARSEDATETIME('2023/09/28 23:59:59', 'yyyy/MM/dd HH:mm:ss'), 327,101,103,'2023/09/28 - 취침 ','확인자1','2023-09-28','2023-09-28','DONE',1000,102,'N','N',100, now(), 100, now()); 
insert into td_work(work_poss_begin_dt, work_poss_end_dt, work_seq, todo_seq, worker_seq, work_titl, work_cont, work_dt, confm_dt, work_stat_cd, gain_point, checker_seq, setle_yn, del_yn, creator_seq, cre_dt, updator_seq, upd_dt) values (PARSEDATETIME('2023/09/28 00:00:00', 'yyyy/MM/dd HH:mm:ss'), PARSEDATETIME('2023/09/28 23:59:59', 'yyyy/MM/dd HH:mm:ss'), 328,101,104,'2023/09/28 - 취침','확인자1','2023-09-28','2023-09-28','DONE',1000,102,'N','N',100, now(), 100, now());  
insert into td_work(work_poss_begin_dt, work_poss_end_dt, work_seq, todo_seq, worker_seq, work_titl, work_cont, work_dt, confm_dt, work_stat_cd, gain_point, checker_seq, setle_yn, del_yn, creator_seq, cre_dt, updator_seq, upd_dt) values (PARSEDATETIME('2023/09/28 00:00:00', 'yyyy/MM/dd HH:mm:ss'), PARSEDATETIME('2023/09/28 23:59:59', 'yyyy/MM/dd HH:mm:ss'), 329,102,103,'2023/09/28 - 영어일기','We went to the movies, but we didn''t enjoy the film.','2023-09-28','2023-09-28','DONE',1000,102,'N','N',100, now(), 100, now()); 
insert into td_work(work_poss_begin_dt, work_poss_end_dt, work_seq, todo_seq, worker_seq, work_titl, work_cont, work_dt, confm_dt, work_stat_cd, gain_point, checker_seq, setle_yn, del_yn, creator_seq, cre_dt, updator_seq, upd_dt) values (PARSEDATETIME('2023/09/28 00:00:00', 'yyyy/MM/dd HH:mm:ss'), PARSEDATETIME('2023/09/28 23:59:59', 'yyyy/MM/dd HH:mm:ss'), 330,102,104,'2023/09/28 - 영어일기','Did it rain on Sunday? / Yes, it did.','2023-09-28','2023-09-28','DONE',1000,102,'N','N',100, now(), 100, now()); 
insert into td_work(work_poss_begin_dt, work_poss_end_dt, work_seq, todo_seq, worker_seq, work_titl, work_cont, work_dt, confm_dt, work_stat_cd, gain_point, checker_seq, setle_yn, del_yn, creator_seq, cre_dt, updator_seq, upd_dt) values (PARSEDATETIME('2023/09/28 00:00:00', 'yyyy/MM/dd HH:mm:ss'), PARSEDATETIME('2023/09/28 23:59:59', 'yyyy/MM/dd HH:mm:ss'), 331,103,103,'2023/09/28 - 청소','확인자1','2023-09-28','2023-09-28','DONE',1000,102,'N','N',100, now(), 100, now());  
insert into td_work(work_poss_begin_dt, work_poss_end_dt, work_seq, todo_seq, worker_seq, work_titl, work_cont, work_dt, confm_dt, work_stat_cd, gain_point, checker_seq, setle_yn, del_yn, creator_seq, cre_dt, updator_seq, upd_dt) values (PARSEDATETIME('2023/09/28 00:00:00', 'yyyy/MM/dd HH:mm:ss'), PARSEDATETIME('2023/09/28 23:59:59', 'yyyy/MM/dd HH:mm:ss'), 332,103,104,'2023/09/28 - 청소','확인자1','2023-09-28','2023-09-28','DONE',1000,102,'N','N',100, now(), 100, now());  
insert into td_work(work_poss_begin_dt, work_poss_end_dt, work_seq, todo_seq, worker_seq, work_titl, work_cont, work_dt, confm_dt, work_stat_cd, gain_point, checker_seq, setle_yn, del_yn, creator_seq, cre_dt, updator_seq, upd_dt) values (PARSEDATETIME('2023/09/29 00:00:00', 'yyyy/MM/dd HH:mm:ss'), PARSEDATETIME('2023/09/29 23:59:59', 'yyyy/MM/dd HH:mm:ss'), 333,100,103,'2023/09/29 - 기상','72.volunteer','2023-09-29','2023-09-29','DONE',1000,102,'N','N',100, now(), 100, now());  
insert into td_work(work_poss_begin_dt, work_poss_end_dt, work_seq, todo_seq, worker_seq, work_titl, work_cont, work_dt, confm_dt, work_stat_cd, gain_point, checker_seq, setle_yn, del_yn, creator_seq, cre_dt, updator_seq, upd_dt) values (PARSEDATETIME('2023/09/29 00:00:00', 'yyyy/MM/dd HH:mm:ss'), PARSEDATETIME('2023/09/29 23:59:59', 'yyyy/MM/dd HH:mm:ss'), 334,100,104,'2023/09/29 - 기상 ','73.change','2023-09-29','2023-09-29','DONE',1000,102,'N','N',100, now(), 100, now());  
insert into td_work(work_poss_begin_dt, work_poss_end_dt, work_seq, todo_seq, worker_seq, work_titl, work_cont, work_dt, confm_dt, work_stat_cd, gain_point, checker_seq, setle_yn, del_yn, creator_seq, cre_dt, updator_seq, upd_dt) values (PARSEDATETIME('2023/09/29 00:00:00', 'yyyy/MM/dd HH:mm:ss'), PARSEDATETIME('2023/09/29 23:59:59', 'yyyy/MM/dd HH:mm:ss'), 335,101,103,'2023/09/29 - 취침 ','확인자1','2023-09-29','2023-09-29','DONE',1000,102,'N','N',100, now(), 100, now()); 
insert into td_work(work_poss_begin_dt, work_poss_end_dt, work_seq, todo_seq, worker_seq, work_titl, work_cont, work_dt, confm_dt, work_stat_cd, gain_point, checker_seq, setle_yn, del_yn, creator_seq, cre_dt, updator_seq, upd_dt) values (PARSEDATETIME('2023/09/29 00:00:00', 'yyyy/MM/dd HH:mm:ss'), PARSEDATETIME('2023/09/29 23:59:59', 'yyyy/MM/dd HH:mm:ss'), 336,101,104,'2023/09/29 - 취침','확인자1','2023-09-29','2023-09-29','DONE',1000,102,'N','N',100, now(), 100, now());  
insert into td_work(work_poss_begin_dt, work_poss_end_dt, work_seq, todo_seq, worker_seq, work_titl, work_cont, work_dt, confm_dt, work_stat_cd, gain_point, checker_seq, setle_yn, del_yn, creator_seq, cre_dt, updator_seq, upd_dt) values (PARSEDATETIME('2023/09/29 00:00:00', 'yyyy/MM/dd HH:mm:ss'), PARSEDATETIME('2023/09/29 23:59:59', 'yyyy/MM/dd HH:mm:ss'), 337,102,103,'2023/09/29 - 영어일기','What did he say? / I don''t know. I wasn''t listening.','2023-09-29','2023-09-29','DONE',1000,102,'N','N',100, now(), 100, now());  
insert into td_work(work_poss_begin_dt, work_poss_end_dt, work_seq, todo_seq, worker_seq, work_titl, work_cont, work_dt, confm_dt, work_stat_cd, gain_point, checker_seq, setle_yn, del_yn, creator_seq, cre_dt, updator_seq, upd_dt) values (PARSEDATETIME('2023/09/29 00:00:00', 'yyyy/MM/dd HH:mm:ss'), PARSEDATETIME('2023/09/29 23:59:59', 'yyyy/MM/dd HH:mm:ss'), 338,102,104,'2023/09/29 - 영어일기','It was raining, so we didn''t go out.','2023-09-29','2023-09-29','DONE',1000,102,'N','N',100, now(), 100, now()); 
insert into td_work(work_poss_begin_dt, work_poss_end_dt, work_seq, todo_seq, worker_seq, work_titl, work_cont, work_dt, confm_dt, work_stat_cd, gain_point, checker_seq, setle_yn, del_yn, creator_seq, cre_dt, updator_seq, upd_dt) values (PARSEDATETIME('2023/09/29 00:00:00', 'yyyy/MM/dd HH:mm:ss'), PARSEDATETIME('2023/09/29 23:59:59', 'yyyy/MM/dd HH:mm:ss'), 339,103,103,'2023/09/29 - 청소','확인자1','2023-09-29','2023-09-29','DONE',1000,102,'N','N',100, now(), 100, now());  
insert into td_work(work_poss_begin_dt, work_poss_end_dt, work_seq, todo_seq, worker_seq, work_titl, work_cont, work_dt, confm_dt, work_stat_cd, gain_point, checker_seq, setle_yn, del_yn, creator_seq, cre_dt, updator_seq, upd_dt) values (PARSEDATETIME('2023/09/29 00:00:00', 'yyyy/MM/dd HH:mm:ss'), PARSEDATETIME('2023/09/29 23:59:59', 'yyyy/MM/dd HH:mm:ss'), 340,103,104,'2023/09/29 - 청소','확인자1','2023-09-29','2023-09-29','DONE',1000,102,'N','N',100, now(), 100, now());  
insert into td_work(work_poss_begin_dt, work_poss_end_dt, work_seq, todo_seq, worker_seq, work_titl, work_cont, work_dt, confm_dt, work_stat_cd, gain_point, checker_seq, setle_yn, del_yn, creator_seq, cre_dt, updator_seq, upd_dt) values (PARSEDATETIME('2023/09/30 00:00:00', 'yyyy/MM/dd HH:mm:ss'), PARSEDATETIME('2023/09/30 23:59:59', 'yyyy/MM/dd HH:mm:ss'), 341,100,103,'2023/09/30 - 기상','74.visit','2023-09-30','2023-09-30','DONE',1000,102,'N','N',100, now(), 100, now());  
insert into td_work(work_poss_begin_dt, work_poss_end_dt, work_seq, todo_seq, worker_seq, work_titl, work_cont, work_dt, confm_dt, work_stat_cd, gain_point, checker_seq, setle_yn, del_yn, creator_seq, cre_dt, updator_seq, upd_dt) values (PARSEDATETIME('2023/09/30 00:00:00', 'yyyy/MM/dd HH:mm:ss'), PARSEDATETIME('2023/09/30 23:59:59', 'yyyy/MM/dd HH:mm:ss'), 342,100,104,'2023/09/30 - 기상 ','75.start','2023-09-30','2023-09-30','DONE',1000,102,'N','N',100, now(), 100, now()); 
insert into td_work(work_poss_begin_dt, work_poss_end_dt, work_seq, todo_seq, worker_seq, work_titl, work_cont, work_dt, confm_dt, work_stat_cd, gain_point, checker_seq, setle_yn, del_yn, creator_seq, cre_dt, updator_seq, upd_dt) values (PARSEDATETIME('2023/09/30 00:00:00', 'yyyy/MM/dd HH:mm:ss'), PARSEDATETIME('2023/09/30 23:59:59', 'yyyy/MM/dd HH:mm:ss'), 343,101,103,'2023/09/30 - 취침 ','확인자1','2023-09-30','2023-09-30','DONE',1000,102,'N','N',100, now(), 100, now()); 
insert into td_work(work_poss_begin_dt, work_poss_end_dt, work_seq, todo_seq, worker_seq, work_titl, work_cont, work_dt, confm_dt, work_stat_cd, gain_point, checker_seq, setle_yn, del_yn, creator_seq, cre_dt, updator_seq, upd_dt) values (PARSEDATETIME('2023/09/30 00:00:00', 'yyyy/MM/dd HH:mm:ss'), PARSEDATETIME('2023/09/30 23:59:59', 'yyyy/MM/dd HH:mm:ss'), 344,101,104,'2023/09/30 - 취침','확인자1','2023-09-30','2023-09-30','DONE',1000,102,'N','N',100, now(), 100, now());  
insert into td_work(work_poss_begin_dt, work_poss_end_dt, work_seq, todo_seq, worker_seq, work_titl, work_cont, work_dt, confm_dt, work_stat_cd, gain_point, checker_seq, setle_yn, del_yn, creator_seq, cre_dt, updator_seq, upd_dt) values (PARSEDATETIME('2023/09/30 00:00:00', 'yyyy/MM/dd HH:mm:ss'), PARSEDATETIME('2023/09/30 23:59:59', 'yyyy/MM/dd HH:mm:ss'), 345,102,103,'2023/09/30 - 영어일기','in 2001 we were living in japan.','2023-09-30','2023-09-30','DONE',1000,102,'N','N',100, now(), 100, now());  
insert into td_work(work_poss_begin_dt, work_poss_end_dt, work_seq, todo_seq, worker_seq, work_titl, work_cont, work_dt, confm_dt, work_stat_cd, gain_point, checker_seq, setle_yn, del_yn, creator_seq, cre_dt, updator_seq, upd_dt) values (PARSEDATETIME('2023/09/30 00:00:00', 'yyyy/MM/dd HH:mm:ss'), PARSEDATETIME('2023/09/30 23:59:59', 'yyyy/MM/dd HH:mm:ss'), 346,102,104,'2023/09/30 - 영어일기','The sun was shining, and the birds were singing.','2023-09-30','2023-09-30','DONE',1000,102,'N','N',100, now(), 100, now());  
insert into td_work(work_poss_begin_dt, work_poss_end_dt, work_seq, todo_seq, worker_seq, work_titl, work_cont, work_dt, confm_dt, work_stat_cd, gain_point, checker_seq, setle_yn, del_yn, creator_seq, cre_dt, updator_seq, upd_dt) values (PARSEDATETIME('2023/09/30 00:00:00', 'yyyy/MM/dd HH:mm:ss'), PARSEDATETIME('2023/09/30 23:59:59', 'yyyy/MM/dd HH:mm:ss'), 347,103,103,'2023/09/30 - 청소','확인자1','2023-09-30','2023-09-30','DONE',1000,102,'N','N',100, now(), 100, now());  
insert into td_work(work_poss_begin_dt, work_poss_end_dt, work_seq, todo_seq, worker_seq, work_titl, work_cont, work_dt, confm_dt, work_stat_cd, gain_point, checker_seq, setle_yn, del_yn, creator_seq, cre_dt, updator_seq, upd_dt) values (PARSEDATETIME('2023/09/30 00:00:00', 'yyyy/MM/dd HH:mm:ss'), PARSEDATETIME('2023/09/30 23:59:59', 'yyyy/MM/dd HH:mm:ss'), 348,103,104,'2023/09/30 - 청소','확인자1','2023-09-30','2023-09-30','DONE',1000,102,'N','N',100, now(), 100, now());  
insert into td_work(work_poss_begin_dt, work_poss_end_dt, work_seq, todo_seq, worker_seq, work_titl, work_cont, work_dt, confm_dt, work_stat_cd, gain_point, checker_seq, setle_yn, del_yn, creator_seq, cre_dt, updator_seq, upd_dt) values (PARSEDATETIME('2023/09/30 00:00:00', 'yyyy/MM/dd HH:mm:ss'), PARSEDATETIME('2023/09/30 23:59:59', 'yyyy/MM/dd HH:mm:ss'), 349,104,103,'2023/09/30 - 운동','하늘공원 산책','2023-09-30','2023-09-30','DONE',1000,102,'N','N',100, now(), 100, now()); 
insert into td_work(work_poss_begin_dt, work_poss_end_dt, work_seq, todo_seq, worker_seq, work_titl, work_cont, work_dt, confm_dt, work_stat_cd, gain_point, checker_seq, setle_yn, del_yn, creator_seq, cre_dt, updator_seq, upd_dt) values (PARSEDATETIME('2023/09/30 00:00:00', 'yyyy/MM/dd HH:mm:ss'), PARSEDATETIME('2023/09/30 23:59:59', 'yyyy/MM/dd HH:mm:ss'), 350,104,104,'2023/09/30 - 운동','하늘공원 산책','2023-09-30','2023-09-30','DONE',1000,102,'N','N',100, now(), 100, now()); 
insert into td_work(work_poss_begin_dt, work_poss_end_dt, work_seq, todo_seq, worker_seq, work_titl, work_cont, work_dt, confm_dt, work_stat_cd, gain_point, checker_seq, setle_yn, del_yn, creator_seq, cre_dt, updator_seq, upd_dt) values (PARSEDATETIME('2023/10/01 00:00:00', 'yyyy/MM/dd HH:mm:ss'), PARSEDATETIME('2023/10/01 23:59:59', 'yyyy/MM/dd HH:mm:ss'), 351,100,103,'2023/10/01 - 기상','76.watch','2023-10-01','2023-10-01','DONE',1000,102,'N','N',100, now(), 100, now());  
insert into td_work(work_poss_begin_dt, work_poss_end_dt, work_seq, todo_seq, worker_seq, work_titl, work_cont, work_dt, confm_dt, work_stat_cd, gain_point, checker_seq, setle_yn, del_yn, creator_seq, cre_dt, updator_seq, upd_dt) values (PARSEDATETIME('2023/10/01 00:00:00', 'yyyy/MM/dd HH:mm:ss'), PARSEDATETIME('2023/10/01 23:59:59', 'yyyy/MM/dd HH:mm:ss'), 352,100,104,'2023/10/01 - 기상 ','77.light','2023-10-01','2023-10-01','DONE',1000,102,'N','N',100, now(), 100, now()); 
insert into td_work(work_poss_begin_dt, work_poss_end_dt, work_seq, todo_seq, worker_seq, work_titl, work_cont, work_dt, confm_dt, work_stat_cd, gain_point, checker_seq, setle_yn, del_yn, creator_seq, cre_dt, updator_seq, upd_dt) values (PARSEDATETIME('2023/10/01 00:00:00', 'yyyy/MM/dd HH:mm:ss'), PARSEDATETIME('2023/10/01 23:59:59', 'yyyy/MM/dd HH:mm:ss'), 353,101,103,'2023/10/01 - 취침 ','확인자1','2023-10-01','2023-10-01','DONE',1000,102,'N','N',100, now(), 100, now()); 
insert into td_work(work_poss_begin_dt, work_poss_end_dt, work_seq, todo_seq, worker_seq, work_titl, work_cont, work_dt, confm_dt, work_stat_cd, gain_point, checker_seq, setle_yn, del_yn, creator_seq, cre_dt, updator_seq, upd_dt) values (PARSEDATETIME('2023/10/01 00:00:00', 'yyyy/MM/dd HH:mm:ss'), PARSEDATETIME('2023/10/01 23:59:59', 'yyyy/MM/dd HH:mm:ss'), 354,101,104,'2023/10/01 - 취침','확인자1','2023-10-01','2023-10-01','DONE',1000,102,'N','N',100, now(), 100, now());  
insert into td_work(work_poss_begin_dt, work_poss_end_dt, work_seq, todo_seq, worker_seq, work_titl, work_cont, work_dt, confm_dt, work_stat_cd, gain_point, checker_seq, setle_yn, del_yn, creator_seq, cre_dt, updator_seq, upd_dt) values (PARSEDATETIME('2023/10/01 00:00:00', 'yyyy/MM/dd HH:mm:ss'), PARSEDATETIME('2023/10/01 23:59:59', 'yyyy/MM/dd HH:mm:ss'), 355,102,103,'2023/10/01 - 영어일기','Were you watching television when I called you?','2023-10-01','2023-10-01','DONE',1000,102,'N','N',100, now(), 100, now()); 
insert into td_work(work_poss_begin_dt, work_poss_end_dt, work_seq, todo_seq, worker_seq, work_titl, work_cont, work_dt, confm_dt, work_stat_cd, gain_point, checker_seq, setle_yn, del_yn, creator_seq, cre_dt, updator_seq, upd_dt) values (PARSEDATETIME('2023/10/01 00:00:00', 'yyyy/MM/dd HH:mm:ss'), PARSEDATETIME('2023/10/01 23:59:59', 'yyyy/MM/dd HH:mm:ss'), 356,102,104,'2023/10/01 - 영어일기','It didn''t rain while we were on vacation.','2023-10-01','2023-10-01','DONE',1000,102,'N','N',100, now(), 100, now());  
insert into td_work(work_poss_begin_dt, work_poss_end_dt, work_seq, todo_seq, worker_seq, work_titl, work_cont, work_dt, confm_dt, work_stat_cd, gain_point, checker_seq, setle_yn, del_yn, creator_seq, cre_dt, updator_seq, upd_dt) values (PARSEDATETIME('2023/10/01 00:00:00', 'yyyy/MM/dd HH:mm:ss'), PARSEDATETIME('2023/10/01 23:59:59', 'yyyy/MM/dd HH:mm:ss'), 357,103,103,'2023/10/01 - 청소','확인자1','2023-10-01','2023-10-01','DONE',1000,102,'N','N',100, now(), 100, now());  
insert into td_work(work_poss_begin_dt, work_poss_end_dt, work_seq, todo_seq, worker_seq, work_titl, work_cont, work_dt, confm_dt, work_stat_cd, gain_point, checker_seq, setle_yn, del_yn, creator_seq, cre_dt, updator_seq, upd_dt) values (PARSEDATETIME('2023/10/01 00:00:00', 'yyyy/MM/dd HH:mm:ss'), PARSEDATETIME('2023/10/01 23:59:59', 'yyyy/MM/dd HH:mm:ss'), 358,103,104,'2023/10/01 - 청소','확인자1','2023-10-01','2023-10-01','DONE',1000,102,'N','N',100, now(), 100, now());  
insert into td_work(work_poss_begin_dt, work_poss_end_dt, work_seq, todo_seq, worker_seq, work_titl, work_cont, work_dt, confm_dt, work_stat_cd, gain_point, checker_seq, setle_yn, del_yn, creator_seq, cre_dt, updator_seq, upd_dt) values (PARSEDATETIME('2023/10/02 00:00:00', 'yyyy/MM/dd HH:mm:ss'), PARSEDATETIME('2023/10/02 23:59:59', 'yyyy/MM/dd HH:mm:ss'), 359,100,103,'2023/10/02 - 기상','78.present','2023-10-02','2023-10-02','DONE',1000,102,'N','N',100, now(), 100, now());  
insert into td_work(work_poss_begin_dt, work_poss_end_dt, work_seq, todo_seq, worker_seq, work_titl, work_cont, work_dt, confm_dt, work_stat_cd, gain_point, checker_seq, setle_yn, del_yn, creator_seq, cre_dt, updator_seq, upd_dt) values (PARSEDATETIME('2023/10/02 00:00:00', 'yyyy/MM/dd HH:mm:ss'), PARSEDATETIME('2023/10/02 23:59:59', 'yyyy/MM/dd HH:mm:ss'), 360,100,104,'2023/10/02 - 기상 ','79.favorite','2023-10-02','2023-10-02','DONE',1000,102,'N','N',100, now(), 100, now());  
insert into td_work(work_poss_begin_dt, work_poss_end_dt, work_seq, todo_seq, worker_seq, work_titl, work_cont, work_dt, confm_dt, work_stat_cd, gain_point, checker_seq, setle_yn, del_yn, creator_seq, cre_dt, updator_seq, upd_dt) values (PARSEDATETIME('2023/10/02 00:00:00', 'yyyy/MM/dd HH:mm:ss'), PARSEDATETIME('2023/10/02 23:59:59', 'yyyy/MM/dd HH:mm:ss'), 361,101,103,'2023/10/02 - 취침 ','확인자1','2023-10-02','2023-10-02','DONE',1000,102,'N','N',100, now(), 100, now()); 
insert into td_work(work_poss_begin_dt, work_poss_end_dt, work_seq, todo_seq, worker_seq, work_titl, work_cont, work_dt, confm_dt, work_stat_cd, gain_point, checker_seq, setle_yn, del_yn, creator_seq, cre_dt, updator_seq, upd_dt) values (PARSEDATETIME('2023/10/02 00:00:00', 'yyyy/MM/dd HH:mm:ss'), PARSEDATETIME('2023/10/02 23:59:59', 'yyyy/MM/dd HH:mm:ss'), 362,101,104,'2023/10/02 - 취침','확인자1','2023-10-02','2023-10-02','DONE',1000,102,'N','N',100, now(), 100, now());  
insert into td_work(work_poss_begin_dt, work_poss_end_dt, work_seq, todo_seq, worker_seq, work_titl, work_cont, work_dt, confm_dt, work_stat_cd, gain_point, checker_seq, setle_yn, del_yn, creator_seq, cre_dt, updator_seq, upd_dt) values (PARSEDATETIME('2023/10/02 00:00:00', 'yyyy/MM/dd HH:mm:ss'), PARSEDATETIME('2023/10/02 23:59:59', 'yyyy/MM/dd HH:mm:ss'), 363,102,103,'2023/10/02 - 영어일기','It wasn''t raining when I got up.','2023-10-02','2023-10-02','DONE',1000,102,'N','N',100, now(), 100, now()); 
insert into td_work(work_poss_begin_dt, work_poss_end_dt, work_seq, todo_seq, worker_seq, work_titl, work_cont, work_dt, confm_dt, work_stat_cd, gain_point, checker_seq, setle_yn, del_yn, creator_seq, cre_dt, updator_seq, upd_dt) values (PARSEDATETIME('2023/10/02 00:00:00', 'yyyy/MM/dd HH:mm:ss'), PARSEDATETIME('2023/10/02 23:59:59', 'yyyy/MM/dd HH:mm:ss'), 364,102,104,'2023/10/02 - 영어일기','Kelly fell asleep while she was reading.','2023-10-02','2023-10-02','DONE',1000,102,'N','N',100, now(), 100, now());  
insert into td_work(work_poss_begin_dt, work_poss_end_dt, work_seq, todo_seq, worker_seq, work_titl, work_cont, work_dt, confm_dt, work_stat_cd, gain_point, checker_seq, setle_yn, del_yn, creator_seq, cre_dt, updator_seq, upd_dt) values (PARSEDATETIME('2023/10/02 00:00:00', 'yyyy/MM/dd HH:mm:ss'), PARSEDATETIME('2023/10/02 23:59:59', 'yyyy/MM/dd HH:mm:ss'), 365,103,103,'2023/10/02 - 청소','확인자1','2023-10-02','2023-10-02','DONE',1000,102,'N','N',100, now(), 100, now());  
insert into td_work(work_poss_begin_dt, work_poss_end_dt, work_seq, todo_seq, worker_seq, work_titl, work_cont, work_dt, confm_dt, work_stat_cd, gain_point, checker_seq, setle_yn, del_yn, creator_seq, cre_dt, updator_seq, upd_dt) values (PARSEDATETIME('2023/10/02 00:00:00', 'yyyy/MM/dd HH:mm:ss'), PARSEDATETIME('2023/10/02 23:59:59', 'yyyy/MM/dd HH:mm:ss'), 366,103,104,'2023/10/02 - 청소','확인자1','2023-10-02','2023-10-02','DONE',1000,102,'N','N',100, now(), 100, now());  


