insert into td_quiz_work_use(quiz_seq,work_seq,user_seq,del_yn,creator_seq,cre_dt,updator_seq,upd_dt)values(10,100,103,'N',100,now(),100,now());
insert into td_quiz_work_use(quiz_seq,work_seq,user_seq,del_yn,creator_seq,cre_dt,updator_seq,upd_dt)values(11,101,104,'N',100,now(),100,now());
insert into td_quiz_work_use(quiz_seq,work_seq,user_seq,del_yn,creator_seq,cre_dt,updator_seq,upd_dt)values(12,108,103,'N',100,now(),100,now());
insert into td_quiz_work_use(quiz_seq,work_seq,user_seq,del_yn,creator_seq,cre_dt,updator_seq,upd_dt)values(13,109,104,'N',100,now(),100,now());
insert into td_quiz_work_use(quiz_seq,work_seq,user_seq,del_yn,creator_seq,cre_dt,updator_seq,upd_dt)values(14,118,103,'N',100,now(),100,now());
insert into td_quiz_work_use(quiz_seq,work_seq,user_seq,del_yn,creator_seq,cre_dt,updator_seq,upd_dt)values(15,119,104,'N',100,now(),100,now());
insert into td_quiz_work_use(quiz_seq,work_seq,user_seq,del_yn,creator_seq,cre_dt,updator_seq,upd_dt)values(16,127,103,'N',100,now(),100,now());
insert into td_quiz_work_use(quiz_seq,work_seq,user_seq,del_yn,creator_seq,cre_dt,updator_seq,upd_dt)values(17,128,104,'N',100,now(),100,now());
insert into td_quiz_work_use(quiz_seq,work_seq,user_seq,del_yn,creator_seq,cre_dt,updator_seq,upd_dt)values(18,135,103,'N',100,now(),100,now());
insert into td_quiz_work_use(quiz_seq,work_seq,user_seq,del_yn,creator_seq,cre_dt,updator_seq,upd_dt)values(19,136,104,'N',100,now(),100,now());
insert into td_quiz_work_use(quiz_seq,work_seq,user_seq,del_yn,creator_seq,cre_dt,updator_seq,upd_dt)values(20,143,103,'N',100,now(),100,now());
insert into td_quiz_work_use(quiz_seq,work_seq,user_seq,del_yn,creator_seq,cre_dt,updator_seq,upd_dt)values(21,144,104,'N',100,now(),100,now());
insert into td_quiz_work_use(quiz_seq,work_seq,user_seq,del_yn,creator_seq,cre_dt,updator_seq,upd_dt)values(24,151,103,'N',100,now(),100,now());
insert into td_quiz_work_use(quiz_seq,work_seq,user_seq,del_yn,creator_seq,cre_dt,updator_seq,upd_dt)values(25,152,104,'N',100,now(),100,now());
insert into td_quiz_work_use(quiz_seq,work_seq,user_seq,del_yn,creator_seq,cre_dt,updator_seq,upd_dt)values(26,159,103,'N',100,now(),100,now());
insert into td_quiz_work_use(quiz_seq,work_seq,user_seq,del_yn,creator_seq,cre_dt,updator_seq,upd_dt)values(27,160,104,'N',100,now(),100,now());
insert into td_quiz_work_use(quiz_seq,work_seq,user_seq,del_yn,creator_seq,cre_dt,updator_seq,upd_dt)values(30,167,103,'N',100,now(),100,now());
insert into td_quiz_work_use(quiz_seq,work_seq,user_seq,del_yn,creator_seq,cre_dt,updator_seq,upd_dt)values(31,168,104,'N',100,now(),100,now());
insert into td_quiz_work_use(quiz_seq,work_seq,user_seq,del_yn,creator_seq,cre_dt,updator_seq,upd_dt)values(32,175,103,'N',100,now(),100,now());
insert into td_quiz_work_use(quiz_seq,work_seq,user_seq,del_yn,creator_seq,cre_dt,updator_seq,upd_dt)values(33,176,104,'N',100,now(),100,now());
insert into td_quiz_work_use(quiz_seq,work_seq,user_seq,del_yn,creator_seq,cre_dt,updator_seq,upd_dt)values(36,183,103,'N',100,now(),100,now());
insert into td_quiz_work_use(quiz_seq,work_seq,user_seq,del_yn,creator_seq,cre_dt,updator_seq,upd_dt)values(37,184,104,'N',100,now(),100,now());
insert into td_quiz_work_use(quiz_seq,work_seq,user_seq,del_yn,creator_seq,cre_dt,updator_seq,upd_dt)values(38,191,103,'N',100,now(),100,now());
insert into td_quiz_work_use(quiz_seq,work_seq,user_seq,del_yn,creator_seq,cre_dt,updator_seq,upd_dt)values(39,192,104,'N',100,now(),100,now());
insert into td_quiz_work_use(quiz_seq,work_seq,user_seq,del_yn,creator_seq,cre_dt,updator_seq,upd_dt)values(42,199,103,'N',100,now(),100,now());
insert into td_quiz_work_use(quiz_seq,work_seq,user_seq,del_yn,creator_seq,cre_dt,updator_seq,upd_dt)values(43,200,104,'N',100,now(),100,now());
insert into td_quiz_work_use(quiz_seq,work_seq,user_seq,del_yn,creator_seq,cre_dt,updator_seq,upd_dt)values(40,207,103,'N',100,now(),100,now());
insert into td_quiz_work_use(quiz_seq,work_seq,user_seq,del_yn,creator_seq,cre_dt,updator_seq,upd_dt)values(41,208,104,'N',100,now(),100,now());
insert into td_quiz_work_use(quiz_seq,work_seq,user_seq,del_yn,creator_seq,cre_dt,updator_seq,upd_dt)values(34,215,103,'N',100,now(),100,now());
insert into td_quiz_work_use(quiz_seq,work_seq,user_seq,del_yn,creator_seq,cre_dt,updator_seq,upd_dt)values(35,216,104,'N',100,now(),100,now());
insert into td_quiz_work_use(quiz_seq,work_seq,user_seq,del_yn,creator_seq,cre_dt,updator_seq,upd_dt)values(28,226,103,'N',100,now(),100,now());
insert into td_quiz_work_use(quiz_seq,work_seq,user_seq,del_yn,creator_seq,cre_dt,updator_seq,upd_dt)values(29,227,104,'N',100,now(),100,now());
insert into td_quiz_work_use(quiz_seq,work_seq,user_seq,del_yn,creator_seq,cre_dt,updator_seq,upd_dt)values(22,234,103,'N',100,now(),100,now());
insert into td_quiz_work_use(quiz_seq,work_seq,user_seq,del_yn,creator_seq,cre_dt,updator_seq,upd_dt)values(23,235,104,'N',100,now(),100,now());
insert into td_quiz_work_use(quiz_seq,work_seq,user_seq,del_yn,creator_seq,cre_dt,updator_seq,upd_dt)values(46,243,103,'N',100,now(),100,now());
insert into td_quiz_work_use(quiz_seq,work_seq,user_seq,del_yn,creator_seq,cre_dt,updator_seq,upd_dt)values(47,244,104,'N',100,now(),100,now());
insert into td_quiz_work_use(quiz_seq,work_seq,user_seq,del_yn,creator_seq,cre_dt,updator_seq,upd_dt)values(48,251,103,'N',100,now(),100,now());
insert into td_quiz_work_use(quiz_seq,work_seq,user_seq,del_yn,creator_seq,cre_dt,updator_seq,upd_dt)values(49,252,104,'N',100,now(),100,now());
insert into td_quiz_work_use(quiz_seq,work_seq,user_seq,del_yn,creator_seq,cre_dt,updator_seq,upd_dt)values(50,259,103,'N',100,now(),100,now());
insert into td_quiz_work_use(quiz_seq,work_seq,user_seq,del_yn,creator_seq,cre_dt,updator_seq,upd_dt)values(51,260,104,'N',100,now(),100,now());
insert into td_quiz_work_use(quiz_seq,work_seq,user_seq,del_yn,creator_seq,cre_dt,updator_seq,upd_dt)values(55,267,103,'N',100,now(),100,now());
insert into td_quiz_work_use(quiz_seq,work_seq,user_seq,del_yn,creator_seq,cre_dt,updator_seq,upd_dt)values(56,268,104,'N',100,now(),100,now());
insert into td_quiz_work_use(quiz_seq,work_seq,user_seq,del_yn,creator_seq,cre_dt,updator_seq,upd_dt)values(57,277,103,'N',100,now(),100,now());
insert into td_quiz_work_use(quiz_seq,work_seq,user_seq,del_yn,creator_seq,cre_dt,updator_seq,upd_dt)values(58,278,104,'N',100,now(),100,now());
insert into td_quiz_work_use(quiz_seq,work_seq,user_seq,del_yn,creator_seq,cre_dt,updator_seq,upd_dt)values(60,285,103,'N',100,now(),100,now());
insert into td_quiz_work_use(quiz_seq,work_seq,user_seq,del_yn,creator_seq,cre_dt,updator_seq,upd_dt)values(61,286,104,'N',100,now(),100,now());
insert into td_quiz_work_use(quiz_seq,work_seq,user_seq,del_yn,creator_seq,cre_dt,updator_seq,upd_dt)values(62,293,103,'N',100,now(),100,now());
insert into td_quiz_work_use(quiz_seq,work_seq,user_seq,del_yn,creator_seq,cre_dt,updator_seq,upd_dt)values(63,294,104,'N',100,now(),100,now());
insert into td_quiz_work_use(quiz_seq,work_seq,user_seq,del_yn,creator_seq,cre_dt,updator_seq,upd_dt)values(64,301,103,'N',100,now(),100,now());
insert into td_quiz_work_use(quiz_seq,work_seq,user_seq,del_yn,creator_seq,cre_dt,updator_seq,upd_dt)values(65,302,104,'N',100,now(),100,now());
insert into td_quiz_work_use(quiz_seq,work_seq,user_seq,del_yn,creator_seq,cre_dt,updator_seq,upd_dt)values(66,309,103,'N',100,now(),100,now());
insert into td_quiz_work_use(quiz_seq,work_seq,user_seq,del_yn,creator_seq,cre_dt,updator_seq,upd_dt)values(67,310,104,'N',100,now(),100,now());
insert into td_quiz_work_use(quiz_seq,work_seq,user_seq,del_yn,creator_seq,cre_dt,updator_seq,upd_dt)values(68,317,103,'N',100,now(),100,now());
insert into td_quiz_work_use(quiz_seq,work_seq,user_seq,del_yn,creator_seq,cre_dt,updator_seq,upd_dt)values(69,318,104,'N',100,now(),100,now());
insert into td_quiz_work_use(quiz_seq,work_seq,user_seq,del_yn,creator_seq,cre_dt,updator_seq,upd_dt)values(70,325,103,'N',100,now(),100,now());
insert into td_quiz_work_use(quiz_seq,work_seq,user_seq,del_yn,creator_seq,cre_dt,updator_seq,upd_dt)values(71,326,104,'N',100,now(),100,now());
insert into td_quiz_work_use(quiz_seq,work_seq,user_seq,del_yn,creator_seq,cre_dt,updator_seq,upd_dt)values(72,333,103,'N',100,now(),100,now());
insert into td_quiz_work_use(quiz_seq,work_seq,user_seq,del_yn,creator_seq,cre_dt,updator_seq,upd_dt)values(73,334,104,'N',100,now(),100,now());
insert into td_quiz_work_use(quiz_seq,work_seq,user_seq,del_yn,creator_seq,cre_dt,updator_seq,upd_dt)values(74,341,103,'N',100,now(),100,now());
insert into td_quiz_work_use(quiz_seq,work_seq,user_seq,del_yn,creator_seq,cre_dt,updator_seq,upd_dt)values(75,342,104,'N',100,now(),100,now());
insert into td_quiz_work_use(quiz_seq,work_seq,user_seq,del_yn,creator_seq,cre_dt,updator_seq,upd_dt)values(76,351,103,'N',100,now(),100,now());
insert into td_quiz_work_use(quiz_seq,work_seq,user_seq,del_yn,creator_seq,cre_dt,updator_seq,upd_dt)values(77,352,104,'N',100,now(),100,now());
insert into td_quiz_work_use(quiz_seq,work_seq,user_seq,del_yn,creator_seq,cre_dt,updator_seq,upd_dt)values(78,359,103,'N',100,now(),100,now());
insert into td_quiz_work_use(quiz_seq,work_seq,user_seq,del_yn,creator_seq,cre_dt,updator_seq,upd_dt)values(79,360,104,'N',100,now(),100,now());

insert into td_setle(setle_seq, worker_seq, acount_seq, setle_desc, total_setle_point, accumult_point, setle_dt, del_yn, creator_seq, cre_dt, updator_seq, upd_dt) values (100,103,102,'정기 정산',19000, 19000,'2023-09-07','N',100,now(),100,now());
insert into td_setle(setle_seq, worker_seq, acount_seq, setle_desc, total_setle_point, accumult_point, setle_dt, del_yn, creator_seq, cre_dt, updator_seq, upd_dt) values (101,104,102,'정기 정산',17000, 17000, '2023-09-07','N',100,now(),100,now());
insert into td_setle(setle_seq, worker_seq, acount_seq, setle_desc, total_setle_point, accumult_point, setle_dt, del_yn, creator_seq, cre_dt, updator_seq, upd_dt) values (102,103,102,'정기 정산',26000, 45000,'2023-09-14','N',100,now(),100,now());
insert into td_setle(setle_seq, worker_seq, acount_seq, setle_desc, total_setle_point, accumult_point, setle_dt, del_yn, creator_seq, cre_dt, updator_seq, upd_dt) values (103,104,102,'정기 정산',24000, 41000,'2023-09-14','N',100,now(),100,now());
insert into td_setle(setle_seq, worker_seq, acount_seq, setle_desc, total_setle_point, accumult_point, setle_dt, del_yn, creator_seq, cre_dt, updator_seq, upd_dt) values (104,103,102,'정기 정산',27000, 72000,'2023-09-21','N',100,now(),100,now());
insert into td_setle(setle_seq, worker_seq, acount_seq, setle_desc, total_setle_point, accumult_point, setle_dt, del_yn, creator_seq, cre_dt, updator_seq, upd_dt) values (105,104,102,'정기 정산',28000, 69000,'2023-09-21','N',100,now(),100,now());
insert into td_setle(setle_seq, worker_seq, acount_seq, setle_desc, total_setle_point, accumult_point, setle_dt, del_yn, creator_seq, cre_dt, updator_seq, upd_dt) values (106,103,102,'정기 정산',27000, 99000,'2023-09-28','N',100,now(),100,now());
insert into td_setle(setle_seq, worker_seq, acount_seq, setle_desc, total_setle_point, accumult_point, setle_dt, del_yn, creator_seq, cre_dt, updator_seq, upd_dt) values (107,104,102,'정기 정산',32000,101000,'2023-09-28','N',100,now(),100,now());

insert into td_point(point_seq, user_seq, setle_seq, point_aplyto_cd, last_point, aplyto_point, del_yn, creator_seq, cre_dt, updator_seq, upd_dt) values (100,103,100,'POINT', 19000, 19000,'N',100,now(),100,now());
insert into td_point(point_seq, user_seq, setle_seq, point_aplyto_cd, last_point, aplyto_point, del_yn, creator_seq, cre_dt, updator_seq, upd_dt) values (101,104,101,'POINT', 17000, 17000,'N',100,now(),100,now());
insert into td_point(point_seq, user_seq, setle_seq, point_aplyto_cd, last_point, aplyto_point, del_yn, creator_seq, cre_dt, updator_seq, upd_dt) values (102,103,102,'POINT', 45000, 26000,'N',100,now(),100,now());
insert into td_point(point_seq, user_seq, setle_seq, point_aplyto_cd, last_point, aplyto_point, del_yn, creator_seq, cre_dt, updator_seq, upd_dt) values (103,104,103,'POINT', 41000, 24000,'N',100,now(),100,now());
insert into td_point(point_seq, user_seq, setle_seq, point_aplyto_cd, last_point, aplyto_point, del_yn, creator_seq, cre_dt, updator_seq, upd_dt) values (104,103,104,'POINT', 72000, 27000,'N',100,now(),100,now());
insert into td_point(point_seq, user_seq, setle_seq, point_aplyto_cd, last_point, aplyto_point, del_yn, creator_seq, cre_dt, updator_seq, upd_dt) values (105,104,105,'POINT', 69000, 28000,'N',100,now(),100,now());
insert into td_point(point_seq, user_seq, setle_seq, point_aplyto_cd, last_point, aplyto_point, del_yn, creator_seq, cre_dt, updator_seq, upd_dt) values (106,103,106,'POINT', 99000, 27000,'N',100,now(),100,now());
insert into td_point(point_seq, user_seq, setle_seq, point_aplyto_cd, last_point, aplyto_point, del_yn, creator_seq, cre_dt, updator_seq, upd_dt) values (107,104,107,'POINT',101000, 32000,'N',100,now(),100,now());

insert into td_work_setle_map(setle_seq, work_seq, del_yn, creator_seq, cre_dt, updator_seq, upd_dt) values (100,100,'N',100,now(),100,now());
insert into td_work_setle_map(setle_seq, work_seq, del_yn, creator_seq, cre_dt, updator_seq, upd_dt) values (100,102,'N',100,now(),100,now());
insert into td_work_setle_map(setle_seq, work_seq, del_yn, creator_seq, cre_dt, updator_seq, upd_dt) values (100,104,'N',100,now(),100,now());
insert into td_work_setle_map(setle_seq, work_seq, del_yn, creator_seq, cre_dt, updator_seq, upd_dt) values (100,106,'N',100,now(),100,now());
insert into td_work_setle_map(setle_seq, work_seq, del_yn, creator_seq, cre_dt, updator_seq, upd_dt) values (100,108,'N',100,now(),100,now());
insert into td_work_setle_map(setle_seq, work_seq, del_yn, creator_seq, cre_dt, updator_seq, upd_dt) values (100,110,'N',100,now(),100,now());
insert into td_work_setle_map(setle_seq, work_seq, del_yn, creator_seq, cre_dt, updator_seq, upd_dt) values (100,112,'N',100,now(),100,now());
insert into td_work_setle_map(setle_seq, work_seq, del_yn, creator_seq, cre_dt, updator_seq, upd_dt) values (100,114,'N',100,now(),100,now());
insert into td_work_setle_map(setle_seq, work_seq, del_yn, creator_seq, cre_dt, updator_seq, upd_dt) values (100,116,'N',100,now(),100,now());
insert into td_work_setle_map(setle_seq, work_seq, del_yn, creator_seq, cre_dt, updator_seq, upd_dt) values (100,118,'N',100,now(),100,now());
insert into td_work_setle_map(setle_seq, work_seq, del_yn, creator_seq, cre_dt, updator_seq, upd_dt) values (100,120,'N',100,now(),100,now());
insert into td_work_setle_map(setle_seq, work_seq, del_yn, creator_seq, cre_dt, updator_seq, upd_dt) values (100,122,'N',100,now(),100,now());
insert into td_work_setle_map(setle_seq, work_seq, del_yn, creator_seq, cre_dt, updator_seq, upd_dt) values (100,124,'N',100,now(),100,now());
insert into td_work_setle_map(setle_seq, work_seq, del_yn, creator_seq, cre_dt, updator_seq, upd_dt) values (100,126,'N',100,now(),100,now());
insert into td_work_setle_map(setle_seq, work_seq, del_yn, creator_seq, cre_dt, updator_seq, upd_dt) values (100,127,'N',100,now(),100,now());
insert into td_work_setle_map(setle_seq, work_seq, del_yn, creator_seq, cre_dt, updator_seq, upd_dt) values (100,129,'N',100,now(),100,now());
insert into td_work_setle_map(setle_seq, work_seq, del_yn, creator_seq, cre_dt, updator_seq, upd_dt) values (100,131,'N',100,now(),100,now());
insert into td_work_setle_map(setle_seq, work_seq, del_yn, creator_seq, cre_dt, updator_seq, upd_dt) values (100,133,'N',100,now(),100,now());
insert into td_work_setle_map(setle_seq, work_seq, del_yn, creator_seq, cre_dt, updator_seq, upd_dt) values (100,135,'N',100,now(),100,now());
insert into td_work_setle_map(setle_seq, work_seq, del_yn, creator_seq, cre_dt, updator_seq, upd_dt) values (100,137,'N',100,now(),100,now());
insert into td_work_setle_map(setle_seq, work_seq, del_yn, creator_seq, cre_dt, updator_seq, upd_dt) values (100,139,'N',100,now(),100,now());
insert into td_work_setle_map(setle_seq, work_seq, del_yn, creator_seq, cre_dt, updator_seq, upd_dt) values (100,141,'N',100,now(),100,now());
insert into td_work_setle_map(setle_seq, work_seq, del_yn, creator_seq, cre_dt, updator_seq, upd_dt) values (100,143,'N',100,now(),100,now());
insert into td_work_setle_map(setle_seq, work_seq, del_yn, creator_seq, cre_dt, updator_seq, upd_dt) values (100,145,'N',100,now(),100,now());
insert into td_work_setle_map(setle_seq, work_seq, del_yn, creator_seq, cre_dt, updator_seq, upd_dt) values (100,147,'N',100,now(),100,now());
insert into td_work_setle_map(setle_seq, work_seq, del_yn, creator_seq, cre_dt, updator_seq, upd_dt) values (100,149,'N',100,now(),100,now());
insert into td_work_setle_map(setle_seq, work_seq, del_yn, creator_seq, cre_dt, updator_seq, upd_dt) values (101,101,'N',100,now(),100,now());
insert into td_work_setle_map(setle_seq, work_seq, del_yn, creator_seq, cre_dt, updator_seq, upd_dt) values (101,103,'N',100,now(),100,now());
insert into td_work_setle_map(setle_seq, work_seq, del_yn, creator_seq, cre_dt, updator_seq, upd_dt) values (101,105,'N',100,now(),100,now());
insert into td_work_setle_map(setle_seq, work_seq, del_yn, creator_seq, cre_dt, updator_seq, upd_dt) values (101,107,'N',100,now(),100,now());
insert into td_work_setle_map(setle_seq, work_seq, del_yn, creator_seq, cre_dt, updator_seq, upd_dt) values (101,109,'N',100,now(),100,now());
insert into td_work_setle_map(setle_seq, work_seq, del_yn, creator_seq, cre_dt, updator_seq, upd_dt) values (101,111,'N',100,now(),100,now());
insert into td_work_setle_map(setle_seq, work_seq, del_yn, creator_seq, cre_dt, updator_seq, upd_dt) values (101,113,'N',100,now(),100,now());
insert into td_work_setle_map(setle_seq, work_seq, del_yn, creator_seq, cre_dt, updator_seq, upd_dt) values (101,115,'N',100,now(),100,now());
insert into td_work_setle_map(setle_seq, work_seq, del_yn, creator_seq, cre_dt, updator_seq, upd_dt) values (101,117,'N',100,now(),100,now());
insert into td_work_setle_map(setle_seq, work_seq, del_yn, creator_seq, cre_dt, updator_seq, upd_dt) values (101,119,'N',100,now(),100,now());
insert into td_work_setle_map(setle_seq, work_seq, del_yn, creator_seq, cre_dt, updator_seq, upd_dt) values (101,121,'N',100,now(),100,now());
insert into td_work_setle_map(setle_seq, work_seq, del_yn, creator_seq, cre_dt, updator_seq, upd_dt) values (101,123,'N',100,now(),100,now());
insert into td_work_setle_map(setle_seq, work_seq, del_yn, creator_seq, cre_dt, updator_seq, upd_dt) values (101,125,'N',100,now(),100,now());
insert into td_work_setle_map(setle_seq, work_seq, del_yn, creator_seq, cre_dt, updator_seq, upd_dt) values (101,128,'N',100,now(),100,now());
insert into td_work_setle_map(setle_seq, work_seq, del_yn, creator_seq, cre_dt, updator_seq, upd_dt) values (101,130,'N',100,now(),100,now());
insert into td_work_setle_map(setle_seq, work_seq, del_yn, creator_seq, cre_dt, updator_seq, upd_dt) values (101,132,'N',100,now(),100,now());
insert into td_work_setle_map(setle_seq, work_seq, del_yn, creator_seq, cre_dt, updator_seq, upd_dt) values (101,134,'N',100,now(),100,now());
insert into td_work_setle_map(setle_seq, work_seq, del_yn, creator_seq, cre_dt, updator_seq, upd_dt) values (101,136,'N',100,now(),100,now());
insert into td_work_setle_map(setle_seq, work_seq, del_yn, creator_seq, cre_dt, updator_seq, upd_dt) values (101,138,'N',100,now(),100,now());
insert into td_work_setle_map(setle_seq, work_seq, del_yn, creator_seq, cre_dt, updator_seq, upd_dt) values (101,140,'N',100,now(),100,now());
insert into td_work_setle_map(setle_seq, work_seq, del_yn, creator_seq, cre_dt, updator_seq, upd_dt) values (101,142,'N',100,now(),100,now());
insert into td_work_setle_map(setle_seq, work_seq, del_yn, creator_seq, cre_dt, updator_seq, upd_dt) values (101,144,'N',100,now(),100,now());
insert into td_work_setle_map(setle_seq, work_seq, del_yn, creator_seq, cre_dt, updator_seq, upd_dt) values (101,146,'N',100,now(),100,now());
insert into td_work_setle_map(setle_seq, work_seq, del_yn, creator_seq, cre_dt, updator_seq, upd_dt) values (101,148,'N',100,now(),100,now());
insert into td_work_setle_map(setle_seq, work_seq, del_yn, creator_seq, cre_dt, updator_seq, upd_dt) values (101,150,'N',100,now(),100,now());
insert into td_work_setle_map(setle_seq, work_seq, del_yn, creator_seq, cre_dt, updator_seq, upd_dt) values (102,151,'N',100,now(),100,now());
insert into td_work_setle_map(setle_seq, work_seq, del_yn, creator_seq, cre_dt, updator_seq, upd_dt) values (102,153,'N',100,now(),100,now());
insert into td_work_setle_map(setle_seq, work_seq, del_yn, creator_seq, cre_dt, updator_seq, upd_dt) values (102,155,'N',100,now(),100,now());
insert into td_work_setle_map(setle_seq, work_seq, del_yn, creator_seq, cre_dt, updator_seq, upd_dt) values (102,157,'N',100,now(),100,now());
insert into td_work_setle_map(setle_seq, work_seq, del_yn, creator_seq, cre_dt, updator_seq, upd_dt) values (102,159,'N',100,now(),100,now());
insert into td_work_setle_map(setle_seq, work_seq, del_yn, creator_seq, cre_dt, updator_seq, upd_dt) values (102,161,'N',100,now(),100,now());
insert into td_work_setle_map(setle_seq, work_seq, del_yn, creator_seq, cre_dt, updator_seq, upd_dt) values (102,163,'N',100,now(),100,now());
insert into td_work_setle_map(setle_seq, work_seq, del_yn, creator_seq, cre_dt, updator_seq, upd_dt) values (102,165,'N',100,now(),100,now());
insert into td_work_setle_map(setle_seq, work_seq, del_yn, creator_seq, cre_dt, updator_seq, upd_dt) values (102,167,'N',100,now(),100,now());
insert into td_work_setle_map(setle_seq, work_seq, del_yn, creator_seq, cre_dt, updator_seq, upd_dt) values (102,169,'N',100,now(),100,now());
insert into td_work_setle_map(setle_seq, work_seq, del_yn, creator_seq, cre_dt, updator_seq, upd_dt) values (102,171,'N',100,now(),100,now());
insert into td_work_setle_map(setle_seq, work_seq, del_yn, creator_seq, cre_dt, updator_seq, upd_dt) values (102,173,'N',100,now(),100,now());
insert into td_work_setle_map(setle_seq, work_seq, del_yn, creator_seq, cre_dt, updator_seq, upd_dt) values (102,175,'N',100,now(),100,now());
insert into td_work_setle_map(setle_seq, work_seq, del_yn, creator_seq, cre_dt, updator_seq, upd_dt) values (102,177,'N',100,now(),100,now());
insert into td_work_setle_map(setle_seq, work_seq, del_yn, creator_seq, cre_dt, updator_seq, upd_dt) values (102,179,'N',100,now(),100,now());
insert into td_work_setle_map(setle_seq, work_seq, del_yn, creator_seq, cre_dt, updator_seq, upd_dt) values (102,181,'N',100,now(),100,now());
insert into td_work_setle_map(setle_seq, work_seq, del_yn, creator_seq, cre_dt, updator_seq, upd_dt) values (102,183,'N',100,now(),100,now());
insert into td_work_setle_map(setle_seq, work_seq, del_yn, creator_seq, cre_dt, updator_seq, upd_dt) values (102,185,'N',100,now(),100,now());
insert into td_work_setle_map(setle_seq, work_seq, del_yn, creator_seq, cre_dt, updator_seq, upd_dt) values (102,187,'N',100,now(),100,now());
insert into td_work_setle_map(setle_seq, work_seq, del_yn, creator_seq, cre_dt, updator_seq, upd_dt) values (102,189,'N',100,now(),100,now());
insert into td_work_setle_map(setle_seq, work_seq, del_yn, creator_seq, cre_dt, updator_seq, upd_dt) values (102,191,'N',100,now(),100,now());
insert into td_work_setle_map(setle_seq, work_seq, del_yn, creator_seq, cre_dt, updator_seq, upd_dt) values (102,193,'N',100,now(),100,now());
insert into td_work_setle_map(setle_seq, work_seq, del_yn, creator_seq, cre_dt, updator_seq, upd_dt) values (102,195,'N',100,now(),100,now());
insert into td_work_setle_map(setle_seq, work_seq, del_yn, creator_seq, cre_dt, updator_seq, upd_dt) values (102,197,'N',100,now(),100,now());
insert into td_work_setle_map(setle_seq, work_seq, del_yn, creator_seq, cre_dt, updator_seq, upd_dt) values (102,199,'N',100,now(),100,now());
insert into td_work_setle_map(setle_seq, work_seq, del_yn, creator_seq, cre_dt, updator_seq, upd_dt) values (102,201,'N',100,now(),100,now());
insert into td_work_setle_map(setle_seq, work_seq, del_yn, creator_seq, cre_dt, updator_seq, upd_dt) values (102,203,'N',100,now(),100,now());
insert into td_work_setle_map(setle_seq, work_seq, del_yn, creator_seq, cre_dt, updator_seq, upd_dt) values (102,205,'N',100,now(),100,now());
insert into td_work_setle_map(setle_seq, work_seq, del_yn, creator_seq, cre_dt, updator_seq, upd_dt) values (103,152,'N',100,now(),100,now());
insert into td_work_setle_map(setle_seq, work_seq, del_yn, creator_seq, cre_dt, updator_seq, upd_dt) values (103,154,'N',100,now(),100,now());
insert into td_work_setle_map(setle_seq, work_seq, del_yn, creator_seq, cre_dt, updator_seq, upd_dt) values (103,156,'N',100,now(),100,now());
insert into td_work_setle_map(setle_seq, work_seq, del_yn, creator_seq, cre_dt, updator_seq, upd_dt) values (103,158,'N',100,now(),100,now());
insert into td_work_setle_map(setle_seq, work_seq, del_yn, creator_seq, cre_dt, updator_seq, upd_dt) values (103,160,'N',100,now(),100,now());
insert into td_work_setle_map(setle_seq, work_seq, del_yn, creator_seq, cre_dt, updator_seq, upd_dt) values (103,162,'N',100,now(),100,now());
insert into td_work_setle_map(setle_seq, work_seq, del_yn, creator_seq, cre_dt, updator_seq, upd_dt) values (103,164,'N',100,now(),100,now());
insert into td_work_setle_map(setle_seq, work_seq, del_yn, creator_seq, cre_dt, updator_seq, upd_dt) values (103,166,'N',100,now(),100,now());
insert into td_work_setle_map(setle_seq, work_seq, del_yn, creator_seq, cre_dt, updator_seq, upd_dt) values (103,168,'N',100,now(),100,now());
insert into td_work_setle_map(setle_seq, work_seq, del_yn, creator_seq, cre_dt, updator_seq, upd_dt) values (103,170,'N',100,now(),100,now());
insert into td_work_setle_map(setle_seq, work_seq, del_yn, creator_seq, cre_dt, updator_seq, upd_dt) values (103,172,'N',100,now(),100,now());
insert into td_work_setle_map(setle_seq, work_seq, del_yn, creator_seq, cre_dt, updator_seq, upd_dt) values (103,174,'N',100,now(),100,now());
insert into td_work_setle_map(setle_seq, work_seq, del_yn, creator_seq, cre_dt, updator_seq, upd_dt) values (103,176,'N',100,now(),100,now());
insert into td_work_setle_map(setle_seq, work_seq, del_yn, creator_seq, cre_dt, updator_seq, upd_dt) values (103,178,'N',100,now(),100,now());
insert into td_work_setle_map(setle_seq, work_seq, del_yn, creator_seq, cre_dt, updator_seq, upd_dt) values (103,180,'N',100,now(),100,now());
insert into td_work_setle_map(setle_seq, work_seq, del_yn, creator_seq, cre_dt, updator_seq, upd_dt) values (103,182,'N',100,now(),100,now());
insert into td_work_setle_map(setle_seq, work_seq, del_yn, creator_seq, cre_dt, updator_seq, upd_dt) values (103,184,'N',100,now(),100,now());
insert into td_work_setle_map(setle_seq, work_seq, del_yn, creator_seq, cre_dt, updator_seq, upd_dt) values (103,186,'N',100,now(),100,now());
insert into td_work_setle_map(setle_seq, work_seq, del_yn, creator_seq, cre_dt, updator_seq, upd_dt) values (103,188,'N',100,now(),100,now());
insert into td_work_setle_map(setle_seq, work_seq, del_yn, creator_seq, cre_dt, updator_seq, upd_dt) values (103,190,'N',100,now(),100,now());
insert into td_work_setle_map(setle_seq, work_seq, del_yn, creator_seq, cre_dt, updator_seq, upd_dt) values (103,192,'N',100,now(),100,now());
insert into td_work_setle_map(setle_seq, work_seq, del_yn, creator_seq, cre_dt, updator_seq, upd_dt) values (103,194,'N',100,now(),100,now());
insert into td_work_setle_map(setle_seq, work_seq, del_yn, creator_seq, cre_dt, updator_seq, upd_dt) values (103,196,'N',100,now(),100,now());
insert into td_work_setle_map(setle_seq, work_seq, del_yn, creator_seq, cre_dt, updator_seq, upd_dt) values (103,198,'N',100,now(),100,now());
insert into td_work_setle_map(setle_seq, work_seq, del_yn, creator_seq, cre_dt, updator_seq, upd_dt) values (103,200,'N',100,now(),100,now());
insert into td_work_setle_map(setle_seq, work_seq, del_yn, creator_seq, cre_dt, updator_seq, upd_dt) values (103,202,'N',100,now(),100,now());
insert into td_work_setle_map(setle_seq, work_seq, del_yn, creator_seq, cre_dt, updator_seq, upd_dt) values (103,204,'N',100,now(),100,now());
insert into td_work_setle_map(setle_seq, work_seq, del_yn, creator_seq, cre_dt, updator_seq, upd_dt) values (103,206,'N',100,now(),100,now());
insert into td_work_setle_map(setle_seq, work_seq, del_yn, creator_seq, cre_dt, updator_seq, upd_dt) values (104,207,'N',100,now(),100,now());
insert into td_work_setle_map(setle_seq, work_seq, del_yn, creator_seq, cre_dt, updator_seq, upd_dt) values (104,209,'N',100,now(),100,now());
insert into td_work_setle_map(setle_seq, work_seq, del_yn, creator_seq, cre_dt, updator_seq, upd_dt) values (104,211,'N',100,now(),100,now());
insert into td_work_setle_map(setle_seq, work_seq, del_yn, creator_seq, cre_dt, updator_seq, upd_dt) values (104,213,'N',100,now(),100,now());
insert into td_work_setle_map(setle_seq, work_seq, del_yn, creator_seq, cre_dt, updator_seq, upd_dt) values (104,215,'N',100,now(),100,now());
insert into td_work_setle_map(setle_seq, work_seq, del_yn, creator_seq, cre_dt, updator_seq, upd_dt) values (104,217,'N',100,now(),100,now());
insert into td_work_setle_map(setle_seq, work_seq, del_yn, creator_seq, cre_dt, updator_seq, upd_dt) values (104,219,'N',100,now(),100,now());
insert into td_work_setle_map(setle_seq, work_seq, del_yn, creator_seq, cre_dt, updator_seq, upd_dt) values (104,221,'N',100,now(),100,now());
insert into td_work_setle_map(setle_seq, work_seq, del_yn, creator_seq, cre_dt, updator_seq, upd_dt) values (104,223,'N',100,now(),100,now());
insert into td_work_setle_map(setle_seq, work_seq, del_yn, creator_seq, cre_dt, updator_seq, upd_dt) values (104,226,'N',100,now(),100,now());
insert into td_work_setle_map(setle_seq, work_seq, del_yn, creator_seq, cre_dt, updator_seq, upd_dt) values (104,228,'N',100,now(),100,now());
insert into td_work_setle_map(setle_seq, work_seq, del_yn, creator_seq, cre_dt, updator_seq, upd_dt) values (104,230,'N',100,now(),100,now());
insert into td_work_setle_map(setle_seq, work_seq, del_yn, creator_seq, cre_dt, updator_seq, upd_dt) values (104,232,'N',100,now(),100,now());
insert into td_work_setle_map(setle_seq, work_seq, del_yn, creator_seq, cre_dt, updator_seq, upd_dt) values (104,234,'N',100,now(),100,now());
insert into td_work_setle_map(setle_seq, work_seq, del_yn, creator_seq, cre_dt, updator_seq, upd_dt) values (104,236,'N',100,now(),100,now());
insert into td_work_setle_map(setle_seq, work_seq, del_yn, creator_seq, cre_dt, updator_seq, upd_dt) values (104,238,'N',100,now(),100,now());
insert into td_work_setle_map(setle_seq, work_seq, del_yn, creator_seq, cre_dt, updator_seq, upd_dt) values (104,240,'N',100,now(),100,now());
insert into td_work_setle_map(setle_seq, work_seq, del_yn, creator_seq, cre_dt, updator_seq, upd_dt) values (104,242,'N',100,now(),100,now());
insert into td_work_setle_map(setle_seq, work_seq, del_yn, creator_seq, cre_dt, updator_seq, upd_dt) values (104,243,'N',100,now(),100,now());
insert into td_work_setle_map(setle_seq, work_seq, del_yn, creator_seq, cre_dt, updator_seq, upd_dt) values (104,245,'N',100,now(),100,now());
insert into td_work_setle_map(setle_seq, work_seq, del_yn, creator_seq, cre_dt, updator_seq, upd_dt) values (104,247,'N',100,now(),100,now());
insert into td_work_setle_map(setle_seq, work_seq, del_yn, creator_seq, cre_dt, updator_seq, upd_dt) values (104,249,'N',100,now(),100,now());
insert into td_work_setle_map(setle_seq, work_seq, del_yn, creator_seq, cre_dt, updator_seq, upd_dt) values (104,251,'N',100,now(),100,now());
insert into td_work_setle_map(setle_seq, work_seq, del_yn, creator_seq, cre_dt, updator_seq, upd_dt) values (104,253,'N',100,now(),100,now());
insert into td_work_setle_map(setle_seq, work_seq, del_yn, creator_seq, cre_dt, updator_seq, upd_dt) values (104,255,'N',100,now(),100,now());
insert into td_work_setle_map(setle_seq, work_seq, del_yn, creator_seq, cre_dt, updator_seq, upd_dt) values (104,257,'N',100,now(),100,now());
insert into td_work_setle_map(setle_seq, work_seq, del_yn, creator_seq, cre_dt, updator_seq, upd_dt) values (104,259,'N',100,now(),100,now());
insert into td_work_setle_map(setle_seq, work_seq, del_yn, creator_seq, cre_dt, updator_seq, upd_dt) values (104,261,'N',100,now(),100,now());
insert into td_work_setle_map(setle_seq, work_seq, del_yn, creator_seq, cre_dt, updator_seq, upd_dt) values (104,263,'N',100,now(),100,now());
insert into td_work_setle_map(setle_seq, work_seq, del_yn, creator_seq, cre_dt, updator_seq, upd_dt) values (104,265,'N',100,now(),100,now());
insert into td_work_setle_map(setle_seq, work_seq, del_yn, creator_seq, cre_dt, updator_seq, upd_dt) values (105,208,'N',100,now(),100,now());
insert into td_work_setle_map(setle_seq, work_seq, del_yn, creator_seq, cre_dt, updator_seq, upd_dt) values (105,210,'N',100,now(),100,now());
insert into td_work_setle_map(setle_seq, work_seq, del_yn, creator_seq, cre_dt, updator_seq, upd_dt) values (105,212,'N',100,now(),100,now());
insert into td_work_setle_map(setle_seq, work_seq, del_yn, creator_seq, cre_dt, updator_seq, upd_dt) values (105,214,'N',100,now(),100,now());
insert into td_work_setle_map(setle_seq, work_seq, del_yn, creator_seq, cre_dt, updator_seq, upd_dt) values (105,216,'N',100,now(),100,now());
insert into td_work_setle_map(setle_seq, work_seq, del_yn, creator_seq, cre_dt, updator_seq, upd_dt) values (105,218,'N',100,now(),100,now());
insert into td_work_setle_map(setle_seq, work_seq, del_yn, creator_seq, cre_dt, updator_seq, upd_dt) values (105,220,'N',100,now(),100,now());
insert into td_work_setle_map(setle_seq, work_seq, del_yn, creator_seq, cre_dt, updator_seq, upd_dt) values (105,222,'N',100,now(),100,now());
insert into td_work_setle_map(setle_seq, work_seq, del_yn, creator_seq, cre_dt, updator_seq, upd_dt) values (105,224,'N',100,now(),100,now());
insert into td_work_setle_map(setle_seq, work_seq, del_yn, creator_seq, cre_dt, updator_seq, upd_dt) values (105,225,'N',100,now(),100,now());
insert into td_work_setle_map(setle_seq, work_seq, del_yn, creator_seq, cre_dt, updator_seq, upd_dt) values (105,227,'N',100,now(),100,now());
insert into td_work_setle_map(setle_seq, work_seq, del_yn, creator_seq, cre_dt, updator_seq, upd_dt) values (105,229,'N',100,now(),100,now());
insert into td_work_setle_map(setle_seq, work_seq, del_yn, creator_seq, cre_dt, updator_seq, upd_dt) values (105,231,'N',100,now(),100,now());
insert into td_work_setle_map(setle_seq, work_seq, del_yn, creator_seq, cre_dt, updator_seq, upd_dt) values (105,233,'N',100,now(),100,now());
insert into td_work_setle_map(setle_seq, work_seq, del_yn, creator_seq, cre_dt, updator_seq, upd_dt) values (105,235,'N',100,now(),100,now());
insert into td_work_setle_map(setle_seq, work_seq, del_yn, creator_seq, cre_dt, updator_seq, upd_dt) values (105,237,'N',100,now(),100,now());
insert into td_work_setle_map(setle_seq, work_seq, del_yn, creator_seq, cre_dt, updator_seq, upd_dt) values (105,239,'N',100,now(),100,now());
insert into td_work_setle_map(setle_seq, work_seq, del_yn, creator_seq, cre_dt, updator_seq, upd_dt) values (105,241,'N',100,now(),100,now());
insert into td_work_setle_map(setle_seq, work_seq, del_yn, creator_seq, cre_dt, updator_seq, upd_dt) values (105,244,'N',100,now(),100,now());
insert into td_work_setle_map(setle_seq, work_seq, del_yn, creator_seq, cre_dt, updator_seq, upd_dt) values (105,246,'N',100,now(),100,now());
insert into td_work_setle_map(setle_seq, work_seq, del_yn, creator_seq, cre_dt, updator_seq, upd_dt) values (105,248,'N',100,now(),100,now());
insert into td_work_setle_map(setle_seq, work_seq, del_yn, creator_seq, cre_dt, updator_seq, upd_dt) values (105,250,'N',100,now(),100,now());
insert into td_work_setle_map(setle_seq, work_seq, del_yn, creator_seq, cre_dt, updator_seq, upd_dt) values (105,252,'N',100,now(),100,now());
insert into td_work_setle_map(setle_seq, work_seq, del_yn, creator_seq, cre_dt, updator_seq, upd_dt) values (105,254,'N',100,now(),100,now());
insert into td_work_setle_map(setle_seq, work_seq, del_yn, creator_seq, cre_dt, updator_seq, upd_dt) values (105,256,'N',100,now(),100,now());
insert into td_work_setle_map(setle_seq, work_seq, del_yn, creator_seq, cre_dt, updator_seq, upd_dt) values (105,258,'N',100,now(),100,now());
insert into td_work_setle_map(setle_seq, work_seq, del_yn, creator_seq, cre_dt, updator_seq, upd_dt) values (105,260,'N',100,now(),100,now());
insert into td_work_setle_map(setle_seq, work_seq, del_yn, creator_seq, cre_dt, updator_seq, upd_dt) values (105,262,'N',100,now(),100,now());
insert into td_work_setle_map(setle_seq, work_seq, del_yn, creator_seq, cre_dt, updator_seq, upd_dt) values (105,264,'N',100,now(),100,now());
insert into td_work_setle_map(setle_seq, work_seq, del_yn, creator_seq, cre_dt, updator_seq, upd_dt) values (105,266,'N',100,now(),100,now());
insert into td_work_setle_map(setle_seq, work_seq, del_yn, creator_seq, cre_dt, updator_seq, upd_dt) values (106,267,'N',100,now(),100,now());
insert into td_work_setle_map(setle_seq, work_seq, del_yn, creator_seq, cre_dt, updator_seq, upd_dt) values (106,269,'N',100,now(),100,now());
insert into td_work_setle_map(setle_seq, work_seq, del_yn, creator_seq, cre_dt, updator_seq, upd_dt) values (106,271,'N',100,now(),100,now());
insert into td_work_setle_map(setle_seq, work_seq, del_yn, creator_seq, cre_dt, updator_seq, upd_dt) values (106,273,'N',100,now(),100,now());
insert into td_work_setle_map(setle_seq, work_seq, del_yn, creator_seq, cre_dt, updator_seq, upd_dt) values (106,277,'N',100,now(),100,now());
insert into td_work_setle_map(setle_seq, work_seq, del_yn, creator_seq, cre_dt, updator_seq, upd_dt) values (106,279,'N',100,now(),100,now());
insert into td_work_setle_map(setle_seq, work_seq, del_yn, creator_seq, cre_dt, updator_seq, upd_dt) values (106,281,'N',100,now(),100,now());
insert into td_work_setle_map(setle_seq, work_seq, del_yn, creator_seq, cre_dt, updator_seq, upd_dt) values (106,283,'N',100,now(),100,now());
insert into td_work_setle_map(setle_seq, work_seq, del_yn, creator_seq, cre_dt, updator_seq, upd_dt) values (106,285,'N',100,now(),100,now());
insert into td_work_setle_map(setle_seq, work_seq, del_yn, creator_seq, cre_dt, updator_seq, upd_dt) values (106,287,'N',100,now(),100,now());
insert into td_work_setle_map(setle_seq, work_seq, del_yn, creator_seq, cre_dt, updator_seq, upd_dt) values (106,289,'N',100,now(),100,now());
insert into td_work_setle_map(setle_seq, work_seq, del_yn, creator_seq, cre_dt, updator_seq, upd_dt) values (106,291,'N',100,now(),100,now());
insert into td_work_setle_map(setle_seq, work_seq, del_yn, creator_seq, cre_dt, updator_seq, upd_dt) values (106,293,'N',100,now(),100,now());
insert into td_work_setle_map(setle_seq, work_seq, del_yn, creator_seq, cre_dt, updator_seq, upd_dt) values (106,295,'N',100,now(),100,now());
insert into td_work_setle_map(setle_seq, work_seq, del_yn, creator_seq, cre_dt, updator_seq, upd_dt) values (106,297,'N',100,now(),100,now());
insert into td_work_setle_map(setle_seq, work_seq, del_yn, creator_seq, cre_dt, updator_seq, upd_dt) values (106,299,'N',100,now(),100,now());
insert into td_work_setle_map(setle_seq, work_seq, del_yn, creator_seq, cre_dt, updator_seq, upd_dt) values (106,301,'N',100,now(),100,now());
insert into td_work_setle_map(setle_seq, work_seq, del_yn, creator_seq, cre_dt, updator_seq, upd_dt) values (106,303,'N',100,now(),100,now());
insert into td_work_setle_map(setle_seq, work_seq, del_yn, creator_seq, cre_dt, updator_seq, upd_dt) values (106,305,'N',100,now(),100,now());
insert into td_work_setle_map(setle_seq, work_seq, del_yn, creator_seq, cre_dt, updator_seq, upd_dt) values (106,307,'N',100,now(),100,now());
insert into td_work_setle_map(setle_seq, work_seq, del_yn, creator_seq, cre_dt, updator_seq, upd_dt) values (106,309,'N',100,now(),100,now());
insert into td_work_setle_map(setle_seq, work_seq, del_yn, creator_seq, cre_dt, updator_seq, upd_dt) values (106,311,'N',100,now(),100,now());
insert into td_work_setle_map(setle_seq, work_seq, del_yn, creator_seq, cre_dt, updator_seq, upd_dt) values (106,313,'N',100,now(),100,now());
insert into td_work_setle_map(setle_seq, work_seq, del_yn, creator_seq, cre_dt, updator_seq, upd_dt) values (106,315,'N',100,now(),100,now());
insert into td_work_setle_map(setle_seq, work_seq, del_yn, creator_seq, cre_dt, updator_seq, upd_dt) values (106,317,'N',100,now(),100,now());
insert into td_work_setle_map(setle_seq, work_seq, del_yn, creator_seq, cre_dt, updator_seq, upd_dt) values (106,319,'N',100,now(),100,now());
insert into td_work_setle_map(setle_seq, work_seq, del_yn, creator_seq, cre_dt, updator_seq, upd_dt) values (106,321,'N',100,now(),100,now());
insert into td_work_setle_map(setle_seq, work_seq, del_yn, creator_seq, cre_dt, updator_seq, upd_dt) values (106,323,'N',100,now(),100,now());
insert into td_work_setle_map(setle_seq, work_seq, del_yn, creator_seq, cre_dt, updator_seq, upd_dt) values (107,268,'N',100,now(),100,now());
insert into td_work_setle_map(setle_seq, work_seq, del_yn, creator_seq, cre_dt, updator_seq, upd_dt) values (107,270,'N',100,now(),100,now());
insert into td_work_setle_map(setle_seq, work_seq, del_yn, creator_seq, cre_dt, updator_seq, upd_dt) values (107,272,'N',100,now(),100,now());
insert into td_work_setle_map(setle_seq, work_seq, del_yn, creator_seq, cre_dt, updator_seq, upd_dt) values (107,274,'N',100,now(),100,now());
insert into td_work_setle_map(setle_seq, work_seq, del_yn, creator_seq, cre_dt, updator_seq, upd_dt) values (107,275,'N',100,now(),100,now());
insert into td_work_setle_map(setle_seq, work_seq, del_yn, creator_seq, cre_dt, updator_seq, upd_dt) values (107,276,'N',100,now(),100,now());
insert into td_work_setle_map(setle_seq, work_seq, del_yn, creator_seq, cre_dt, updator_seq, upd_dt) values (107,278,'N',100,now(),100,now());
insert into td_work_setle_map(setle_seq, work_seq, del_yn, creator_seq, cre_dt, updator_seq, upd_dt) values (107,280,'N',100,now(),100,now());
insert into td_work_setle_map(setle_seq, work_seq, del_yn, creator_seq, cre_dt, updator_seq, upd_dt) values (107,282,'N',100,now(),100,now());
insert into td_work_setle_map(setle_seq, work_seq, del_yn, creator_seq, cre_dt, updator_seq, upd_dt) values (107,284,'N',100,now(),100,now());
insert into td_work_setle_map(setle_seq, work_seq, del_yn, creator_seq, cre_dt, updator_seq, upd_dt) values (107,286,'N',100,now(),100,now());
insert into td_work_setle_map(setle_seq, work_seq, del_yn, creator_seq, cre_dt, updator_seq, upd_dt) values (107,288,'N',100,now(),100,now());
insert into td_work_setle_map(setle_seq, work_seq, del_yn, creator_seq, cre_dt, updator_seq, upd_dt) values (107,290,'N',100,now(),100,now());
insert into td_work_setle_map(setle_seq, work_seq, del_yn, creator_seq, cre_dt, updator_seq, upd_dt) values (107,292,'N',100,now(),100,now());
insert into td_work_setle_map(setle_seq, work_seq, del_yn, creator_seq, cre_dt, updator_seq, upd_dt) values (107,294,'N',100,now(),100,now());
insert into td_work_setle_map(setle_seq, work_seq, del_yn, creator_seq, cre_dt, updator_seq, upd_dt) values (107,296,'N',100,now(),100,now());
insert into td_work_setle_map(setle_seq, work_seq, del_yn, creator_seq, cre_dt, updator_seq, upd_dt) values (107,298,'N',100,now(),100,now());
insert into td_work_setle_map(setle_seq, work_seq, del_yn, creator_seq, cre_dt, updator_seq, upd_dt) values (107,300,'N',100,now(),100,now());
insert into td_work_setle_map(setle_seq, work_seq, del_yn, creator_seq, cre_dt, updator_seq, upd_dt) values (107,302,'N',100,now(),100,now());
insert into td_work_setle_map(setle_seq, work_seq, del_yn, creator_seq, cre_dt, updator_seq, upd_dt) values (107,304,'N',100,now(),100,now());
insert into td_work_setle_map(setle_seq, work_seq, del_yn, creator_seq, cre_dt, updator_seq, upd_dt) values (107,306,'N',100,now(),100,now());
insert into td_work_setle_map(setle_seq, work_seq, del_yn, creator_seq, cre_dt, updator_seq, upd_dt) values (107,308,'N',100,now(),100,now());
insert into td_work_setle_map(setle_seq, work_seq, del_yn, creator_seq, cre_dt, updator_seq, upd_dt) values (107,310,'N',100,now(),100,now());
insert into td_work_setle_map(setle_seq, work_seq, del_yn, creator_seq, cre_dt, updator_seq, upd_dt) values (107,312,'N',100,now(),100,now());
insert into td_work_setle_map(setle_seq, work_seq, del_yn, creator_seq, cre_dt, updator_seq, upd_dt) values (107,314,'N',100,now(),100,now());
insert into td_work_setle_map(setle_seq, work_seq, del_yn, creator_seq, cre_dt, updator_seq, upd_dt) values (107,316,'N',100,now(),100,now());
insert into td_work_setle_map(setle_seq, work_seq, del_yn, creator_seq, cre_dt, updator_seq, upd_dt) values (107,318,'N',100,now(),100,now());
insert into td_work_setle_map(setle_seq, work_seq, del_yn, creator_seq, cre_dt, updator_seq, upd_dt) values (107,320,'N',100,now(),100,now());
insert into td_work_setle_map(setle_seq, work_seq, del_yn, creator_seq, cre_dt, updator_seq, upd_dt) values (107,322,'N',100,now(),100,now());
insert into td_work_setle_map(setle_seq, work_seq, del_yn, creator_seq, cre_dt, updator_seq, upd_dt) values (107,324,'N',100,now(),100,now());

